platform,campaign,file,phase,corpus,case,variant,repeat,epsilon,delta_ptr,sla_s,n,online,request_s,edge_s,cloud_s,privacy_s,retrieval_s,expected_s,planning_s,error_s,planning_error_s,overrun_s,violation,release,keywords,raw_label,local_output_tokens,started_at,refresh_ms,refresh_performed,raw_sha256,provider_error,review_id,review_code,target_success,e42_core_success,e42_strict,e42_no_material_extra,success_within_sla
Mac,campagna_mac_replica_2026-09-26,run_000.json,C3_offline,ticket,procedura_e42,adaptive,2,4,0.0001,15.0,25,False,14.02826004200324,14.021210999999312,0.0,0.003446832997724414,0.003430458004004322,14.493915717141464,14.493915717141464,-0.46565567513822437,-0.46565567513822437,0,False,False,[],insufficienti,611,1790409050.3272371,0,False,397ac3b214594a061b9b5c18142458a779c7d1d5d81be37b4b51ed7fc70b8379,,,,,,,,
Mac,campagna_mac_replica_2026-09-26,run_001.json,C3_offline,ticket,procedura_e42,fixed_20,4,4,0.0001,30.0,20,False,11.577851708003436,11.569475834010518,0.0,0.0007833330018911511,0.0073558750009397045,11.635132573713172,11.635132573713172,-0.05728086570973545,-0.05728086570973545,0,False,False,[],insufficienti,513,1790409064.3591318,0,False,3192fb679c624d0dabf7b7d36563665078a26a38f86c4ae338f9cb83c8134eee,,,,,,,,
Mac,campagna_mac_replica_2026-09-26,run_002.json,C3_offline,ticket,procedura_e42,fixed_20,0,4,0.0001,15.0,20,False,10.906887457997072,10.898829957994167,0.0,0.0007570000016130507,0.007077792004565708,11.635132573713172,11.635132573713172,-0.7282451157160992,-0.7282451157160992,0,False,False,[],insufficienti,492,1790409075.9415748,0,False,b7ba1921cf3345402853b291a1bb298f42b19f7fbc71b445d026e9984bd768b2,,,,,,,,
Mac,campagna_mac_replica_2026-09-26,run_003.json,C3_offline,ticket,procedura_e42,fixed_10,2,4,0.0001,30.0,10,False,5.406286874989746,5.398153208006988,0.0,0.00047733300016261637,0.007402250004815869,5.917566286856586,5.917566286856586,-0.5112794118668402,-0.5112794118668402,0,False,False,[],insufficienti,231,1790409086.8527958,0,False,70f16120ff64c91b6b53cbd85586cf6853fd680a4ab2f44478a71a44ea4a067f,,,,,,,,
Mac,campagna_mac_replica_2026-09-26,run_004.json,C3_offline,ticket,procedura_e42,fixed_40,4,4,0.0001,15.0,40,False,23.435209957999177,23.425775499999872,0.0,0.0013073750014882535,0.00788783299503848,23.070265147426344,23.070265147426344,0.36494481057283323,0.36494481057283323,8.435209957999177,True,False,[],insufficienti,1048,1790409092.263662,0,False,8dde201142e218cfab6d223c96e55e5197648ce2719adc43a073a3a4626cc74d,,,,,,,,
Mac,campagna_mac_replica_2026-09-26,run_005.json,C3_offline,ticket,procedura_e42,fixed_10,1,4,0.0001,30.0,10,False,6.198359999994864,6.1904033749888185,0.0,0.0006125830113887787,0.007134667001082562,5.917566286856586,5.917566286856586,0.2807937131382774,0.2807937131382774,0,False,False,[],insufficienti,290,1790409115.702775,0,False,3e88c00eb95d74623ee70875fce8fb1d5552b6d208c35fbc91c28a3caf148853,,,,,,,,
Mac,campagna_mac_replica_2026-09-26,run_006.json,C3_offline,salary,base_t,fixed_5,1,4,0.0001,30.0,5,False,1.50978441699408,1.5008574170060456,0.0,0.0003128749958705157,0.00838649999059271,3.058783143428293,3.058783143428293,-1.5489987264342129,-1.5489987264342129,0,False,False,[],insufficienti,25,1790409121.906058,0,False,1699430f1529ede7257c6f7d1b66cc9980b7216b5c52c938ad766fc1a1331bb1,,,,,,,,
Mac,campagna_mac_replica_2026-09-26,run_007.json,C3_offline,ticket,procedura_e42,fixed_5,0,4,0.0001,15.0,5,False,2.7679571250046138,2.7596274579991587,0.0,0.0005258750024950132,0.007558792000054382,3.058783143428293,3.058783143428293,-0.29082601842367906,-0.29082601842367906,0,False,False,[],insufficienti,117,1790409123.420747,0,False,660221432057aa5ae11814333e6f7b7a4154e23c0e0b8bf3812fbf46476702aa,,,,,,,,
Mac,campagna_mac_replica_2026-09-26,run_008.json,C3_offline,salary,base_t,fixed_5,4,4,0.0001,5.0,5,False,1.513535292004235,1.5047144160052994,0.0,0.0003134160069748759,0.008299749999423511,3.058783143428293,3.058783143428293,-1.5452478514240577,-1.5452478514240577,0,False,False,[],insufficienti,25,1790409126.193491,0,False,8c3e49c9899c45cc87569bc7e2ec7114c254a13312d048642e1a2be8683936e1,,,,,,,,
Mac,campagna_mac_replica_2026-09-26,run_009.json,C3_offline,ticket,procedura_e42,fixed_40,2,4,0.0001,5.0,40,False,22.727106000005733,22.717869792002602,0.0,0.0016447090019937605,0.007327749990508892,23.070265147426344,23.070265147426344,-0.3431591474206108,-0.3431591474206108,17.727106000005733,True,True,"[""arrestare"", ""cache"", ""cancellare"", ""ferrosync"", ""locale"", ""riavviare"", ""ricorrere"", ""servizio"", ""tecnico""]",completo,998,1790409127.711858,0,False,3e93cf20923f6607a6689fb764cd06916dfc2cffee05f9d410e43c8d27726666,,,,,,,,
Mac,campagna_mac_replica_2026-09-26,run_010.json,C3_offline,ticket,procedura_e42,fixed_10,4,4,0.0001,30.0,10,False,5.935309500011499,5.926477291010087,0.0,0.0011555410019354895,0.007384374999674037,5.917566286856586,5.917566286856586,0.017743213154912674,0.017743213154912674,0,False,False,[],insufficienti,269,1790409150.443143,0,False,b8ba459ba621dceb9e72edb8f1db83612e3ea15f3aa8bc0ac1a5631107d6d575,,,,,,,,
Mac,campagna_mac_replica_2026-09-26,run_011.json,C3_offline,ticket,procedura_e42,fixed_5,4,4,0.0001,15.0,5,False,2.871427667007083,2.8625606249988778,0.0,0.00044708400673698634,0.008177582989446819,3.058783143428293,3.058783143428293,-0.18735547642120975,-0.18735547642120975,0,False,False,[],insufficienti,127,1790409156.3831942,0,False,f85be5be1570128240b0ae597c1bafe2dcee2799a0f6b3a6ad00d764b80cae1a,,,,,,,,
Mac,campagna_mac_replica_2026-09-26,run_012.json,C3_offline,ticket,procedura_e42,adaptive,3,4,0.0001,5.0,8,False,4.6401653750072,4.632208249997348,0.0,0.0005100839916849509,0.0072065840067807585,4.774053029485269,4.774053029485269,-0.13388765447806872,-0.13388765447806872,0,False,False,[],insufficienti,205,1790409159.259669,0,False,c16e9bcfa306e1330b8837f38d28e28adc80800b22aec27e1341117b4332b0eb,,,,,,,,
Mac,campagna_mac_replica_2026-09-26,run_013.json,C3_offline,ticket,procedura_e42,fixed_10,1,4,0.0001,15.0,10,False,5.629634375000023,5.621508041993366,0.0,0.0005506250017788261,0.007375249988399446,5.917566286856586,5.917566286856586,-0.2879319118565631,-0.2879319118565631,0,False,False,[],insufficienti,243,1790409163.904605,0,False,91d3024a60ed02e5333078d1666a6e276b34e54fe053b9976a5e2b3c56186789,,,,,,,,
Mac,campagna_mac_replica_2026-09-26,run_014.json,C3_offline,ticket,procedura_e42,fixed_5,0,4,0.0001,30.0,5,False,3.096943458003807,3.0888410420011496,0.0,0.0005069999897386879,0.007390416998532601,3.058783143428293,3.058783143428293,0.038160314575514054,0.038160314575514054,0,False,False,[],insufficienti,144,1790409169.539684,0,False,de26a0dd7aaae4bf8442a961a36b8d58c149a9fde3f8b2df76eaeeb0bd6aae30,,,,,,,,
Mac,campagna_mac_replica_2026-09-26,run_015.json,C3_offline,ticket,procedura_e42,adaptive,0,4,0.0001,30.0,40,False,23.141689249998308,23.13307141700352,0.0,0.0011573340016184375,0.0072317079902859405,23.070265147426344,23.070265147426344,0.07142410257196374,0.07142410257196374,0,False,False,[],insufficienti,1035,1790409172.6408079,0,False,03c41200466413f4387ac75a1193ae75d92273a4d6b187450d64f8582acd9d33,,,,,,,,
Mac,campagna_mac_replica_2026-09-26,run_016.json,C3_offline,salary,base_t,fixed_20,3,4,0.0001,15.0,20,False,6.003476666999632,5.994502874993486,0.0,0.0003529169916873798,0.008328333002282307,11.635132573713172,11.635132573713172,-5.63165590671354,-5.63165590671354,0,False,True,"[""42000""]",completo,100,1790409195.786803,0,False,c3f1cd71d0ff708a88d34464b3eb69708499ea7311ae797bfb5554fd757240ce,,,,,,,,
Mac,campagna_mac_replica_2026-09-26,run_017.json,C3_offline,ticket,procedura_e42,fixed_10,2,4,0.0001,15.0,10,False,5.690656708000461,5.682747291008127,0.0,0.0006194170127855614,0.0070820839900989085,5.917566286856586,5.917566286856586,-0.22690957885612573,-0.22690957885612573,0,False,False,[],insufficienti,252,1790409201.795084,0,False,47b9078cd135808f26419b23614548295194f77168f3589e3e05c73503d48328,,,,,,,,
Mac,campagna_mac_replica_2026-09-26,run_018.json,C3_offline,ticket,procedura_e42,fixed_20,3,4,0.0001,15.0,20,False,11.466774083994096,11.45848729100544,0.0,0.0010447919921716675,0.007001499994657934,11.635132573713172,11.635132573713172,-0.16835848971907552,-0.16835848971907552,0,False,False,[],insufficienti,506,1790409207.491455,0,False,56495a7bcfbfdca740a2c37b70fbda55f8f6fb21069e480c901ba08e097c63e9,,,,,,,,
Mac,campagna_mac_replica_2026-09-26,run_019.json,C3_offline,ticket,procedura_e42,fixed_5,2,4,0.0001,5.0,5,False,2.773052666991134,2.765199292000034,0.0,0.0004287920019123703,0.007227041991427541,3.058783143428293,3.058783143428293,-0.28573047643715865,-0.28573047643715865,0,False,False,[],insufficienti,122,1790409218.963783,0,False,ca58002538ab2eb2865d05c43f9d59d0f75c30ea2607854f1577653d03f51481,,,,,,,,
Mac,campagna_mac_replica_2026-09-26,run_020.json,C3_offline,salary,base_t,fixed_40,2,4,0.0001,5.0,40,False,12.56434487500519,12.548297875007847,0.0,0.007499665996874683,0.008240625000325963,23.070265147426344,23.070265147426344,-10.505920272421154,-10.505920272421154,7.56434487500519,True,True,"[""42000""]",completo,200,1790409221.7412422,0,False,22298f7ea8f12fa17b551946ebdca7173014f29529c4fae01454cb8f7aae54a8,,,,,,,,
Mac,campagna_mac_replica_2026-09-26,run_021.json,C3_offline,ticket,procedura_e42,fixed_10,1,4,0.0001,5.0,10,False,6.9993868750025285,6.988783291002619,0.0,0.0005150829965714365,0.009716874992591329,5.917566286856586,5.917566286856586,1.0818205881459422,1.0818205881459422,1.9993868750025285,True,False,[],insufficienti,263,1790409234.319753,0,False,15caa17d2c261587d62d391d2476cf22022ef5cf37081eb240b9d744838dbf65,,,,,,,,
Mac,campagna_mac_replica_2026-09-26,run_022.json,C3_offline,ticket,procedura_e42,adaptive,2,4,0.0001,5.0,8,False,6.830354459001683,6.817336666004849,0.0,0.005222207997576334,0.007432792001054622,4.774053029485269,4.774053029485269,2.056301429516414,2.056301429516414,1.8303544590016827,True,False,[],insufficienti,199,1790409241.323321,0,False,d4b1749e711a4e27db8a86bb3a43d59cfb84337ea2e2cf8be24abfd1d6e489d6,,,,,,,,
Mac,campagna_mac_replica_2026-09-26,run_023.json,C3_offline,ticket,procedura_e42,fixed_20,4,4,0.0001,15.0,20,False,12.969983041999512,12.962013041003956,0.0,0.0009236659971065819,0.006605665999813937,11.635132573713172,11.635132573713172,1.3348504682863407,1.3348504682863407,0,False,False,[],insufficienti,513,1790409248.159916,0,False,b99b0defb7ceb1514741ef51331ee2f14443d3630935dd38c8fe68f0ef5636ab,,,,,,,,
Mac,campagna_mac_replica_2026-09-26,run_024.json,C3_offline,ticket,procedura_e42,fixed_10,3,4,0.0001,15.0,10,False,6.663840249995701,6.656164457992418,0.0,0.0006184589874465019,0.006864167007734068,5.917566286856586,5.917566286856586,0.7462739631391146,0.7462739631391146,0,False,False,[],insufficienti,261,1790409261.1341062,0,False,316593f9c1c0cc75c29bd701dd5b7131385f52bf527dda1901eeaf59afe77f4a,,,,,,,,
Mac,campagna_mac_replica_2026-09-26,run_025.json,C3_offline,ticket,procedura_e42,fixed_20,1,4,0.0001,30.0,20,False,12.921422415995039,12.913700417004293,0.0,0.00037149999116081744,0.007163499991293065,11.635132573713172,11.635132573713172,1.2862898422818674,1.2862898422818674,0,False,False,[],insufficienti,500,1790409267.802784,0,False,38b8bd2f7143a364cc580cbf00206d046fdc7815d14c900c5a55722a3a671326,,,,,,,,
Mac,campagna_mac_replica_2026-09-26,run_026.json,C3_offline,salary,base_t,fixed_20,4,4,0.0001,5.0,20,False,6.561283083006856,6.556874957997934,0.0,0.0002024589921347797,0.004071374991326593,11.635132573713172,11.635132573713172,-5.073849490706316,-5.073849490706316,1.561283083006856,True,True,"[""42000""]",completo,100,1790409280.7266822,0,False,fca598f6f9b03eb09751056b2530480bfe3dde7908bccd416b5b898fbf981a1c,,,,,,,,
Mac,campagna_mac_replica_2026-09-26,run_027.json,C3_offline,ticket,procedura_e42,fixed_20,2,4,0.0001,5.0,20,False,12.402144667008542,12.396920917002717,0.0,0.0005543750012293458,0.00450870901113376,11.635132573713172,11.635132573713172,0.7670120932953708,0.7670120932953708,7.4021446670085425,True,False,[],insufficienti,515,1790409287.2910311,0,False,7121278463250af33cb979351c0514eb6a5be339bc92ed4a5292278d18a95f38,,,,,,,,
Mac,campagna_mac_replica_2026-09-26,run_028.json,C3_offline,ticket,procedura_e42,fixed_40,0,4,0.0001,5.0,40,False,24.356253292004112,24.348344084006385,0.0,0.0015129580133361742,0.006166374994791113,23.070265147426344,23.070265147426344,1.285988144577768,1.285988144577768,19.356253292004112,True,True,"[""arrestare"", ""cache"", ""cancellare"", ""ferrosync"", ""locale"", ""riavviare"", ""ricorrere"", ""servizio"", ""tecnico""]",completo,1077,1790409299.696446,0,False,1078baa695142b76d2a028e5229c37560297e546fcebd51d854060250ad6acaa,,,,,,,,
Mac,campagna_mac_replica_2026-09-26,run_029.json,C3_offline,salary,base_t,fixed_5,2,4,0.0001,15.0,5,False,1.565602457994828,1.557355249999091,0.0,0.000375375006115064,0.007648874990991317,3.058783143428293,3.058783143428293,-1.4931806854334648,-1.4931806854334648,0,False,False,[],insufficienti,25,1790409324.056223,0,False,355ecd2303982aef22cc10b8f0ee587f928b8ca27338077c6490a52e44a278da,,,,,,,,
Mac,campagna_mac_replica_2026-09-26,run_030.json,C3_offline,salary,base_t,fixed_40,4,4,0.0001,5.0,40,False,12.718466417005402,12.71021804100019,0.0,0.0003934159904019907,0.007588874999783002,23.070265147426344,23.070265147426344,-10.351798730420942,-10.351798730420942,7.718466417005402,True,True,"[""42000""]",completo,200,1790409325.6257632,0,False,513457d8e788a782415b9570376b7a8e0a99726aa45cd27b25b0e0987f648a9b,,,,,,,,
Mac,campagna_mac_replica_2026-09-26,run_031.json,C3_offline,salary,base_t,fixed_20,2,4,0.0001,15.0,20,False,6.433655208005803,6.4255784999986645,0.0,0.00040341699786949903,0.007464333000825718,11.635132573713172,11.635132573713172,-5.201477365707369,-5.201477365707369,0,False,True,"[""42000""]",completo,100,1790409338.347522,0,False,e20ec573ab702b895949694006eff2758e6cc856d0712640a062c1fef614121c,,,,,,,,
Mac,campagna_mac_replica_2026-09-26,run_032.json,C3_offline,salary,base_t,fixed_40,1,4,0.0001,30.0,40,False,12.749378791995696,12.740402167008142,0.0,0.0005016250070184469,0.008163249993231148,23.070265147426344,23.070265147426344,-10.320886355430648,-10.320886355430648,0,False,True,"[""42000""]",completo,200,1790409344.7853131,0,False,b3dc8328d856431fff27b266726f8adae1128ee11459368b94ea551dc0df6b5c,,,,,,,,
Mac,campagna_mac_replica_2026-09-26,run_033.json,C3_offline,salary,base_t,adaptive,4,4,0.0001,15.0,25,False,7.710279624996474,7.70200499999919,0.0,0.00043987500248476863,0.007589040993480012,14.493915717141464,14.493915717141464,-6.78363609214499,-6.78363609214499,0,False,False,[],insufficienti,125,1790409357.54092,0,False,67b24ea2066cfdc53e719dea4adc1c9774f749aa4ad54c166aea6a111eb48252,,,,,,,,
Mac,campagna_mac_replica_2026-09-26,run_034.json,C3_offline,salary,base_t,adaptive,0,4,0.0001,5.0,8,False,2.483907417001319,2.4756887499970617,0.0,0.00038358398887794465,0.007552916998974979,4.774053029485269,4.774053029485269,-2.2901456124839497,-2.2901456124839497,0,False,False,[],insufficienti,40,1790409365.256198,0,False,70e54454b12373c10a26f3c4e31d0b9b0aa7da03df15eba11cc753125474653b,,,,,,,,
Mac,campagna_mac_replica_2026-09-26,run_035.json,C3_offline,ticket,procedura_e42,adaptive,1,4,0.0001,30.0,40,False,24.24166758300271,24.233306290989276,0.0,0.0011645420017885044,0.006965582986595109,23.070265147426344,23.070265147426344,1.1714024355763648,1.1714024355763648,0,False,True,"[""arrestare"", ""cache"", ""cancellare"", ""ferrosync"", ""locale"", ""riavviare"", ""ricorrere"", ""servizio"", ""tecnico""]",completo,997,1790409367.7441459,0,False,8ecf41e4e340a29815d8baa165a270d72effd1e5ba709b75cfd6b9f1e87d91e1,,,,,,,,
Mac,campagna_mac_replica_2026-09-26,run_036.json,C3_offline,salary,base_t,adaptive,0,4,0.0001,30.0,40,False,13.073693083002581,13.065662790992064,0.0,0.0004240829875925556,0.0073499580030329525,23.070265147426344,23.070265147426344,-9.996572064423763,-9.996572064423763,0,False,True,"[""42000""]",completo,201,1790409391.989347,0,False,c0e0ce2420b255f2e925a40be5bd62d2da74b8b711a27b6af7a1f1cdf09e5997,,,,,,,,
Mac,campagna_mac_replica_2026-09-26,run_037.json,C3_offline,ticket,procedura_e42,adaptive,4,4,0.0001,15.0,25,False,16.005230791008216,15.997044707997702,0.0,0.0009569169924361631,0.006866915995487943,14.493915717141464,14.493915717141464,1.5113150738667525,1.5113150738667525,1.0052307910082163,True,False,[],insufficienti,667,1790409405.067586,0,False,391b424b7a006f15755545940d311e9d781c2e24bd3bdec1f652626c8c14792c,,,,,,,,
Mac,campagna_mac_replica_2026-09-26,run_038.json,C3_offline,salary,base_t,fixed_5,4,4,0.0001,30.0,5,False,1.6535795840027276,1.644159874995239,0.0,0.0006966249929973856,0.008087291003903374,3.058783143428293,3.058783143428293,-1.4052035594255652,-1.4052035594255652,0,False,False,[],insufficienti,25,1790409421.07648,0,False,17893a5fe9fab70d0101b0cea47fb71f5e6744198b2f70c5b14f1e2ab81204a6,,,,,,,,
Mac,campagna_mac_replica_2026-09-26,run_039.json,C3_offline,ticket,procedura_e42,fixed_40,4,4,0.0001,5.0,40,False,25.194900625006994,25.18636287499976,0.0,0.0013050830020802096,0.006977041994105093,23.070265147426344,23.070265147426344,2.12463547758065,2.12463547758065,20.194900625006994,True,False,[],insufficienti,1027,1790409422.7344398,0,False,e80fa4d8bac4c7706b373e69085c3f67c2ac5c51e9d1cbb33fae118e5a790a57,,,,,,,,
Mac,campagna_mac_replica_2026-09-26,run_040.json,C3_offline,ticket,procedura_e42,fixed_20,3,4,0.0001,5.0,20,False,12.64528454199899,12.637358624997432,0.0,0.0008804160024737939,0.006829624995589256,11.635132573713172,11.635132573713172,1.0101519682858182,1.0101519682858182,7.64528454199899,True,False,[],insufficienti,516,1790409447.9332218,0,False,2d54054ed9cb01d8891909db6d75a34ec5ccc5d0b4b7f35e803b2cccd0c5f0dd,,,,,,,,
Mac,campagna_mac_replica_2026-09-26,run_041.json,C3_offline,salary,base_t,fixed_5,0,4,0.0001,30.0,5,False,1.6787909159902483,1.6708454160107067,0.0,0.00021504200412891805,0.0075553339993348345,3.058783143428293,3.058783143428293,-1.3799922274380445,-1.3799922274380445,0,False,False,[],insufficienti,25,1790409460.582093,0,False,0ff720a3f0ea30a0bca508f89b74edf96be1c5903c23811b0f45c49a5a42cbcc,,,,,,,,
Mac,campagna_mac_replica_2026-09-26,run_042.json,C3_offline,salary,base_t,fixed_20,2,4,0.0001,30.0,20,False,6.69647341700329,6.689717624991317,0.0,0.00026625000464264303,0.006248958001378924,11.635132573713172,11.635132573713172,-4.938659156709882,-4.938659156709882,0,False,False,[],insufficienti,100,1790409462.2641852,0,False,c9854dd7599da8d9747e61985f1e6c4b0d0644c2122b2958c1328bd684485338,,,,,,,,
Mac,campagna_mac_replica_2026-09-26,run_043.json,C3_offline,ticket,procedura_e42,fixed_40,0,4,0.0001,15.0,40,False,25.1923809999862,25.184287458992912,0.0,0.0015713750035502017,0.00629787499201484,23.070265147426344,23.070265147426344,2.1221158525598547,2.1221158525598547,10.192380999986199,True,False,[],insufficienti,1006,1790409468.964061,0,False,309fb4e08edb4a7a7fa5433a30c0843afda4d63d5fcbcd7cc9b849e1e1c05018,,,,,,,,
Mac,campagna_mac_replica_2026-09-26,run_044.json,C3_offline,salary,base_t,fixed_10,2,4,0.0001,15.0,10,False,3.4438105419976637,3.4356964170001447,0.0,0.00030699999479111284,0.007541250000940636,5.917566286856586,5.917566286856586,-2.4737557448589227,-2.4737557448589227,0,False,False,[],insufficienti,50,1790409494.1601741,0,False,5d85fbc859f04916747971b83c0bc3572c8903b6bae51ab9a6b04e5d14b24fb4,,,,,,,,
Mac,campagna_mac_replica_2026-09-26,run_045.json,C3_offline,salary,base_t,fixed_5,2,4,0.0001,5.0,5,False,1.6959442500083242,1.6876407920062775,0.0,0.0003173329896526411,0.007711166996159591,3.058783143428293,3.058783143428293,-1.3628388934199687,-1.3628388934199687,0,False,False,[],insufficienti,25,1790409497.608535,0,False,ac55be200997feb6bedeaa34da83f3d6b98a256c4257c1e6475044053c02d0a9,,,,,,,,
Mac,campagna_mac_replica_2026-09-26,run_046.json,C3_offline,ticket,procedura_e42,fixed_5,2,4,0.0001,30.0,5,False,3.266041041002609,3.258313750004163,0.0,0.000466583005618304,0.0069825410027988255,3.058783143428293,3.058783143428293,0.207257897574316,0.207257897574316,0,False,False,[],insufficienti,134,1790409499.308511,0,False,3a436540e44ff65121dc09dfd49286b66c765c55012cb80a60c34c5e321fe0eb,,,,,,,,
Mac,campagna_mac_replica_2026-09-26,run_047.json,C3_offline,salary,base_t,fixed_40,4,4,0.0001,15.0,40,False,13.808150625001872,13.799679500007187,0.0,0.00015470798825845122,0.008103458996629342,23.070265147426344,23.070265147426344,-9.262114522424472,-9.262114522424472,0,False,True,"[""42000""]",completo,200,1790409502.578961,0,False,18201782d0b40d67ba80453fb6f7b036a2b9a4c24438f0dd61824cba008d2d2e,,,,,,,,
Mac,campagna_mac_replica_2026-09-26,run_048.json,C3_offline,salary,base_t,fixed_5,3,4,0.0001,15.0,5,False,1.7343490409984952,1.7304198750061914,0.0,0.00029845800600014627,0.0035290000087115914,3.058783143428293,3.058783143428293,-1.3244341024297976,-1.3244341024297976,0,False,False,[],insufficienti,25,1790409516.388454,0,False,83043689554509524230591245e9e199b74bb1e739a0763d58b81ec765548b2c,,,,,,,,
Mac,campagna_mac_replica_2026-09-26,run_049.json,C3_offline,ticket,procedura_e42,fixed_40,1,4,0.0001,5.0,40,False,25.206290708010783,25.19748362500104,0.0,0.0013058330077910796,0.007229333001305349,23.070265147426344,23.070265147426344,2.1360255605844394,2.1360255605844394,20.206290708010783,True,False,[],insufficienti,1002,1790409518.12755,0,False,6598b813d469cbfd04474bea86115db20fc0532fe4ae9275f5463ecfd7864f7a,,,,,,,,
Mac,campagna_mac_replica_2026-09-26,run_050.json,C3_offline,ticket,procedura_e42,fixed_5,3,4,0.0001,30.0,5,False,3.185274916992057,3.180531833000714,0.0,0.0003975830040872097,0.004196957990643568,3.058783143428293,3.058783143428293,0.1264917735637643,0.1264917735637643,0,False,False,[],insufficienti,127,1790409543.3370519,0,False,c25602cbe013bfdf3b4e8ffcfa6b9266c1a1b88af0a1b379d4e6f8610bdbfa2d,,,,,,,,
Mac,campagna_mac_replica_2026-09-26,run_051.json,C3_offline,salary,base_t,fixed_10,3,4,0.0001,5.0,10,False,3.4768458750040736,3.4683597499970347,0.0,0.00028945799567736685,0.007919708004919812,5.917566286856586,5.917566286856586,-2.4407204118525128,-2.4407204118525128,0,False,False,[],insufficienti,50,1790409546.527771,0,False,6a480ef167d9521cff321ce46aa893047d11ebd2404547d505cc9f788b5a9488,,,,,,,,
Mac,campagna_mac_replica_2026-09-26,run_052.json,C3_offline,salary,base_t,fixed_10,1,4,0.0001,30.0,10,False,3.4751720000058413,3.4665429999877233,0.0,0.0003202499938197434,0.008055874990532175,5.917566286856586,5.917566286856586,-2.442394286850745,-2.442394286850745,0,False,False,[],insufficienti,50,1790409550.009057,0,False,259ab753cf812e6126066154dbd39a77893b9bada19557da04cd9647e3349018,,,,,,,,
Mac,campagna_mac_replica_2026-09-26,run_053.json,C3_offline,salary,base_t,fixed_40,0,4,0.0001,15.0,40,False,13.844453209007042,13.835987833997933,0.0,0.0004027499962830916,0.007747250012471341,23.070265147426344,23.070265147426344,-9.225811938419302,-9.225811938419302,0,False,True,"[""42000""]",completo,200,1790409553.488449,0,False,c2c18a4b1c6964762354fc498b154e54cd923c8cd64d7b635ebd3493aaae4fdf,,,,,,,,
Mac,campagna_mac_replica_2026-09-26,run_054.json,C3_offline,ticket,procedura_e42,fixed_5,1,4,0.0001,15.0,5,False,3.1134362500015413,3.1054908749938477,0.0,0.00041733299440238625,0.007337082992307842,3.058783143428293,3.058783143428293,0.05465310657324851,0.05465310657324851,0,False,False,[],insufficienti,119,1790409567.3372211,0,False,fc186d370e5bbe911cde57f07faf98751300ae384afc2052418a5c806dbec9f8,,,,,,,,
Mac,campagna_mac_replica_2026-09-26,run_055.json,C3_offline,ticket,procedura_e42,fixed_40,3,4,0.0001,15.0,40,False,25.57560070900945,25.56610554100189,0.0,0.0016726670000934973,0.007544332998804748,23.070265147426344,23.070265147426344,2.505335561583106,2.505335561583106,10.57560070900945,True,False,[],insufficienti,999,1790409570.454756,0,False,0aec4b04962e5318982666889523f595d923bdc5b979ffe70216a62bd975b71d,,,,,,,,
Mac,campagna_mac_replica_2026-09-26,run_056.json,C3_offline,salary,base_t,adaptive,4,4,0.0001,5.0,8,False,2.8251252089976333,2.816164875010145,0.0,0.0002855000057024881,0.00835608299530577,4.774053029485269,4.774053029485269,-1.9489278204876355,-1.9489278204876355,0,False,False,[],insufficienti,40,1790409596.0337632,0,False,7ff211f0bd74b0cdfce190ef06937aa12a42a9ec78ee2b4fa0691efdf3ac36a5,,,,,,,,
Mac,campagna_mac_replica_2026-09-26,run_057.json,C3_offline,ticket,procedura_e42,adaptive,2,4,0.0001,30.0,40,False,25.70146774999739,25.693200333000277,0.0,0.0011543750006239861,0.006852250007796101,23.070265147426344,23.070265147426344,2.6312026025710473,2.6312026025710473,0,False,True,"[""arrestare"", ""cache"", ""cancellare"", ""ferrosync"", ""locale"", ""riavviare"", ""ricorrere"", ""servizio"", ""tecnico""]",completo,1002,1790409598.862942,0,False,b76a8851db6e48f8d470b03e501408bbce52d25a7ebc1cd4a076d60d9bae3037,,,,,,,,
Mac,campagna_mac_replica_2026-09-26,run_058.json,C3_offline,salary,base_t,fixed_40,2,4,0.0001,30.0,40,False,14.241612750003696,14.233062500003143,0.0,0.0004956250049872324,0.007739499997114763,23.070265147426344,23.070265147426344,-8.828652397422648,-8.828652397422648,0,False,True,"[""42000""]",completo,201,1790409624.568925,0,False,ffff3f3035ca2be104e95c418a02d0529cb007455aba6a8871fbf8d7fec465cb,,,,,,,,
Mac,campagna_mac_replica_2026-09-26,run_059.json,C3_offline,ticket,procedura_e42,fixed_20,2,4,0.0001,30.0,20,False,13.177640833993792,13.168779790998087,0.0,0.0009441250003874302,0.007644792000064626,11.635132573713172,11.635132573713172,1.54250826028062,1.54250826028062,0,False,False,[],insufficienti,520,1790409638.814983,0,False,94fec0c37c40d6b6a3d6f1568cbb7dcd6dd3e78fdffa5397672187ba33837176,,,,,,,,
Mac,campagna_mac_replica_2026-09-26,run_060.json,C3_offline,salary,base_t,fixed_10,1,4,0.0001,15.0,10,False,3.526719666988356,3.517830083001172,0.0,0.00029808300314471126,0.008392000003368594,5.917566286856586,5.917566286856586,-2.3908466198682303,-2.3908466198682303,0,False,False,[],insufficienti,50,1790409651.996366,0,False,591791c3c711d797ee6db8cb458b73bc4546554c48ea3c136ff5f5786581de5b,,,,,,,,
Mac,campagna_mac_replica_2026-09-26,run_061.json,C3_offline,salary,base_t,fixed_5,2,4,0.0001,30.0,5,False,1.7779435829870636,1.7694857089954894,0.0,0.00028083400684408844,0.007963291995110922,3.058783143428293,3.058783143428293,-1.2808395604412293,-1.2808395604412293,0,False,False,[],insufficienti,25,1790409655.527593,0,False,9750baefa6eb0e7e1d52b9aa31eb72f23f2a43fcffbc73e377588cb71f3dd6b4,,,,,,,,
Mac,campagna_mac_replica_2026-09-26,run_062.json,C3_offline,salary,base_t,fixed_20,0,4,0.0001,15.0,20,False,7.077148458003649,7.0683672500017565,0.0,0.00025308299518655986,0.008217540991608985,11.635132573713172,11.635132573713172,-4.557984115709523,-4.557984115709523,0,False,True,"[""42000""]",completo,100,1790409657.310299,0,False,d3fd59c6f1a2cbb39e3f6f0f2c9f44c62936a107b3b6533ca55bd16f59915da0,,,,,,,,
Mac,campagna_mac_replica_2026-09-26,run_063.json,C3_offline,salary,base_t,adaptive,1,4,0.0001,5.0,8,False,2.8495201249897946,2.8418373750027968,0.0,0.00026575000083539635,0.007230875009554438,4.774053029485269,4.774053029485269,-1.9245329044954742,-1.9245329044954742,0,False,False,[],insufficienti,40,1790409664.3906538,0,False,59e981c79fec0c3a2b2f5e78e51c695a2d7920034538b3597746738ebe178ae3,,,,,,,,
Mac,campagna_mac_replica_2026-09-26,run_064.json,C3_offline,salary,base_t,fixed_20,3,4,0.0001,5.0,20,False,7.045294374998775,7.036293959012255,0.0,0.00030354199407156557,0.008453332993667573,11.635132573713172,11.635132573713172,-4.589838198714396,-4.589838198714396,2.0452943749987753,True,False,[],insufficienti,100,1790409667.2437592,0,False,ae88ebf5db6a9142655b9fa8ef0e241a69e56a4ab42b3694ba1b3f2862d66954,,,,,,,,
Mac,campagna_mac_replica_2026-09-26,run_065.json,C3_offline,ticket,procedura_e42,fixed_40,2,4,0.0001,15.0,40,False,26.16153170799953,26.15235758300696,0.0,0.001401207991875708,0.007462749999831431,23.070265147426344,23.070265147426344,3.0912665605731853,3.0912665605731853,11.16153170799953,True,False,[],insufficienti,1019,1790409674.292952,0,False,4e1a6c9cbbbe6a385b1374fdb55d48cac76232e9eaeec13d4de106e41aa1ae73,,,,,,,,
Mac,campagna_mac_replica_2026-09-26,run_066.json,C3_offline,salary,base_t,adaptive,2,4,0.0001,5.0,8,False,2.823988374992041,2.815964042005362,0.0,0.00021470799401868135,0.007609666005009785,4.774053029485269,4.774053029485269,-1.9500646544932279,-1.9500646544932279,0,False,False,[],insufficienti,40,1790409700.459292,0,False,127c9de893100cd182244873526b1d51e8ad2ce1f472a9b463c6e66dbf3db488,,,,,,,,
Mac,campagna_mac_replica_2026-09-26,run_067.json,C3_offline,salary,base_t,fixed_10,3,4,0.0001,15.0,10,False,3.5525390000111656,3.5436698330013314,0.0,0.0005070839979453012,0.008139124998706393,5.917566286856586,5.917566286856586,-2.3650272868454207,-2.3650272868454207,0,False,False,[],insufficienti,50,1790409703.287859,0,False,e06bb4e47a115f240104a940ade3e0f03594a28e64e05efe38dba7be45499600,,,,,,,,
Mac,campagna_mac_replica_2026-09-26,run_068.json,C3_offline,salary,base_t,fixed_20,1,4,0.0001,5.0,20,False,7.252379750003456,7.246848416994908,0.0,0.00035045800905209035,0.004996375006157905,11.635132573713172,11.635132573713172,-4.3827528237097155,-4.3827528237097155,2.252379750003456,True,False,[],insufficienti,100,1790409706.8433542,0,False,5b6f4890d4922516540a9f830c85aa34570a3e91358efce3ef5092316df2a08c,,,,,,,,
Mac,campagna_mac_replica_2026-09-26,run_069.json,C3_offline,ticket,procedura_e42,fixed_20,0,4,0.0001,5.0,20,False,12.804956917010713,12.79689275000419,0.0,0.0007149580051191151,0.0071332499937852845,11.635132573713172,11.635132573713172,1.1698243432975417,1.1698243432975417,7.804956917010713,True,False,[],insufficienti,485,1790409714.101262,0,False,3b32670e9feca9e04b618f0dcbbcaeeb62fd6bdfed55e15e07447943c7ab9755,,,,,,,,
Mac,campagna_mac_replica_2026-09-26,run_070.json,C3_offline,salary,base_t,fixed_40,4,4,0.0001,30.0,40,False,14.381508000005851,14.373354124996695,0.0,0.00042012499761767685,0.007474834012100473,23.070265147426344,23.070265147426344,-8.688757147420493,-8.688757147420493,0,False,True,"[""42000""]",completo,200,1790409726.909985,0,False,e5254acad5210e852bdf5cdbc5cac0d0d87acd55f0baa880e3363c5980d343d0,,,,,,,,
Mac,campagna_mac_replica_2026-09-26,run_071.json,C3_offline,ticket,procedura_e42,adaptive,4,4,0.0001,5.0,8,False,5.38315037501161,5.374899624992395,0.0,0.0005290840053930879,0.007504416993469931,4.774053029485269,4.774053029485269,0.6090973455263411,0.6090973455263411,0.38315037501160987,True,False,[],insufficienti,214,1790409741.2958121,0,False,93cecd59b33d98a63e45b984b038ac4b66485c39304adf33316b1485049c5502,,,,,,,,
Mac,campagna_mac_replica_2026-09-26,run_072.json,C3_offline,salary,base_t,fixed_40,1,4,0.0001,15.0,40,False,14.658627583005,14.641271832995699,0.0,0.009422666989848949,0.007624332996783778,23.070265147426344,23.070265147426344,-8.411637564421344,-8.411637564421344,0,False,True,"[""42000""]",completo,200,1790409746.682251,0,False,b1b811561afc05659ee905520cb365c9965643ace4b2f97acc4561aa63f93061,,,,,,,,
Mac,campagna_mac_replica_2026-09-26,run_073.json,C3_offline,ticket,procedura_e42,fixed_40,4,4,0.0001,30.0,40,False,28.251701667002635,28.218286249990342,0.0,0.006967958004679531,0.02598170800774824,23.070265147426344,23.070265147426344,5.181436519576291,5.181436519576291,0,False,False,[],insufficienti,991,1790409761.353866,0,False,468e2c5c227314b120bb43161f9aa231e8cc4a955ec1b643aeab032dea9799b8,,,,,,,,
Mac,campagna_mac_replica_2026-09-26,run_074.json,C3_offline,salary,base_t,adaptive,0,4,0.0001,15.0,25,False,9.839127041996107,9.83140062498569,0.0,0.00036133400863036513,0.007124750001821667,14.493915717141464,14.493915717141464,-4.654788675145356,-4.654788675145356,0,False,True,"[""42000""]",completo,125,1790409789.61109,0,False,e05b28b3d5cc1ec9f1512903b5fd0bd41a6793965e08b22d450ca779d06af9ce,,,,,,,,
Mac,campagna_mac_replica_2026-09-26,run_075.json,C3_offline,ticket,procedura_e42,fixed_10,4,4,0.0001,15.0,10,False,5.907968833998893,5.9001358749956125,0.0,0.0005107080069137737,0.007091166000464,5.917566286856586,5.917566286856586,-0.009597452857692979,-0.009597452857692979,0,False,False,[],insufficienti,218,1790409799.454677,0,False,5b687661a42f831c44debbf70aaefd2eab9ebfcbf4e39a3f58e7c532fec03cf2,,,,,,,,
Mac,campagna_mac_replica_2026-09-26,run_076.json,C3_offline,salary,base_t,fixed_5,3,4,0.0001,5.0,5,False,1.727090959000634,1.7189154170046095,0.0,0.00031916699663270265,0.007629374988027848,3.058783143428293,3.058783143428293,-1.3316921844276588,-1.3316921844276588,0,False,False,[],insufficienti,25,1790409805.366838,0,False,e3e5a7c40089cebf05c2141acf468f1751914955c83f44c02f1b7134bdf35e97,,,,,,,,
Mac,campagna_mac_replica_2026-09-26,run_077.json,C3_offline,salary,base_t,adaptive,3,4,0.0001,30.0,40,False,13.820244375005132,13.812098042006255,0.0,0.00037470899405889213,0.007507666989113204,23.070265147426344,23.070265147426344,-9.250020772421212,-9.250020772421212,0,False,True,"[""42000""]",completo,200,1790409807.0986829,0,False,e938c401c3bf4f5285d9c73cc63cd47f69adde3319dc1a614820597be0e0711f,,,,,,,,
Mac,campagna_mac_replica_2026-09-26,run_078.json,C3_offline,salary,base_t,adaptive,4,4,0.0001,30.0,40,False,15.164403874994605,15.147215207995032,0.0,0.009156083993730135,0.007463083995389752,23.070265147426344,23.070265147426344,-7.905861272431739,-7.905861272431739,0,False,True,"[""42000""]",completo,201,1790409820.923048,0,False,fc09bfb148d412beb18b57381885df283965214000340ed4c868b0686ad4d7c5,,,,,,,,
Mac,campagna_mac_replica_2026-09-26,run_079.json,C3_offline,ticket,procedura_e42,fixed_40,0,4,0.0001,30.0,40,False,26.77925629200763,26.764136417012196,0.0,0.0018707499984884635,0.012540915995487012,23.070265147426344,23.070265147426344,3.7089911445812866,3.7089911445812866,0,False,True,"[""arrestare"", ""cache"", ""cancellare"", ""ferrosync"", ""locale"", ""riavviare"", ""ricorrere"", ""servizio"", ""tecnico""]",completo,1011,1790409836.0984719,0,False,6854651d65e3e2dc1e859edaadaf391042568f932d306c630be057b33ada5ad4,,,,,,,,
Mac,campagna_mac_replica_2026-09-26,run_080.json,C3_offline,salary,base_t,fixed_10,0,4,0.0001,5.0,10,False,4.012231040993356,4.003678500012029,0.0,0.00020125000446569175,0.008072291006101295,5.917566286856586,5.917566286856586,-1.9053352458632302,-1.9053352458632302,0,False,False,[],insufficienti,50,1790409862.8825421,0,False,231d124e21298cd4fb719e8c0025090499033632c12d946903c0ca20ad3c4e47,,,,,,,,
Mac,campagna_mac_replica_2026-09-26,run_081.json,C3_offline,ticket,procedura_e42,adaptive,3,4,0.0001,30.0,40,False,26.78890762499941,26.782152667001355,0.0,0.0006451670051319525,0.005934375003562309,23.070265147426344,23.070265147426344,3.7186424775730664,3.7186424775730664,0,False,True,"[""arrestare"", ""cache"", ""cancellare"", ""ferrosync"", ""locale"", ""riavviare"", ""ricorrere"", ""servizio"", ""tecnico""]",completo,972,1790409866.898459,0,False,949f06d815c9a9e2c6b013ccaf50e6a10fb5ae84978ccc5c769645ec9b1e39a6,,,,,,,,
Mac,campagna_mac_replica_2026-09-26,run_082.json,C3_offline,salary,base_t,fixed_40,3,4,0.0001,15.0,40,False,14.891784707986517,14.886563749998459,0.0,0.000906167013454251,0.0040709589957259595,23.070265147426344,23.070265147426344,-8.178480439439827,-8.178480439439827,0,False,True,"[""42000""]",completo,200,1790409893.689549,0,False,83ae2bdc12d037a01a1f1a338aa655ee7e463cc67a131e9b6167760a26d5d84f,,,,,,,,
Mac,campagna_mac_replica_2026-09-26,run_083.json,C3_offline,ticket,procedura_e42,fixed_40,3,4,0.0001,30.0,40,False,27.70634441700531,27.69820112499292,0.0,0.0011116669920738786,0.006763083001715131,23.070265147426344,23.070265147426344,4.636079269578968,4.636079269578968,0,False,False,[],insufficienti,1036,1790409908.5866811,0,False,e163e208a41594e86d7e3add49fa4845dca9c7133d330181c385b97663df9056,,,,,,,,
Mac,campagna_mac_replica_2026-09-26,run_084.json,C3_offline,salary,base_t,fixed_20,4,4,0.0001,30.0,20,False,7.618148958004895,7.609559167001862,0.0,0.0008572079968871549,0.0074307909962954,11.635132573713172,11.635132573713172,-4.016983615708277,-4.016983615708277,0,False,False,[],insufficienti,100,1790409936.2967958,0,False,29eac3a02c4f80ef4d6272f1cc437be859afdb956066448fe606d7d95facf7bc,,,,,,,,
Mac,campagna_mac_replica_2026-09-26,run_085.json,C3_offline,salary,base_t,fixed_40,1,4,0.0001,5.0,40,False,14.46933295900817,14.460498583997833,0.0,0.00043937499867752194,0.008076624988461845,23.070265147426344,23.070265147426344,-8.600932188418174,-8.600932188418174,9.46933295900817,True,True,"[""42000""]",completo,200,1790409943.921037,0,False,3fac05e42c86bf00c180e4b0f08b81a28df51a2c4b1c41b2ee850d3fb58a63e4,,,,,,,,
Mac,campagna_mac_replica_2026-09-26,run_086.json,C3_offline,salary,base_t,fixed_20,0,4,0.0001,5.0,20,False,7.216632416006178,7.20851662500354,0.0,0.0003549999964889139,0.007546709006419405,11.635132573713172,11.635132573713172,-4.418500157706994,-4.418500157706994,2.2166324160061777,True,True,"[""42000""]",completo,100,1790409958.3949,0,False,1cabd5a3f1d36476f0052d52cadb46fe0578a85d8fe5d6d9adacf509613c69f6,,,,,,,,
Mac,campagna_mac_replica_2026-09-26,run_087.json,C3_offline,ticket,procedura_e42,fixed_5,1,4,0.0001,30.0,5,False,3.281798832991626,3.273696124990238,0.0,0.0004794590058736503,0.0074036659934790805,3.058783143428293,3.058783143428293,0.22301568956333329,0.22301568956333329,0,False,False,[],insufficienti,125,1790409965.616537,0,False,eb8270060d809d9b5ffa10d3d67997a364e9f6039711cc53a1f012edaa3afdeb,,,,,,,,
Mac,campagna_mac_replica_2026-09-26,run_088.json,C3_offline,salary,base_t,fixed_10,3,4,0.0001,30.0,10,False,3.602830500007258,3.594637624992174,0.0,0.0002694160066312179,0.007632292006746866,5.917566286856586,5.917566286856586,-2.3147357868493286,-2.3147357868493286,0,False,False,[],insufficienti,51,1790409968.903392,0,False,71bb4f02279720cb6b4d7e69cbaf008edfd88e2571bf1b6a1effa0ae48392052,,,,,,,,
Mac,campagna_mac_replica_2026-09-26,run_089.json,C3_offline,salary,base_t,fixed_10,4,4,0.0001,30.0,10,False,3.6797617499978514,3.6713412920071278,0.0,0.0002377500059083104,0.00796916701074224,5.917566286856586,5.917566286856586,-2.237804536858735,-2.237804536858735,0,False,False,[],insufficienti,50,1790409972.511455,0,False,7a18265cadad49e20dfad7eed3bf5a5ab6da636f77743529afb33b37d246b1b7,,,,,,,,
Mac,campagna_mac_replica_2026-09-26,run_090.json,C3_offline,salary,base_t,adaptive,3,4,0.0001,15.0,25,False,9.273477582988562,9.267906750013935,0.0,0.00074637500802055,0.004592042008880526,14.493915717141464,14.493915717141464,-5.220438134152902,-5.220438134152902,0,False,True,"[""42000""]",completo,125,1790409976.194292,0,False,4b5ad7453720547c5eed7448a8f2f2e1698493dd857fa7a39cc523ab3e58889e,,,,,,,,
Mac,campagna_mac_replica_2026-09-26,run_091.json,C3_offline,salary,base_t,fixed_20,0,4,0.0001,30.0,20,False,7.359705249997205,7.35174862499116,0.0,0.00016616600623819977,0.007591292000142857,11.635132573713172,11.635132573713172,-4.275427323715967,-4.275427323715967,0,False,False,[],insufficienti,100,1790409985.473392,0,False,167233b277b8f0e854bf0612edf246ac7a16a4b40eded54e999be67991382bca,,,,,,,,
Mac,campagna_mac_replica_2026-09-26,run_092.json,C3_offline,salary,base_t,adaptive,3,4,0.0001,5.0,8,False,3.400838208006462,3.395015375004732,0.0,0.0011586670007091016,0.004358959005912766,4.774053029485269,4.774053029485269,-1.3732148214788067,-1.3732148214788067,0,False,False,[],insufficienti,40,1790409992.835488,0,False,1c5284ed85063e9219582fc022e1eb3df7a379ae4903187b6593bb8c5b20fe3d,,,,,,,,
Mac,campagna_mac_replica_2026-09-26,run_093.json,C3_offline,ticket,procedura_e42,fixed_5,3,4,0.0001,5.0,5,False,3.8849380830070004,3.881478708004579,0.0,0.00038745799975004047,0.002823542003170587,3.058783143428293,3.058783143428293,0.8261549395787076,0.8261549395787076,0,False,False,[],insufficienti,109,1790409996.2425961,0,False,eacc2a58f2c0f97609822117c3c80da0a8c858d3efb8d912bf556008c2946154,,,,,,,,
Mac,campagna_mac_replica_2026-09-26,run_094.json,C3_offline,ticket,procedura_e42,fixed_10,3,4,0.0001,5.0,10,False,7.47203662499669,7.464315332996193,0.0,0.0006367500027408823,0.006880041997646913,5.917566286856586,5.917566286856586,1.5544703381401037,1.5544703381401037,2.47203662499669,True,False,[],insufficienti,269,1790410000.132041,0,False,1c6331f9bca9f6f274c7f336f69251d0b82f8f9b17aab4a92f72a9fd1b5665ab,,,,,,,,
Mac,campagna_mac_replica_2026-09-26,run_095.json,C3_offline,ticket,procedura_e42,adaptive,3,4,0.0001,15.0,25,False,18.20763970799453,18.198342499992577,0.0,0.0015020410064607859,0.007476166996639222,14.493915717141464,14.493915717141464,3.713723990853067,3.713723990853067,3.207639707994531,True,False,[],insufficienti,628,1790410007.608742,0,False,ed3aadd5f1b54cb63f52e99b7a050fbbf49c041603f5945ab15eb785f263f5b5,,,,,,,,
Mac,campagna_mac_replica_2026-09-26,run_096.json,C3_offline,salary,base_t,adaptive,1,4,0.0001,30.0,40,False,15.12857637500565,15.119839749997482,0.0,0.0003733329940587282,0.008065457994234748,23.070265147426344,23.070265147426344,-7.941688772420694,-7.941688772420694,0,False,True,"[""42000""]",completo,200,1790410025.821027,0,False,551f53d74be1f204aa86734a49b4f9e8cf6760650910b8f66456b06c48f442b6,,,,,,,,
Mac,campagna_mac_replica_2026-09-26,run_097.json,C3_offline,ticket,procedura_e42,fixed_20,0,4,0.0001,30.0,20,False,13.10797204200935,13.099396999998135,0.0,0.0009208749979734421,0.007398250003461726,11.635132573713172,11.635132573713172,1.4728394682961792,1.4728394682961792,0,False,False,[],insufficienti,478,1790410040.9539788,0,False,4258f6743582f127039be66ffd9b08df30482f5145bbbac5cb04ef26b618e0aa,,,,,,,,
Mac,campagna_mac_replica_2026-09-26,run_098.json,C3_offline,ticket,procedura_e42,fixed_40,2,4,0.0001,30.0,40,False,30.92997954200837,30.921035375009524,0.0,0.0014127920003375039,0.007258707992150448,23.070265147426344,23.070265147426344,7.859714394582024,7.859714394582024,0.9299795420083683,True,False,[],insufficienti,1012,1790410054.066596,0,False,52ac29effc12ce3567508754c2ea4f59ea04ae83f31305457fff503a8328d408,,,,,,,,
Mac,campagna_mac_replica_2026-09-26,run_099.json,C3_offline,salary,base_t,fixed_40,0,4,0.0001,30.0,40,False,16.36054733299534,16.352579625003273,0.0,0.0003740419924724847,0.007318250005482696,23.070265147426344,23.070265147426344,-6.709717814431006,-6.709717814431006,0,False,True,"[""42000""]",completo,200,1790410085.0006459,0,False,ab7323b48679e81aaa6180ea9e3f117cc2e5309329099b99997fdd5f010dccb6,,,,,,,,
Mac,campagna_mac_replica_2026-09-26,run_100.json,C3_offline,salary,base_t,fixed_5,0,4,0.0001,5.0,5,False,1.8953173329937272,1.886886707987287,0.0,0.00029070800519548357,0.007895458009443246,3.058783143428293,3.058783143428293,-1.1634658104345657,-1.1634658104345657,0,False,False,[],insufficienti,25,1790410101.365985,0,False,03d47f537dbecfc89d2715156a5f677cdeb4717474c1effb2af6e9705c4056ed,,,,,,,,
Mac,campagna_mac_replica_2026-09-26,run_101.json,C3_offline,salary,base_t,fixed_10,2,4,0.0001,5.0,10,False,3.754999417011277,3.7466654159943573,0.0,0.00030729199352208525,0.007742208996205591,5.917566286856586,5.917566286856586,-2.1625668698453095,-2.1625668698453095,0,False,False,[],insufficienti,50,1790410103.265783,0,False,d09ac16fed2c1d05258385b8a0ab6fef551ad0f7d1b53ce9a5edeca857a8067f,,,,,,,,
Mac,campagna_mac_replica_2026-09-26,run_102.json,C3_offline,ticket,procedura_e42,adaptive,4,4,0.0001,30.0,40,False,30.71675533299276,30.70787129100063,0.0,0.0015708329883636907,0.007017583004198968,23.070265147426344,23.070265147426344,7.646490185566417,7.646490185566417,0.7167553329927614,True,False,[],insufficienti,1044,1790410107.024889,0,False,f9c819d2600e18f736f5e135f335bccf2c0d2e44c73d44d5c03f5c6d8a89b536,,,,,,,,
Mac,campagna_mac_replica_2026-09-26,run_103.json,C3_offline,salary,base_t,fixed_40,0,4,0.0001,5.0,40,False,15.732013291999465,15.724302333997912,0.0,0.0004371249960968271,0.006924624991370365,23.070265147426344,23.070265147426344,-7.338251855426879,-7.338251855426879,10.732013291999465,True,True,"[""42000""]",completo,200,1790410137.746441,0,False,2de311a7ec17a1722afc723824adcef4a936f36de17e2a63e63fb3c3a4724e97,,,,,,,,
Mac,campagna_mac_replica_2026-09-26,run_104.json,C3_offline,salary,base_t,fixed_20,1,4,0.0001,15.0,20,False,8.916678791996674,8.908098542000516,0.0,0.000731125008314848,0.007564083993202075,11.635132573713172,11.635132573713172,-2.718453781716498,-2.718453781716498,0,False,True,"[""42000""]",completo,100,1790410153.483671,0,False,d0778bc246f22c9e03e4f6cac9ff2edd6f706a8f5f27753336ae9660a90e8d34,,,,,,,,
Mac,campagna_mac_replica_2026-09-26,run_105.json,C3_offline,ticket,procedura_e42,fixed_5,2,4,0.0001,15.0,5,False,3.266873124986887,3.2586249169980874,0.0,0.00047854200238361955,0.007491541997296736,3.058783143428293,3.058783143428293,0.20808998155859415,0.20808998155859415,0,False,False,[],insufficienti,109,1790410162.405602,0,False,37b1e8f0b07974f6fa5be2de481983e73fe096e19b529d04d7e97d33f544e2ec,,,,,,,,
Mac,campagna_mac_replica_2026-09-26,run_106.json,C3_offline,ticket,procedura_e42,fixed_40,1,4,0.0001,15.0,40,False,27.63838166699861,27.63003454200225,0.0,0.001081916008843109,0.007022082994808443,23.070265147426344,23.070265147426344,4.568116519572268,4.568116519572268,12.638381666998612,True,False,[],insufficienti,1069,1790410165.676474,0,False,d689ecc7bcc4fd387bd0649e66c5624b8b05d895500ffadbb86cc2a740e54ff1,,,,,,,,
Mac,campagna_mac_replica_2026-09-26,run_107.json,C3_offline,ticket,procedura_e42,fixed_10,3,4,0.0001,30.0,10,False,6.725578707992099,6.7169811250059865,0.0,0.0005674999993061647,0.007829666996258311,5.917566286856586,5.917566286856586,0.8080124211355129,0.8080124211355129,0,False,False,[],insufficienti,243,1790410193.318927,0,False,64c54036ef162c0f6bc7e023b84fb22ac358eb21cdea1698312d965c0a11202b,,,,,,,,
Mac,campagna_mac_replica_2026-09-26,run_108.json,C3_offline,salary,base_t,fixed_20,2,4,0.0001,5.0,20,False,7.228611875005299,7.220324750000145,0.0,0.0003667499986477196,0.007717792002949864,11.635132573713172,11.635132573713172,-4.406520698707872,-4.406520698707872,2.2286118750052992,True,True,"[""42000""]",completo,100,1790410200.047749,0,False,d4eb69f62f7689a8a57d7e18b21706dd2cc5a84845a2cbeac17bdb93b07ea861,,,,,,,,
Mac,campagna_mac_replica_2026-09-26,run_109.json,C3_offline,salary,base_t,fixed_20,4,4,0.0001,15.0,20,False,7.327164165995782,7.318954375004978,0.0,0.00034749999758787453,0.00762054200458806,11.635132573713172,11.635132573713172,-4.307968407717389,-4.307968407717389,0,False,True,"[""42000""]",completo,100,1790410207.280746,0,False,0f63e5d3cbae54399f8414b9452ac5a70807defcb6744f4101b1ef15950719d1,,,,,,,,
Mac,campagna_mac_replica_2026-09-26,run_110.json,C3_offline,salary,base_t,fixed_5,0,4,0.0001,15.0,5,False,1.9182930420065532,1.9102562079933705,0.0,0.0002580419968580827,0.007593832997372374,3.058783143428293,3.058783143428293,-1.1404901014217397,-1.1404901014217397,0,False,False,[],insufficienti,25,1790410214.611996,0,False,1ab5175031cea7471a8b1b0cbfe55601ecc42a54e10d569a7b6e13a69633998d,,,,,,,,
Mac,campagna_mac_replica_2026-09-26,run_111.json,C3_offline,ticket,procedura_e42,fixed_20,4,4,0.0001,5.0,20,False,13.4734200410021,13.46498941599566,0.0,0.0007762919995002449,0.007432750004227273,11.635132573713172,11.635132573713172,1.8382874672889287,1.8382874672889287,8.4734200410021,True,False,[],insufficienti,467,1790410216.534101,0,False,7885000219de3ed2c1ef0bf6e8dc70479a3e22b857e2089d5781ece6cf1c11a9,,,,,,,,
Mac,campagna_mac_replica_2026-09-26,run_112.json,C3_offline,ticket,procedura_e42,fixed_5,3,4,0.0001,15.0,5,False,3.5325771249918034,3.5244992499938235,0.0,0.00039575000118929893,0.00747958300053142,3.058783143428293,3.058783143428293,0.4737939815635106,0.4737939815635106,0,False,False,[],insufficienti,140,1790410230.0122728,0,False,a8307cf0529e1d2de61b0455420ace19c1e6d5f8849dd26c92ca10b6ea76e5eb,,,,,,,,
Mac,campagna_mac_replica_2026-09-26,run_113.json,C3_offline,salary,base_t,fixed_5,1,4,0.0001,15.0,5,False,1.780950333995861,1.7722879159991862,0.0,0.0002682080084923655,0.008184917009202763,3.058783143428293,3.058783143428293,-1.2778328094324318,-1.2778328094324318,0,False,False,[],insufficienti,25,1790410233.5488372,0,False,b0b5053562d4ddc0dc62e86f7edc4b8e0af85622d3a2bfd720bf2b82082d3124,,,,,,,,
Mac,campagna_mac_replica_2026-09-26,run_114.json,C3_offline,ticket,procedura_e42,adaptive,1,4,0.0001,15.0,25,False,17.269601666994276,17.260959957988234,0.0,0.0010278340050717816,0.007302208003238775,14.493915717141464,14.493915717141464,2.7756859498528126,2.7756859498528126,2.2696016669942765,True,False,[],insufficienti,653,1790410235.334319,0,False,76c6e071aa99482dd1416e43cddf8a67c855ea9f6faaf5ea73a681cea194853d,,,,,,,,
Mac,campagna_mac_replica_2026-09-26,run_115.json,C3_offline,salary,base_t,fixed_10,4,4,0.0001,15.0,10,False,3.732221375001245,3.724707125002169,0.0,0.0003639589995145798,0.006931124997208826,5.917566286856586,5.917566286856586,-2.185344911855341,-2.185344911855341,0,False,True,"[""42000""]",completo,50,1790410252.608026,0,False,b693c24cba8b5e430227df700614b07065e2baee0d994ebd877346bdccdc25ba,,,,,,,,
Mac,campagna_mac_replica_2026-09-26,run_116.json,C3_offline,ticket,procedura_e42,adaptive,1,4,0.0001,5.0,8,False,5.881538999994518,5.873340874997666,0.0,0.0005547500040847808,0.00737904199922923,4.774053029485269,4.774053029485269,1.1074859705092495,1.1074859705092495,0.8815389999945182,True,False,[],insufficienti,230,1790410256.3464398,0,False,ad2d50ced68e6eadb37d5c1f78a4746396c4aa38a3e09677b2cc3fe300be3558,,,,,,,,
Mac,campagna_mac_replica_2026-09-26,run_117.json,C3_offline,salary,base_t,fixed_5,3,4,0.0001,30.0,5,False,1.794711415990605,1.7871791659999872,0.0,0.00031112501164898276,0.0070865829911781475,3.058783143428293,3.058783143428293,-1.2640717274376878,-1.2640717274376878,0,False,False,[],insufficienti,25,1790410262.230526,0,False,6834c17933e46b41e4f03a07a1af9d350da75f357494b8e601574ff38b2c6a6a,,,,,,,,
Mac,campagna_mac_replica_2026-09-26,run_118.json,C3_offline,salary,base_t,fixed_10,0,4,0.0001,15.0,10,False,3.7784428750019288,3.7695321250066627,0.0,0.00032300000020768493,0.008314165999763645,5.917566286856586,5.917566286856586,-2.1391234118546576,-2.1391234118546576,0,False,False,[],insufficienti,50,1790410264.0299652,0,False,d09dad482f6bdc780a870a74f9b301b3db4358eab2ab33b4c4805b29db073e14,,,,,,,,
Mac,campagna_mac_replica_2026-09-26,run_119.json,C3_offline,ticket,procedura_e42,fixed_10,0,4,0.0001,5.0,10,False,6.308552167000016,6.300445707995095,0.0,0.0005593329988187179,0.007293124988791533,5.917566286856586,5.917566286856586,0.39098588014342983,0.39098588014342983,1.3085521670000162,True,False,[],insufficienti,217,1790410267.8125582,0,False,676af5864c81ad95e53e49a18b490e22a3977becf1fe474bf04fc14a5b8a2155,,,,,,,,
Mac,campagna_mac_replica_2026-09-26,run_120.json,C3_offline,salary,base_t,fixed_40,2,4,0.0001,15.0,40,False,15.016045917000156,15.00742987501144,0.0,0.00040829200588632375,0.007940249997773208,23.070265147426344,23.070265147426344,-8.054219230426188,-8.054219230426188,0.016045917000155896,True,True,"[""42000""]",completo,200,1790410274.124327,0,False,053db6c9d74342d1269179139b79f9c84c7cc686a5f206176c1738d7b94c6b6f,,,,,,,,
Mac,campagna_mac_replica_2026-09-26,run_121.json,C3_offline,salary,base_t,adaptive,1,4,0.0001,15.0,25,False,9.419367624999722,9.410792583003058,0.0,0.00039179199666250497,0.007918415998574346,14.493915717141464,14.493915717141464,-5.074548092141741,-5.074548092141741,0,False,True,"[""42000""]",completo,125,1790410289.144872,0,False,5a4c60a91ae0e33ca46d85c6f47ae21d6c01af626e58b570b2da73f6ba954ebd,,,,,,,,
Mac,campagna_mac_replica_2026-09-26,run_122.json,C3_offline,ticket,procedura_e42,fixed_10,2,4,0.0001,5.0,10,False,6.368730249989312,6.360966499996721,0.0,0.00052299999515526,0.0070063750026747584,5.917566286856586,5.917566286856586,0.4511639631327258,0.4511639631327258,1.3687302499893121,True,False,[],insufficienti,231,1790410298.567879,0,False,4eb05beddb1b2882ddc1999790111bf610fcd2c605cef57884354bd627d3cd77,,,,,,,,
Mac,campagna_mac_replica_2026-09-26,run_123.json,C3_offline,ticket,procedura_e42,fixed_10,0,4,0.0001,30.0,10,False,6.539913832995808,6.531634750004741,0.0,0.0005460410029627383,0.0075341250048950315,5.917566286856586,5.917566286856586,0.6223475461392214,0.6223475461392214,0,False,False,[],insufficienti,240,1790410304.940164,0,False,3fc63a24665a1903e2a6544fc931ac3c95b27987a7944f4390516324758c70e3,,,,,,,,
Mac,campagna_mac_replica_2026-09-26,run_124.json,C3_offline,ticket,procedura_e42,fixed_20,1,4,0.0001,15.0,20,False,13.594882541990955,13.586794041999383,0.0,0.000805666990345344,0.00707454199437052,11.635132573713172,11.635132573713172,1.9597499682777837,1.9597499682777837,0,False,False,[],insufficienti,504,1790410311.4835782,0,False,19b627f1006d9aa6be5070540bbf74594228b9240e627758fea25d9f0898bdaa,,,,,,,,
Mac,campagna_mac_replica_2026-09-26,run_125.json,C3_offline,salary,base_t,fixed_20,1,4,0.0001,30.0,20,False,7.548001834002207,7.539973999999347,0.0,0.0003402500005904585,0.007464416004950181,11.635132573713172,11.635132573713172,-4.087130739710965,-4.087130739710965,0,False,True,"[""42000""]",completo,100,1790410325.082268,0,False,82595bc455cdca25a1a04057c32cef3e6897618eb93846d12cc86ca3f29dd882,,,,,,,,
Mac,campagna_mac_replica_2026-09-26,run_126.json,C3_offline,salary,base_t,fixed_40,3,4,0.0001,30.0,40,False,15.066512500008685,15.057534833002137,0.0,0.0005252919945633039,0.008091625000815839,23.070265147426344,23.070265147426344,-8.00375264741766,-8.00375264741766,0,False,True,"[""42000""]",completo,200,1790410332.634681,0,False,19432627bb1198b57c5956aa7003ecb0afa1ecdb558cfffd58f571464ae860c8,,,,,,,,
Mac,campagna_mac_replica_2026-09-26,run_127.json,C3_offline,ticket,procedura_e42,fixed_20,2,4,0.0001,15.0,20,False,14.199081374987145,14.190054624996264,0.0,0.0012350000033620745,0.007231249997857958,11.635132573713172,11.635132573713172,2.5639488012739733,2.5639488012739733,0,False,False,[],insufficienti,529,1790410347.7053702,0,False,64b1a37a4b6e40687a70ee233a548bfaeb0e4225c2c3e223fc95be41f2c2cee3,,,,,,,,
Mac,campagna_mac_replica_2026-09-26,run_128.json,C3_offline,ticket,procedura_e42,fixed_20,3,4,0.0001,30.0,20,False,14.956018083990784,14.947652582995943,0.0,0.0006387089961208403,0.007374916996923275,11.635132573713172,11.635132573713172,3.3208855102776127,3.3208855102776127,0,False,False,[],insufficienti,498,1790410362.017343,0,False,85d9891b5b68087a6cb53c859856eded95467a02c747c94a6c81ee1d8af53bca,,,,,,,,
Mac,campagna_mac_replica_2026-09-26,run_129.json,C3_offline,salary,base_t,fixed_10,0,4,0.0001,30.0,10,False,4.188218583003618,4.184647083005984,0.0,0.00032579200342297554,0.0030594169948017225,5.917566286856586,5.917566286856586,-1.7293477038529685,-1.7293477038529685,0,False,False,[],insufficienti,50,1790410376.97901,0,False,8bd1f925a42215acb4b2eeae56ffe4db0f8b357c0a1a4d1d937c6ed0968f0a6e,,,,,,,,
Mac,campagna_mac_replica_2026-09-26,run_130.json,C3_offline,ticket,procedura_e42,fixed_5,4,4,0.0001,30.0,5,False,4.24187220800377,4.2332355420076055,0.0,0.000608833011938259,0.007742917005089112,3.058783143428293,3.058783143428293,1.1830890645754768,1.1830890645754768,0,False,False,[],insufficienti,141,1790410381.171496,0,False,c6f4506c287e72b10b118584b393d3bd2229257468c2dd909b5ad25d1a2edd07,,,,,,,,
Mac,campagna_mac_replica_2026-09-26,run_131.json,C3_offline,salary,base_t,adaptive,2,4,0.0001,30.0,40,False,16.48410166699614,16.475328041997273,0.0,0.0003751250042114407,0.00814279199403245,23.070265147426344,23.070265147426344,-6.586163480430205,-6.586163480430205,0,False,True,"[""42000""]",completo,200,1790410385.417695,0,False,351648fa428b63d71b7086c08cacdb3be069ba7abbc6ed2492dc2e783982cd35,,,,,,,,
Mac,campagna_mac_replica_2026-09-26,run_132.json,C3_offline,ticket,procedura_e42,fixed_5,4,4,0.0001,5.0,5,False,3.753191917014192,3.744051708999905,0.0,0.0003032919921679422,0.008621250002761371,3.058783143428293,3.058783143428293,0.694408773585899,0.694408773585899,0,False,False,[],insufficienti,135,1790410401.907072,0,False,469c4b8af67707815c358f0afe9b4baa221d2d6169d54cc755584bbda903c75f,,,,,,,,
Mac,campagna_mac_replica_2026-09-26,run_133.json,C3_offline,ticket,procedura_e42,adaptive,0,4,0.0001,5.0,8,False,5.763979458002723,5.757930583000416,0.0,0.00047054101014509797,0.005403667004429735,4.774053029485269,4.774053029485269,0.989926428517454,0.989926428517454,0.7639794580027228,True,False,[],insufficienti,207,1790410405.662743,0,False,74a9a10dcd7d4438d7cee13eb59cbbde15156ad118a420d107c8a92f1abfeb0e,,,,,,,,
Mac,campagna_mac_replica_2026-09-26,run_134.json,C3_offline,salary,base_t,fixed_40,3,4,0.0001,5.0,40,False,17.824414250004338,17.81548454199219,0.0,0.0010474579903529957,0.0075526250002440065,23.070265147426344,23.070265147426344,-5.245850897422006,-5.245850897422006,12.824414250004338,True,True,"[""42000""]",completo,201,1790410411.429931,0,False,4b73f2cb14d8b05ffb29a5fbff28e88a26f10f123a0a5951b09f91e395173222,,,,,,,,
Mac,campagna_mac_replica_2026-09-26,run_135.json,C3_offline,ticket,procedura_e42,fixed_5,1,4,0.0001,5.0,5,False,4.0530614589952165,4.04525445800391,0.0,0.0005011250032112002,0.007035333008388989,3.058783143428293,3.058783143428293,0.9942783155669237,0.9942783155669237,0,False,False,[],insufficienti,133,1790410429.261183,0,False,b7a8e70f00d6d567c07276eb5b86384bac35421c2ab9b84bb90fdcc67599379a,,,,,,,,
Mac,campagna_mac_replica_2026-09-26,run_136.json,C3_offline,salary,base_t,fixed_5,1,4,0.0001,5.0,5,False,2.0119065000035334,2.006217000001925,0.0,0.00026379201153758913,0.005280582990963012,3.058783143428293,3.058783143428293,-1.0468766434247594,-1.0468766434247594,0,False,False,[],insufficienti,25,1790410433.317621,0,False,b4683020d708efa7c2e587ce4ec50c3aad6c5a554c36e6be1c853c20770a5e52,,,,,,,,
Mac,campagna_mac_replica_2026-09-26,run_137.json,C3_offline,ticket,procedura_e42,fixed_5,0,4,0.0001,5.0,5,False,3.804655375002767,3.7968793749896577,0.0,0.0009320840035798028,0.006625958005315624,3.058783143428293,3.058783143428293,0.7458722315744741,0.7458722315744741,0,False,False,[],insufficienti,127,1790410435.3338099,0,False,75ff3c868f97b9e0a728df0adf0b78b5b29217b4ea63704c400d3c45f33a4eff,,,,,,,,
Mac,campagna_mac_replica_2026-09-26,run_138.json,C3_offline,salary,base_t,fixed_10,2,4,0.0001,30.0,10,False,4.375346458997228,4.370402832995751,0.0,0.00028362499142531306,0.004474000001209788,5.917566286856586,5.917566286856586,-1.5422198278593582,-1.5422198278593582,0,False,False,[],insufficienti,50,1790410439.141855,0,False,1a81be012c8e3f5e1e5fb0f5a22fa056bd9ec0fcb645729b0db84989ed878122,,,,,,,,
Mac,campagna_mac_replica_2026-09-26,run_139.json,C3_offline,ticket,procedura_e42,fixed_40,3,4,0.0001,5.0,40,False,29.65438816700771,29.6458987500082,0.0,0.0012219170021126047,0.007030583990854211,23.070265147426344,23.070265147426344,6.584123019581366,6.584123019581366,24.65438816700771,True,True,"[""arrestare"", ""cache"", ""cancellare"", ""ferrosync"", ""locale"", ""riavviare"", ""ricorrere"", ""servizio"", ""tecnico""]",completo,1058,1790410443.521589,0,False,263ebd972f7a60e4f146f7531171bde8a663eb86493b9e803d725ecd8737ede7,,,,,,,,
Mac,campagna_mac_replica_2026-09-26,run_140.json,C3_offline,salary,base_t,fixed_5,4,4,0.0001,15.0,5,False,1.9061991250055144,1.9025931670039427,0.0,0.0002694169961614534,0.0031342500005848706,3.058783143428293,3.058783143428293,-1.1525840184227785,-1.1525840184227785,0,False,False,[],insufficienti,25,1790410473.180267,0,False,13990bc767fe3c5478d311affe42197df41fdddbaa70d62e1375f7e91677376d,,,,,,,,
Mac,campagna_mac_replica_2026-09-26,run_141.json,C3_offline,ticket,procedura_e42,fixed_20,1,4,0.0001,5.0,20,False,14.304976207989966,14.296792125009233,0.0,0.0009676249901531264,0.006997915988904424,11.635132573713172,11.635132573713172,2.669843634276795,2.669843634276795,9.304976207989966,True,False,[],insufficienti,523,1790410475.0899122,0,False,699c704a94b51d2292ada2ecac665ddd7b4fe4e270d2d6f0ff23350cde099378,,,,,,,,
Mac,campagna_mac_replica_2026-09-26,run_142.json,C3_offline,ticket,procedura_e42,fixed_10,4,4,0.0001,5.0,10,False,6.6918547499954,6.683639166993089,0.0,0.0007356249989243224,0.007291709000128321,5.917566286856586,5.917566286856586,0.7742884631388138,0.7742884631388138,1.6918547499954002,True,False,[],insufficienti,232,1790410489.399075,0,False,bb2f466c88ef848706afb7546c354672ac30f4b10bb6ecc3f7f9691802a75a11,,,,,,,,
Mac,campagna_mac_replica_2026-09-26,run_143.json,C3_offline,ticket,procedura_e42,fixed_40,1,4,0.0001,30.0,40,False,28.40714720899996,28.396596459002467,0.0,0.0010349579970352352,0.009231666001142003,23.070265147426344,23.070265147426344,5.336882061573615,5.336882061573615,0,False,False,[],insufficienti,1042,1790410496.0968168,0,False,f4cc4be326f0b6ca2801e103873c265f06dd4b55b451bb6aeae67f93e9aaaa42,,,,,,,,
Mac,campagna_mac_replica_2026-09-26,run_144.json,C3_offline,salary,base_t,fixed_20,3,4,0.0001,30.0,20,False,7.780463332994259,7.772470500000054,0.0,0.0003103749913861975,0.00746054200863,11.635132573713172,11.635132573713172,-3.8546692407189127,-3.8546692407189127,0,False,True,"[""42000""]",completo,100,1790410524.507432,0,False,c93e6d192b07c01fce3aeb13614e23751f8eeea7af6e2bcea1742b29f2747e9f,,,,,,,,
Mac,campagna_mac_replica_2026-09-26,run_145.json,C3_offline,salary,base_t,adaptive,2,4,0.0001,15.0,25,False,9.612184000012348,9.60352433299704,0.0,0.00040691600588615984,0.008031042001675814,14.493915717141464,14.493915717141464,-4.8817317171291155,-4.8817317171291155,0,False,True,"[""42000""]",completo,125,1790410532.291817,0,False,bc892ace8afd45f628398c20bfa9ac3b2f6047c9a24a4f1082b77867b37c57da,,,,,,,,
Mac,campagna_mac_replica_2026-09-26,run_146.json,C3_offline,salary,base_t,fixed_10,1,4,0.0001,5.0,10,False,3.8428972080000676,3.8340053749998333,0.0,0.00029808300314471126,0.008328083000378683,5.917566286856586,5.917566286856586,-2.0746690788565187,-2.0746690788565187,0,False,False,[],insufficienti,50,1790410541.908524,0,False,1fe5766f2113bb80f51334d6aaffcaa7713c199d7ec90f85cd755b3447cb7181,,,,,,,,
Mac,campagna_mac_replica_2026-09-26,run_147.json,C3_offline,ticket,procedura_e42,fixed_10,0,4,0.0001,15.0,10,False,7.058920790994307,7.054989624986774,0.0,0.0006732910114806145,0.0030365839920705184,5.917566286856586,5.917566286856586,1.1413545041377207,1.1413545041377207,0,False,False,[],insufficienti,263,1790410545.7551382,0,False,e4e5d2253169094cb5b7e11048f8a6a741f854e21cdfeb6dec3fac4b012d0ae0,,,,,,,,
Mac,campagna_mac_replica_2026-09-26,run_148.json,C3_offline,salary,base_t,fixed_10,4,4,0.0001,5.0,10,False,3.823363834002521,3.8152971669915132,0.0,0.00031304199364967644,0.007544917010818608,5.917566286856586,5.917566286856586,-2.0942024528540655,-2.0942024528540655,0,False,False,[],insufficienti,50,1790410552.818229,0,False,29424a5ac3568fc471d77cbe4597d91913b411aa8324ae41d53709bc28a675b6,,,,,,,,
Mac,campagna_mac_replica_2026-09-26,run_149.json,C3_offline,ticket,procedura_e42,adaptive,0,4,0.0001,15.0,25,False,17.202321333999862,17.193970958003774,0.0,0.0009488750074524432,0.007153333004680462,14.493915717141464,14.493915717141464,2.708405616858398,2.708405616858398,2.202321333999862,True,False,[],insufficienti,613,1790410556.646134,0,False,472487559e2fbf22e41b021d77b00eb1476c2bc429dce0857348cf80a688114c,,,,,,,,
Mac,campagna_mac_replica_2026-09-26,run_150.json,C1_cloud,ticket,dettaglio_unico,adaptive,0,8,0.01,60.0,40,True,29.149723374997848,18.018311500010896,11.118096332997084,0.0005634580011246726,0.006688833993393928,26.33526606342226,26.33526606342226,2.8144573115755875,2.8144573115755875,0,False,False,[],insufficienti,321,1790410573.852176,0,False,d03505dab6406323d1e0c2ab00390c495514e40752adddb4d636c838903013a6,,M001,unique_abstention,,,,,
Mac,campagna_mac_replica_2026-09-26,run_151.json,C1_cloud,ticket,procedura_e42,adaptive,2,8,0.01,60.0,40,True,34.286238000000594,23.293653084008838,10.982641000009608,0.0010227079910691828,0.007032375011476688,26.33526606342226,26.33526606342226,7.950971936578334,7.950971936578334,0,False,True,"[""arrestare"", ""cache"", ""cancellare"", ""ferrosync"", ""locale"", ""riavviare"", ""ricorrere"", ""servizio"", ""tecnico""]",completo,997,1790410603.424005,0,False,61efb16d7ca1f3b56100ef2d7501e3e792796f02c86147a2897dd97fcda68f50,,M002,C_generic,True,True,False,True,True
Mac,campagna_mac_replica_2026-09-26,run_152.json,C1_cloud,squad,super_bowl,adaptive,0,8.0,0.01,60.0,40,True,20.371053833005135,13.702333249995718,6.655858083002386,0.0008435000054305419,0.01029795799695421,26.33526606342226,26.33526606342226,-5.964212230417125,-5.964212230417125,0,False,True,"[""bowl"", ""england"", ""new"", ""patriots"", ""super"", ""won""]",completo,516,1790410637.795248,0,False,2163c3549b61223fabdcdc9c4abb3a8c3e720dd20fbeb65e51544f5f531371c2,,R003,target_correct,True,,,,True
Mac,campagna_mac_replica_2026-09-26,run_153.json,C1_cloud,ticket,procedura_e42,adaptive,3,8,0.01,60.0,40,True,34.942412084012176,23.868827500002226,11.062449958000798,0.0014198749995557591,0.007431042002281174,26.33526606342226,26.33526606342226,8.607146020589916,8.607146020589916,0,False,True,"[""arrestare"", ""cache"", ""cancellare"", ""ferrosync"", ""locale"", ""riavviare"", ""ricorrere"", ""servizio"", ""tecnico""]",completo,1035,1790410658.267574,0,False,354c86885794fcc3d350e373afcdd5d30c0ba6bf3b7ddf9576822ba156837f32,,M003,C_generic,True,True,False,True,True
Mac,campagna_mac_replica_2026-09-26,run_154.json,C1_cloud,squad,super_bowl,adaptive,4,1.0,0.0001,60.0,40,True,17.414122166999732,12.857121374996495,4.5455910000018775,0.000275083992164582,0.009645792000810616,26.33526606342226,26.33526606342226,-8.921143896422528,-8.921143896422528,0,False,False,[],insufficienti,495,1790410693.30142,0,False,4c5d26665e4c172da65b67654d0f26c230f9657a86a39914682cc0f629751ee7,,M004,target_correct,True,,,,True
Mac,campagna_mac_replica_2026-09-26,run_155.json,C1_cloud,squad,super_bowl,adaptive,3,8.0,0.01,60.0,40,True,25.003887875005603,12.976865666001686,12.014585333003197,0.000960250006755814,0.009582957995007746,26.33526606342226,26.33526606342226,-1.3313781884166573,-1.3313781884166573,0,False,True,"[""bowl"", ""england"", ""new"", ""patriots"", ""super"", ""won""]",completo,507,1790410710.8038158,0,False,b1d1d3e3c8842cdce8900d316158a5385afc63f9d00b3b2063e2a48f83f777cd,,M005,target_correct,True,,,,True
Mac,campagna_mac_replica_2026-09-26,run_156.json,C1_cloud,squad,super_bowl,adaptive,0,1.0,0.0001,60.0,40,True,16.580740249992232,13.436930457988637,3.130951917002676,0.0009652089938754216,0.010120790990185924,26.33526606342226,26.33526606342226,-9.754525813430028,-9.754525813430028,0,False,False,[],insufficienti,492,1790410735.912478,0,False,241045eb3ad8fadb42a4d3450fe37573322185e85b7db2966cc14a9c8d755545,,M006,target_correct,True,,,,True
Mac,campagna_mac_replica_2026-09-26,run_157.json,C1_cloud,ticket,procedura_e42,adaptive,0,8,0.01,60.0,40,True,35.93821712498902,24.897935999993933,11.03112191701075,0.0010205829894402996,0.006585709008504637,26.33526606342226,26.33526606342226,9.602951061566763,9.602951061566763,0,False,True,"[""arrestare"", ""cache"", ""cancellare"", ""ferrosync"", ""locale"", ""riavviare"", ""ricorrere"", ""servizio"", ""tecnico""]",completo,1010,1790410752.5787141,0,False,8f7e46e1a77cc1721500a72c3394b316debd5aebc001d55533460111830137e2,,M007,C_extra,True,True,False,False,True
Mac,campagna_mac_replica_2026-09-26,run_158.json,C1_cloud,ticket,dettaglio_unico,adaptive,2,8,0.01,60.0,40,True,23.38589116699586,16.08544208300009,7.290691709000384,0.0005427090072771534,0.007393708991003223,26.33526606342226,26.33526606342226,-2.9493748964263986,-2.9493748964263986,0,False,False,[],insufficienti,320,1790410788.6021929,0,False,21b6d54a7ccb7799d8d73e2fcc49ba745b03db69560c2f5639ce73f740e23379,,M008,unique_abstention,,,,,
Mac,campagna_mac_replica_2026-09-26,run_159.json,C1_cloud,ticket,procedura_e42,adaptive,1,8,0.01,60.0,40,True,35.65411800000584,25.048590167003567,10.594513417003327,0.0011407499987399206,0.00812433401006274,26.33526606342226,26.33526606342226,9.318851936583577,9.318851936583577,0,False,True,"[""arrestare"", ""cache"", ""cancellare"", ""ferrosync"", ""locale"", ""riavviare"", ""ricorrere"", ""servizio"", ""tecnico""]",completo,1028,1790410812.0715258,0,False,9cfabd2e0317dea66e6e06179da8f13112d00f2c9da9054fba3edc58f00f3464,,M009,C_generic,True,True,False,True,True
Mac,campagna_mac_replica_2026-09-26,run_160.json,C1_cloud,squad,super_bowl,adaptive,3,1.0,0.0001,60.0,40,True,21.512792374996934,14.155283583997516,7.345212915999582,0.0009781250118976459,0.009201124994433485,26.33526606342226,26.33526606342226,-4.822473688425326,-4.822473688425326,0,False,False,[],insufficienti,516,1790410847.815704,0,False,7f9cc899e4ba80b4b19be7dba6b029c64095ac427dee41516104b7eb24fbd7ab,,M010,target_correct,True,,,,True
Mac,campagna_mac_replica_2026-09-26,run_161.json,C1_cloud,squad,super_bowl,adaptive,1,1.0,0.0001,60.0,40,True,17.19942308300233,12.533946499999729,4.652899499997147,0.0011172920058015734,0.009130125006777234,26.33526606342226,26.33526606342226,-9.13584298041993,-9.13584298041993,0,False,False,[],insufficienti,475,1790410869.430214,0,False,4bc04cc6652dfff3b9a896114367042e6ac31533af771b1efcd9d7e28bc21d1a,,M011,target_correct,True,,,,True
Mac,campagna_mac_replica_2026-09-26,run_162.json,C1_cloud,squad,super_bowl,adaptive,2,8.0,0.01,60.0,40,True,23.693575208002585,13.58509141599643,10.095591749995947,0.0010220830008620396,0.009741709000081755,26.33526606342226,26.33526606342226,-2.641690855419675,-2.641690855419675,0,False,True,"[""bowl"", ""england"", ""new"", ""patriots"", ""super"", ""won""]",completo,509,1790410886.716196,0,False,b709611323fbc7db1c8228cd1a7f65ea61c4ac1aedb0acc0938636ddc446bee8,,M012,contradictory,False,,,,False
Mac,campagna_mac_replica_2026-09-26,run_163.json,C1_cloud,ticket,procedura_e42,adaptive,4,8,0.01,60.0,40,True,37.36169258400332,26.102617583004758,11.248564209003234,0.0012513330002548173,0.0075198749982519075,26.33526606342226,26.33526606342226,11.026426520581062,11.026426520581062,0,False,True,"[""arrestare"", ""cache"", ""cancellare"", ""ferrosync"", ""locale"", ""riavviare"", ""ricorrere"", ""servizio"", ""tecnico""]",completo,1050,1790410910.498807,0,False,c611490063930efd2cecbbb609a040de2b4e10234a10c7db13531b3aa81a18b9,,M013,C_extra,True,True,False,False,True
Mac,campagna_mac_replica_2026-09-26,run_164.json,C1_cloud,squad,super_bowl,adaptive,2,1.0,0.0001,60.0,40,True,16.59849300001224,12.765228459000355,3.8200740829925053,0.0009724999981699511,0.010081374988658354,26.33526606342226,26.33526606342226,-9.73677306341002,-9.73677306341002,0,False,False,[],insufficienti,481,1790410947.947449,0,False,678fce6d0df2071049bd7508bf01d307e16dbbf39b8e1f2b4d8a2174484e7238,,M014,target_correct,True,,,,True
Mac,campagna_mac_replica_2026-09-26,run_165.json,C1_cloud,ticket,dettaglio_unico,adaptive,3,8,0.01,60.0,40,True,22.610972791007953,14.477782000001753,8.123133291999693,0.00047029199777171016,0.007513208009186201,26.33526606342226,26.33526606342226,-3.7242932724143074,-3.7242932724143074,0,False,False,[],insufficienti,320,1790410964.627879,0,False,08da370722921adce04cdfa8325fe4b25a74e847f37062248fd55f2a16ef6517,,M015,unique_abstention,,,,,
Mac,campagna_mac_replica_2026-09-26,run_166.json,C1_cloud,ticket,dettaglio_unico,adaptive,4,8,0.01,60.0,40,True,22.042958750011167,14.498704167010146,7.536132374996669,0.0004372080002212897,0.005330708998371847,26.33526606342226,26.33526606342226,-4.292307313411094,-4.292307313411094,0,False,False,[],insufficienti,320,1790410987.329362,0,False,71de44a7f100d09f51bc98e2e71c176cbb366ec0e707cb77f057865cc1c96c59,,M016,unique_abstention,,,,,
Mac,campagna_mac_replica_2026-09-26,run_167.json,C1_cloud,ticket,dettaglio_unico,adaptive,1,8,0.01,60.0,40,True,25.63273895799648,15.971034582995344,9.652626208000584,0.0003735409991350025,0.007275750002008863,26.33526606342226,26.33526606342226,-0.70252710542578,-0.70252710542578,0,False,False,[],insufficienti,321,1790411009.4569018,0,False,295549bdf69ec79adc59dd5d427af7057bb4c0adbb54b7611af668239f8c63b0,,M017,unique_abstention,,,,,
Mac,campagna_mac_replica_2026-09-26,run_168.json,C1_cloud,squad,super_bowl,adaptive,4,8.0,0.01,60.0,40,True,20.449579417007044,11.966823875001865,8.471141040994553,0.0008577080006944016,0.008961207990068942,26.33526606342226,26.33526606342226,-5.885686646415216,-5.885686646415216,0,False,True,"[""bowl"", ""england"", ""new"", ""patriots"", ""super"", ""won""]",completo,492,1790411035.221787,0,False,ec859078835b65df01c898ab8991e476fd11bab2874a644282c0c907d5eb6f62,,M018,target_wrong,False,,,,False
Mac,campagna_mac_replica_2026-09-26,run_169.json,C1_cloud,squad,super_bowl,adaptive,1,8.0,0.01,60.0,40,True,24.601247291997424,13.030662207995192,11.55924316700839,0.000943125007324852,0.008711834001587704,26.33526606342226,26.33526606342226,-1.7340187714248358,-1.7340187714248358,0,False,True,"[""bowl"", ""england"", ""new"", ""patriots"", ""super"", ""won""]",completo,517,1790411055.773549,0,False,c2a541c7c5a4c9780ea29ac2bb1128a2a95febda51a4d929d784c84a47a3dc6d,,M019,target_correct,True,,,,True
Mac,campagna_mac_replica_2026-09-26,run_170.json,C3_cloud,ticket,procedura_e42,adaptive,2,4,0.0001,30.0,40,True,47.851992334006354,29.834874167005182,18.00017533299979,0.005556499992962927,0.004234583000652492,26.33526606342226,26.33526606342226,21.516726270584094,21.516726270584094,17.851992334006354,True,False,[],insufficienti,1027,1790411080.488467,0,False,9bf061e1afce56016123c4c5e2de822a48744a7f6d68adc579715c5289ca9f99,,M020,A,False,False,False,False,False
Mac,campagna_mac_replica_2026-09-26,run_171.json,C3_cloud,ticket,procedura_e42,fixed_20,4,4,0.0001,15.0,20,True,29.907817250001244,12.439240167004755,17.45844433401362,0.0007442499918397516,0.007193541998276487,14.900133489709088,14.900133489709088,15.007683760292156,15.007683760292156,14.907817250001244,True,False,[],insufficienti,526,1790411128.442053,0,False,a4682f87677d73f191516c8d3986180af6b5092dc37231abac0b30b99cd4a670,,M021,A,False,False,False,False,False
Mac,campagna_mac_replica_2026-09-26,run_172.json,C3_cloud,ticket,procedura_e42,fixed_20,3,4,0.0001,15.0,20,True,26.043121082999278,11.137799917007214,14.895304667006712,0.0008877499931259081,0.006958250000025146,14.900133489709088,14.900133489709088,11.14298759329019,11.14298759329019,11.043121082999278,True,False,[],insufficienti,464,1790411158.455224,0,False,e14bc89eae615afb72cc12f0470775d43b4e668c96019c95d1a368f7c5737299,,M022,A,False,False,False,False,False
Mac,campagna_mac_replica_2026-09-26,run_173.json,C3_cloud,ticket,procedura_e42,fixed_40,1,4,0.0001,15.0,40,True,39.33490637500654,23.751820457997383,15.57192083299742,0.0015109170053619891,0.0074695829971460626,26.33526606342226,26.33526606342226,12.99964031158428,12.99964031158428,24.33490637500654,True,False,[],insufficienti,1031,1790411184.5857751,0,False,e63bd4b027e7d2cc8663c7542b855610071a170a9993baa03578d69062ce0c36,,M023,A,False,False,False,False,False
Mac,campagna_mac_replica_2026-09-26,run_174.json,C3_cloud,ticket,procedura_e42,fixed_40,4,4,0.0001,15.0,40,True,43.311043584006256,24.25940387499577,19.044550874998095,0.0010664580040611327,0.004440584001713432,26.33526606342226,26.33526606342226,16.975777520583996,16.975777520583996,28.311043584006256,True,False,[],insufficienti,1071,1790411224.022947,0,False,c56d5a9083d698868ccda3437434da9448aef0de504effcf558203b31512a310,,M024,A,False,False,False,False,False
Mac,campagna_mac_replica_2026-09-26,run_175.json,C3_cloud,ticket,procedura_e42,fixed_40,0,4,0.0001,15.0,40,True,40.76944037499197,23.41123687500658,17.347457833006047,0.0013177919900044799,0.00756070799252484,26.33526606342226,26.33526606342226,14.434174311569713,14.434174311569713,25.769440374991973,True,False,[],insufficienti,1006,1790411267.422879,0,False,5030376abbc55df9b7b0e088f95dc01224b2271eba85f67eecbe2c3d199e5dee,,M025,A,False,False,False,False,False
Mac,campagna_mac_replica_2026-09-26,run_176.json,C3_cloud,ticket,procedura_e42,fixed_20,3,4,0.0001,30.0,20,True,30.087393207999412,12.109326042002067,17.96892545800074,0.0006768339953850955,0.00582758299424313,14.900133489709088,14.900133489709088,15.187259718290324,15.187259718290324,0.08739320799941197,True,False,[],insufficienti,536,1790411308.280489,0,False,d4c3b51166ffb7a3d1b00b2c6bc401dfd511528faaed7275c426b595ef34f59a,,M026,A,False,False,False,False,False
Mac,campagna_mac_replica_2026-09-26,run_177.json,C3_cloud,ticket,procedura_e42,fixed_40,0,4,0.0001,30.0,40,True,42.33330008300254,23.57017024999368,18.752544250004576,0.0012907080090371892,0.007051250009681098,26.33526606342226,26.33526606342226,15.998034019580281,15.998034019580281,12.333300083002541,True,False,[],insufficienti,1012,1790411338.4603689,0,False,8a0a79eaac1670304f9c1042a0eb85ac981f8275f39c5b4df3f00dd6d4dea969,,M027,A_extra,False,False,False,False,False
Mac,campagna_mac_replica_2026-09-26,run_178.json,C3_cloud,ticket,procedura_e42,fixed_40,2,4,0.0001,15.0,40,True,34.71946612501051,23.868253249995178,10.841011166005046,0.0011799170024460182,0.007392207990051247,26.33526606342226,26.33526606342226,8.384200061588253,8.384200061588253,19.719466125010513,True,True,"[""arrestare"", ""cache"", ""cancellare"", ""ferrosync"", ""locale"", ""riavviare"", ""ricorrere"", ""servizio"", ""tecnico""]",completo,1032,1790411380.883358,0,False,3a843922bce5745e673e038a1457481933e798bc92dea792d4646a560fdbc43e,,M028,C_extra,True,True,False,False,False
Mac,campagna_mac_replica_2026-09-26,run_179.json,C3_cloud,ticket,procedura_e42,adaptive,4,4,0.0001,15.0,20,True,31.351680624997243,11.72874329201295,19.612128833003226,0.0008074999932432547,0.007767957999021746,14.900133489709088,14.900133489709088,16.451547135288155,16.451547135288155,16.351680624997243,True,False,[],insufficienti,504,1790411415.6852639,0,False,79761b2b17300775842513055b58a833660a2d6d034ae8c5f2a5e155b4da5248,,M029,A,False,False,False,False,False
Mac,campagna_mac_replica_2026-09-26,run_180.json,C3_cloud,ticket,procedura_e42,fixed_40,4,4,0.0001,30.0,40,True,40.57026983299875,23.54294787500112,17.015827333001653,0.0014754169969819486,0.007944625001982786,26.33526606342226,26.33526606342226,14.235003769576487,14.235003769576487,10.570269832998747,True,True,"[""arrestare"", ""cache"", ""cancellare"", ""ferrosync"", ""locale"", ""riavviare"", ""ricorrere"", ""servizio"", ""tecnico""]",completo,1018,1790411447.123147,0,False,1587f22354f754ae30f39c08485d8ec0b5caf346c935e0633aaf5347e9ffa9c3,,M030,C_extra,True,True,False,False,False
Mac,campagna_mac_replica_2026-09-26,run_181.json,C3_cloud,ticket,procedura_e42,fixed_40,1,4,0.0001,30.0,40,True,38.82153237500461,25.700120374996914,13.111371959006647,0.0011467919975984842,0.007298875003471039,26.33526606342226,26.33526606342226,12.486266311582348,12.486266311582348,8.821532375004608,True,False,[],insufficienti,1082,1790411487.783851,0,False,2dde1c2b5fecac73fe95e93958e48709ac06403a6a4904d11970e962a332becf,,M031,A,False,False,False,False,False
Mac,campagna_mac_replica_2026-09-26,run_182.json,C3_cloud,ticket,procedura_e42,fixed_40,2,4,0.0001,30.0,40,True,39.839508666002075,25.603461750011775,14.22549120799522,0.0010729170026024804,0.007537208992289379,26.33526606342226,26.33526606342226,13.504242602579815,13.504242602579815,9.839508666002075,True,False,[],insufficienti,1051,1790411526.6965609,0,False,a9f7d203cbbe596755251602a83790e44bdecdd1bea1970c2f2fa3a62bf13472,,M032,G,False,False,False,False,False
Mac,campagna_mac_replica_2026-09-26,run_183.json,C3_cloud,ticket,procedura_e42,fixed_40,3,4,0.0001,30.0,40,True,43.550782250007614,26.1782942909922,17.362370292001287,0.0012752500042552128,0.006895124999573454,26.33526606342226,26.33526606342226,17.215516186585354,17.215516186585354,13.550782250007614,True,False,[],insufficienti,1094,1790411566.620804,0,False,ec7adcfae1b844c95815322b1b6ceadc20b229bb37f50eeb5818fdf34f0d1062,,M033,A,False,False,False,False,False
Mac,campagna_mac_replica_2026-09-26,run_184.json,C3_cloud,ticket,procedura_e42,adaptive,4,4,0.0001,30.0,40,True,41.26585354200506,24.37477399999625,16.879519666996202,0.0014708329981658608,0.00688479098607786,26.33526606342226,26.33526606342226,14.930587478582801,14.930587478582801,11.265853542005061,True,False,[],insufficienti,1056,1790411610.26152,0,False,e25ebac5d2ca4e1eeab3d8b8c36bc007c736ac5f110aa6b61e39ddf2f804b291,,M034,A,False,False,False,False,False
Mac,campagna_mac_replica_2026-09-26,run_185.json,C3_cloud,ticket,procedura_e42,adaptive,0,4,0.0001,30.0,40,True,48.510955042002024,27.576662583000143,20.92380725000112,0.0012454999960027635,0.006888625008286908,26.33526606342226,26.33526606342226,22.175688978579764,22.175688978579764,18.510955042002024,True,False,[],insufficienti,993,1790411651.629191,0,False,c5954c3fb1ea15ea610fa063bf3b83819228a7bf9f146f822700c5dfde2ea777,,M035,G,False,False,False,False,False
Mac,campagna_mac_replica_2026-09-26,run_186.json,C3_cloud,ticket,procedura_e42,fixed_40,3,4,0.0001,15.0,40,True,50.92712404199119,37.40432629198767,13.513666415994521,0.0014072079939069226,0.003478665996226482,26.33526606342226,26.33526606342226,24.59185797856893,24.59185797856893,35.92712404199119,True,True,"[""arrestare"", ""cache"", ""cancellare"", ""ferrosync"", ""locale"", ""riavviare"", ""ricorrere"", ""servizio"", ""tecnico""]",completo,1043,1790411700.2265742,0,False,a2943c7e5378ec6de97c6478f8a0df957e84a7484db9982ea63ede6f4dc10b7a,,M036,C_extra,True,True,False,False,False
Mac,campagna_mac_replica_2026-09-26,run_187.json,C3_cloud,ticket,procedura_e42,adaptive,0,4,0.0001,15.0,20,True,33.95183841699327,18.307852957994328,15.636146458011353,0.0005933339998591691,0.005769375013187528,14.900133489709088,14.900133489709088,19.05170492728418,19.05170492728418,18.95183841699327,True,False,[],insufficienti,478,1790411751.2485251,0,False,d7d3149831c7bf227610cb26ccd9fbfa2faaa41eac15dfad8cb6fc9b01979ab9,,M037,A,False,False,False,False,False
Mac,campagna_mac_replica_2026-09-26,run_188.json,C3_cloud,ticket,procedura_e42,fixed_20,1,4,0.0001,30.0,20,True,28.188403750013094,12.098576042000786,16.08018383399758,0.0015321669925469905,0.004205500008538365,14.900133489709088,14.900133489709088,13.288270260304007,13.288270260304007,0,False,False,[],insufficienti,476,1790411785.289581,0,False,1d6eaa13a553dbc473b4c1e2369b1bba2f80f1057574ec774e12d842e7d93691,,M038,G,False,False,False,False,False
Mac,campagna_mac_replica_2026-09-26,run_189.json,C3_cloud,ticket,procedura_e42,adaptive,1,4,0.0001,30.0,40,True,50.749984875001246,23.844934458000353,26.889836749993265,0.0019211659964639693,0.008096125005977228,26.33526606342226,26.33526606342226,24.414718811578986,24.414718811578986,20.749984875001246,True,False,[],insufficienti,930,1790411813.5706189,0,False,01428ce17c2a9625661957872e2c4b573bbd3f49524faea6eb735967b180aa71,,M039,A,False,False,False,False,False
Mac,campagna_mac_replica_2026-09-26,run_190.json,C3_cloud,ticket,procedura_e42,adaptive,3,4,0.0001,30.0,40,True,40.84567770900321,24.452269540997804,16.376610958002857,0.006568291995790787,0.005832916998770088,26.33526606342226,26.33526606342226,14.510411645580952,14.510411645580952,10.845677709003212,True,True,"[""arrestare"", ""cache"", ""cancellare"", ""ferrosync"", ""locale"", ""riavviare"", ""ricorrere"", ""servizio"", ""tecnico""]",completo,983,1790411864.411577,0,False,4e68adbd18e1a37143acdb3d2d73a74efb15f255a276f7457e04963506988a28,,M040,C_extra,True,True,False,False,False
Mac,campagna_mac_replica_2026-09-26,run_191.json,C3_cloud,ticket,procedura_e42,fixed_20,4,4,0.0001,30.0,20,True,28.70266525000625,12.087894542011782,16.60814370898879,0.0010058750049211085,0.003891000000294298,14.900133489709088,14.900133489709088,13.80253176029716,13.80253176029716,0,False,False,[],insufficienti,488,1790411905.350687,0,False,b32832b2106f7c044ab23ef4c9fd89deb75225a93c94a6ba6bac391bf4cc2600,,M041,A,False,False,False,False,False
Mac,campagna_mac_replica_2026-09-26,run_192.json,C3_cloud,ticket,procedura_e42,fixed_20,0,4,0.0001,30.0,20,True,26.704757541010622,11.593581375011127,15.100428833990009,0.0007617079972987995,0.007719041997916065,14.900133489709088,14.900133489709088,11.804624051301534,11.804624051301534,0,False,False,[],insufficienti,464,1790411934.148851,0,False,dd0fe421062a61a3f85c48f9e33749797e1a8bbb3dfa1d91f6c7f4a442582ed0,,M042,A,False,False,False,False,False
Mac,campagna_mac_replica_2026-09-26,run_193.json,C3_cloud,ticket,procedura_e42,adaptive,3,4,0.0001,15.0,20,True,27.76128920800693,12.052652416998171,15.697532167003374,0.0009475830011069775,0.00700091700127814,14.900133489709088,14.900133489709088,12.86115571829784,12.86115571829784,12.761289208006929,True,False,[],insufficienti,483,1790411960.9492748,0,False,7942ffa645a02f372bb7d78a42029c8d5a227449a64ec8b3d3dd7f8f89e4d41c,,M043,A,False,False,False,False,False
Mac,campagna_mac_replica_2026-09-26,run_194.json,C3_cloud,ticket,procedura_e42,adaptive,2,4,0.0001,15.0,20,True,31.252205083001172,11.755422832997283,19.486053332992014,0.0009591249981895089,0.007043166988296434,14.900133489709088,14.900133489709088,16.352071593292084,16.352071593292084,16.252205083001172,True,False,[],insufficienti,490,1790411988.805302,0,False,740fcdbd6569dca355d911ed4e58f58875576901072e6db1587d9bdf9e265123,,M044,A,False,False,False,False,False
Mac,campagna_mac_replica_2026-09-26,run_195.json,C3_cloud,ticket,procedura_e42,fixed_20,2,4,0.0001,15.0,20,True,32.664776749996236,11.73505070900137,20.918078750008135,0.0008751660061534494,0.007526832996518351,14.900133489709088,14.900133489709088,17.764643260287148,17.764643260287148,17.664776749996236,True,False,[],insufficienti,505,1790412020.1428952,0,False,d193999891d4ccbf2dbfe4f0385ef726613d739ed0a9e966a61fcd1f8a4c0028,,M045,A,False,False,False,False,False
Mac,campagna_mac_replica_2026-09-26,run_196.json,C3_cloud,ticket,procedura_e42,adaptive,1,4,0.0001,15.0,20,True,30.076005666996934,11.951606041999185,18.11433145799674,0.0006583749927813187,0.00769212500017602,14.900133489709088,14.900133489709088,15.175872177287847,15.175872177287847,15.076005666996934,True,False,[],insufficienti,520,1790412052.904452,0,False,51cd208e0de5586ef3a4e42095db8c0d7e77254a1dd37d023a8812b144580ded,,M046,A,False,False,False,False,False
Mac,campagna_mac_replica_2026-09-26,run_197.json,C3_cloud,ticket,procedura_e42,fixed_20,2,4,0.0001,30.0,20,True,27.48926533300255,11.920141250011511,15.559294291990227,0.0007448329997714609,0.007207874994492158,14.900133489709088,14.900133489709088,12.589131843293462,12.589131843293462,0,False,False,[],insufficienti,521,1790412083.068734,0,False,0ce23ffe044c74a6b17d1f3af0075d5a0d07277b79ad848be5573733e130adf4,,M047,A,False,False,False,False,False
Mac,campagna_mac_replica_2026-09-26,run_198.json,C3_cloud,ticket,procedura_e42,fixed_20,1,4,0.0001,15.0,20,True,26.204630290987552,11.56634249999479,14.628284082995378,0.0011207499919692054,0.0069911669997964054,14.900133489709088,14.900133489709088,11.304496801278464,11.304496801278464,11.204630290987552,True,False,[],insufficienti,491,1790412110.667655,0,False,86c1be79ce8a54a17fea5f1039642830a9ea880cc4baf1c45fa9d76fd742b1bd,,M048,G,False,False,False,False,False
Mac,campagna_mac_replica_2026-09-26,run_199.json,C3_cloud,ticket,procedura_e42,fixed_20,0,4,0.0001,15.0,20,True,27.768431000004057,11.621353750000708,16.136912792004296,0.000814792001619935,0.007359750001342036,14.900133489709088,14.900133489709088,12.868297510294969,12.868297510294969,12.768431000004057,True,False,[],insufficienti,496,1790412136.9560199,0,False,585c6355c49bd33334a65a117da962d2e6e1794800706ba793409133f559baf1,,M049,A,False,False,False,False,False
Mac,campagna_mac_replica_2026-09-26,run_200.json,C3_high_cloud,ticket,procedura_e42,adaptive,2,8,0.01,15.0,20,True,27.333254457989824,11.7829551659961,15.54019937501289,0.0008771670109126717,0.007471082994015887,14.900133489709088,14.900133489709088,12.433120968280736,12.433120968280736,12.333254457989824,True,True,"[""arrestare"", ""cache"", ""cancellare"", ""ferrosync"", ""locale"", ""riavviare"", ""ricorrere"", ""servizio"", ""tecnico""]",completo,509,1790412164.854476,0,False,bda05f626284af42002861684d3726146491ff4d03d33abdfa62cb084d613d08,,M050,C_extra,True,True,False,False,False
Mac,campagna_mac_replica_2026-09-26,run_201.json,C3_high_cloud,ticket,procedura_e42,adaptive,0,8,0.01,30.0,40,True,39.11224966699956,23.634141999995336,15.467944958989392,0.001192415991681628,0.0069487079890677705,26.33526606342226,26.33526606342226,12.7769836035773,12.7769836035773,9.11224966699956,True,True,"[""arrestare"", ""cache"", ""cancellare"", ""fer"", ""ferrosync"", ""locale"", ""riavviare"", ""ricorrere"", ""servizio"", ""tecnico""]",completo,1018,1790412192.273862,0,False,fed703c1e764420e3dfc4f6c5bba8f6c84becb7b579b6c4d27319700e85c68c9,,M051,C_extra,True,True,False,False,False
Mac,campagna_mac_replica_2026-09-26,run_202.json,C3_high_cloud,ticket,procedura_e42,adaptive,2,8,0.01,30.0,40,True,38.6258967499889,23.37563645800401,15.240149165998446,0.0010983339889207855,0.006894833000842482,26.33526606342226,26.33526606342226,12.290630686566637,12.290630686566637,8.625896749988897,True,True,"[""arrestare"", ""cache"", ""cancellare"", ""ferrosync"", ""locale"", ""riavviare"", ""ricorrere"", ""servizio"", ""tecnico""]",completo,999,1790412231.4760509,0,False,8c8379a4fa88f671336b96d9f6501ad027cc22c1b9cefa808f59bfc60ccd317e,,M052,C_extra,True,True,False,False,False
Mac,campagna_mac_replica_2026-09-26,run_203.json,C3_high_cloud,ticket,procedura_e42,fixed_20,2,8,0.01,30.0,20,True,30.69638649999979,11.51072808301251,19.176183084011427,0.000739333001547493,0.007121541988453828,14.900133489709088,14.900133489709088,15.796253010290702,15.796253010290702,0.6963864999997895,True,True,"[""arrestare"", ""cache"", ""cancellare"", ""ferrosync"", ""locale"", ""riavviare"", ""ricorrere"", ""servizio"", ""tecnico""]",completo,493,1790412270.217194,0,False,137890cc95518ff0cba6aeff06b8a2147db52d8a386d11825dd67c1f7e2056da,,M053,C_extra,True,True,False,False,False
Mac,campagna_mac_replica_2026-09-26,run_204.json,C3_high_cloud,ticket,procedura_e42,adaptive,3,8,0.01,30.0,40,True,40.46235987500404,24.923855666987947,15.527479167009005,0.001184249995276332,0.007210458003100939,26.33526606342226,26.33526606342226,14.12709381158178,14.12709381158178,10.46235987500404,True,True,"[""arrestare"", ""cache"", ""cancellare"", ""ferrosync"", ""locale"", ""riavviare"", ""ricorrere"", ""servizio"", ""tecnico""]",completo,1027,1790412301.003412,0,False,5dd8b6eb7d69525267f4da4a90432f4d013b0a7de905cd15d2c516a25b10e449,,M054,C_generic,True,True,False,True,False
Mac,campagna_mac_replica_2026-09-26,run_205.json,C3_high_cloud,ticket,procedura_e42,fixed_40,4,8,0.01,15.0,40,True,39.52946283399069,25.34006537499954,14.17924229100754,0.001244832994416356,0.007190124990302138,26.33526606342226,26.33526606342226,13.194196770568432,13.194196770568432,24.529462833990692,True,True,"[""arrestare"", ""cache"", ""cancellare"", ""ferrosync"", ""locale"", ""riavviare"", ""ricorrere"", ""servizio"", ""tecnico""]",completo,1045,1790412341.55819,0,False,57ab53fd5609c3a1a62e249a2e77a5154f40bac965babd355a8eb8007c4e42a3,,M055,C_extra,True,True,False,False,False
Mac,campagna_mac_replica_2026-09-26,run_206.json,C3_high_cloud,ticket,procedura_e42,fixed_40,3,8,0.01,15.0,40,True,38.82221129100071,24.45657312500407,14.355074291990604,0.0008768340048845857,0.007623625017004088,26.33526606342226,26.33526606342226,12.486945227578452,12.486945227578452,23.822211291000713,True,True,"[""arrestare"", ""cache"", ""cancellare"", ""ferrosync"", ""locale"", ""riavviare"", ""ricorrere"", ""servizio"", ""tecnico""]",completo,980,1790412381.1770408,0,False,d8f25d2722956a363ac4b2e951eb4eb72c1e9291d0035b0bea6a19208bb5004f,,M056,C_extra,True,True,False,False,False
Mac,campagna_mac_replica_2026-09-26,run_207.json,C3_high_cloud,ticket,procedura_e42,fixed_20,1,8,0.01,30.0,20,True,27.761791916011134,12.25348508299794,15.49793100001989,0.000699708005413413,0.007569540990516543,14.900133489709088,14.900133489709088,12.861658426302046,12.861658426302046,0,False,True,"[""arrestare"", ""cache"", ""cancellare"", ""ferrosync"", ""locale"", ""riavviare"", ""ricorrere"", ""servizio"", ""tecnico""]",completo,493,1790412420.088195,0,False,54de37c870c4d30c1134b9cc12790c33cef401ea15970bf791676b9d74d39ae9,,M057,P,False,False,False,False,False
Mac,campagna_mac_replica_2026-09-26,run_208.json,C3_high_cloud,ticket,procedura_e42,fixed_20,0,8,0.01,30.0,20,True,27.43416362500284,11.855086333001964,15.568069125001784,0.0009154999861493707,0.0068304589949548244,14.900133489709088,14.900133489709088,12.53403013529375,12.53403013529375,0,False,True,"[""arrestare"", ""cache"", ""cancellare"", ""ferrosync"", ""locale"", ""riavviare"", ""ricorrere"", ""servizio"", ""tecnico""]",completo,468,1790412447.93451,0,False,2a6570670a2b8501aedfe5b5ba2b2775672f96aeae40f804cf7d77f28c918d20,,M058,C_extra,True,True,False,False,True
Mac,campagna_mac_replica_2026-09-26,run_209.json,C3_high_cloud,ticket,procedura_e42,fixed_40,2,8,0.01,30.0,40,True,34.34779662499204,24.98228429199662,9.355575541994767,0.0010321250010747463,0.007117000001017004,26.33526606342226,26.33526606342226,8.012530561569783,8.012530561569783,4.347796624992043,True,True,"[""arrestare"", ""cache"", ""cancellare"", ""ferrosync"", ""locale"", ""riavviare"", ""ricorrere"", ""servizio"", ""tecnico""]",completo,1017,1790412475.459948,0,False,ccf20d4ac75feb7928c6f7bfc6fdfeae63f93644359828e124d2fab78ae75f10,,M059,C_extra,True,True,False,False,False
Mac,campagna_mac_replica_2026-09-26,run_210.json,C3_high_cloud,ticket,procedura_e42,fixed_20,1,8,0.01,15.0,20,True,19.358529165998334,11.545533791009802,7.808337291993666,0.0006762499979231507,0.0027327090210746974,14.900133489709088,14.900133489709088,4.458395676289246,4.458395676289246,4.358529165998334,True,True,"[""arrestare"", ""cache"", ""cancellare"", ""ferrosync"", ""locale"", ""riavviare"", ""ricorrere"", ""servizio"", ""tecnico""]",completo,445,1790412509.899094,0,False,ae90aafed3c38fbfdcc88b3052b3172df3f088ab31601d28b8a7d66f2c59a3a2,,M060,C_extra,True,True,False,False,False
Mac,campagna_mac_replica_2026-09-26,run_211.json,C3_high_cloud,ticket,procedura_e42,fixed_20,0,8,0.01,15.0,20,True,26.743210583983455,11.894416875002207,14.839668792003067,0.00031841598683968186,0.007014166010776535,14.900133489709088,14.900133489709088,11.843077094274367,11.843077094274367,11.743210583983455,True,True,"[""arrestare"", ""cache"", ""cancellare"", ""ferrosync"", ""locale"", ""riavviare"", ""ricorrere"", ""servizio"", ""tecnico""]",completo,480,1790412529.341354,0,False,b2a9f02cb370ec35c3f98032d73f45478196530d71fdc3398947c3c25cd996ca,,M061,C_extra,True,True,False,False,False
Mac,campagna_mac_replica_2026-09-26,run_212.json,C3_high_cloud,ticket,procedura_e42,fixed_40,1,8,0.01,30.0,40,True,32.46834658298758,24.1842609999876,8.275060957996175,0.0006487079954240471,0.0068898749887011945,26.33526606342226,26.33526606342226,6.133080519565318,6.133080519565318,2.4683465829875786,True,True,"[""arrestare"", ""cache"", ""cancellare"", ""ferrosync"", ""locale"", ""riavviare"", ""ricorrere"", ""servizio"", ""tecnico""]",completo,992,1790412556.177462,0,False,f3118e74c469d251ff3467a1ebd71a94a0667a74dbfb327cf4d8a1dcf4a18d09,,M062,C_generic,True,True,False,True,False
Mac,campagna_mac_replica_2026-09-26,run_213.json,C3_high_cloud,ticket,procedura_e42,adaptive,4,8,0.01,15.0,20,True,24.748175957996864,12.724550333019579,12.013403374992777,0.0009133339917752892,0.007251999981235713,14.900133489709088,14.900133489709088,9.848042468287776,9.848042468287776,9.748175957996864,True,True,"[""arrestare"", ""cache"", ""cancellare"", ""ferrosync"", ""locale"", ""riavviare"", ""ricorrere"", ""servizio"", ""tecnico""]",completo,549,1790412588.7298508,0,False,987bf49bb2ae32c1c450662dacfb39608927578af4fbc7cee24f74fb773117bb,,M063,C_generic,True,True,False,True,False
Mac,campagna_mac_replica_2026-09-26,run_214.json,C3_high_cloud,ticket,procedura_e42,adaptive,1,8,0.01,30.0,40,True,47.98295958398376,24.345375874981983,23.62748641698272,0.00134466597228311,0.007066166988806799,26.33526606342226,26.33526606342226,21.647693520561496,21.647693520561496,17.982959583983757,True,True,"[""arrestare"", ""cache"", ""cancellare"", ""ferrosync"", ""locale"", ""riavviare"", ""ricorrere"", ""servizio"", ""tecnico""]",degradato,1010,1790412613.56765,0,False,61b84ee21f0c6b08a487cd4a97187444ec8fa2e99bf62ccdd7ea10187d8de055,,M064,P,False,False,False,False,False
Mac,campagna_mac_replica_2026-09-26,run_215.json,C3_high_cloud,ticket,procedura_e42,fixed_20,3,8,0.01,30.0,20,True,30.937190374999773,11.828586457995698,19.09955945899128,0.0006352500058710575,0.006869375007227063,14.900133489709088,14.900133489709088,16.037056885290685,16.037056885290685,0.9371903749997728,True,False,[],insufficienti,491,1790412661.6393769,0,False,ff0403536ee4b9f200f74ca6937bbc05df74224e4f20207eb68dbba9d83f4cc4,,M065,A,False,False,False,False,False
Mac,campagna_mac_replica_2026-09-26,run_216.json,C3_high_cloud,ticket,procedura_e42,fixed_20,4,8,0.01,30.0,20,True,28.58108775000437,11.60474537499249,16.966618082980858,0.0008163340098690242,0.006945333007024601,14.900133489709088,14.900133489709088,13.680954260295284,13.680954260295284,0,False,True,"[""arrestare"", ""cache"", ""cancellare"", ""ferrosync"", ""locale"", ""riavviare"", ""ricorrere"", ""servizio"", ""tecnico""]",completo,463,1790412692.6664052,0,False,0bb97b9a8e56a168a712ead6b05c9f82de20f6a986949f31800636a25c015f31,,M066,C_generic,True,True,False,True,True
Mac,campagna_mac_replica_2026-09-26,run_217.json,C3_high_cloud,ticket,procedura_e42,fixed_40,0,8,0.01,30.0,40,True,51.10648316598963,24.919223207980394,26.177585209021345,0.0011501669941935688,0.006853583006886765,26.33526606342226,26.33526606342226,24.77121710256737,24.77121710256737,21.10648316598963,True,True,"[""arrestare"", ""cache"", ""cancellare"", ""ferrosync"", ""locale"", ""riavviare"", ""ricorrere"", ""servizio"", ""tecnico""]",completo,1053,1790412721.339186,0,False,683b5618f30bf3d42c88b1c62333948eec6db4aaa2bbb9c50c35da3a007b1e6e,,M067,C_extra,True,True,False,False,False
Mac,campagna_mac_replica_2026-09-26,run_218.json,C3_high_cloud,ticket,procedura_e42,fixed_20,2,8,0.01,15.0,20,True,25.889471208007308,12.464914915995905,13.410271667002235,0.0019500830094330013,0.007163708010921255,14.900133489709088,14.900133489709088,10.98933771829822,10.98933771829822,10.889471208007308,True,False,[],insufficienti,523,1790412772.5414898,0,False,5e8d716676a6c9aa78b1cce9e04cd2a4f956d9f1c4a77021539c5493f3c52635,,M068,G,False,False,False,False,False
Mac,campagna_mac_replica_2026-09-26,run_219.json,C3_high_cloud,ticket,procedura_e42,fixed_40,0,8,0.01,15.0,40,True,38.32212774999789,24.54055066598812,13.771506124990992,0.0011870840098708868,0.007126667012926191,26.33526606342226,26.33526606342226,11.98686168657563,11.98686168657563,23.32212774999789,True,True,"[""arrestare"", ""cache"", ""cancellare"", ""ferrosync"", ""locale"", ""riavviare"", ""ricorrere"", ""servizio"", ""tecnico""]",completo,1032,1790412798.651289,0,False,0adb6d7a36a4dee5331f5316dd30a0d8773481e94178aac1adca534fb7f6f2d7,,M069,C_extra,True,True,False,False,False
Mac,campagna_mac_replica_2026-09-26,run_220.json,C3_high_cloud,ticket,procedura_e42,fixed_20,4,8,0.01,15.0,20,True,23.98058954201406,12.071497333003208,11.899193958990509,0.0008949160110205412,0.007014125003479421,14.900133489709088,14.900133489709088,9.08045605230497,9.08045605230497,8.980589542014059,True,True,"[""arrestare"", ""cache"", ""cancellare"", ""ferrosync"", ""locale"", ""riavviare"", ""ricorrere"", ""servizio"", ""tecnico""]",completo,494,1790412837.0662148,0,False,140193791874205edd3489b9f72e0671db31b5a0982a847ae2bad417eeb2e53d,,M070,C_generic,True,True,False,True,False
Mac,campagna_mac_replica_2026-09-26,run_221.json,C3_high_cloud,ticket,procedura_e42,fixed_40,1,8,0.01,15.0,40,True,35.03853670900571,23.207852374995127,11.821014582994394,0.0011965419980697334,0.006408583023585379,26.33526606342226,26.33526606342226,8.703270645583451,8.703270645583451,20.03853670900571,True,True,"[""arrestare"", ""cache"", ""cancellare"", ""ferrosync"", ""locale"", ""riavviare"", ""ricorrere"", ""servizio"", ""tecnico""]",completo,1017,1790412861.1536489,0,False,91813ac56da9038b12c5104f3aad979e316738880a9a1667b3122add655550a4,,M071,C_extra,True,True,False,False,False
Mac,campagna_mac_replica_2026-09-26,run_222.json,C3_high_cloud,ticket,procedura_e42,fixed_40,3,8,0.01,30.0,40,True,37.65009641699726,24.191329624998616,13.448149250005372,0.0015456660185009241,0.006910332973347977,26.33526606342226,26.33526606342226,11.314830353574997,11.314830353574997,7.650096416997258,True,True,"[""arrestare"", ""cache"", ""cancellare"", ""ferrosync"", ""locale"", ""riavviare"", ""ricorrere"", ""servizio"", ""tecnico""]",completo,1070,1790412896.29654,0,False,7c776a44b4d07a1f36a5c996ef3f10a180fc00a861b35a84f45894d286c4e806,,M072,C_extra,True,True,False,False,False
Mac,campagna_mac_replica_2026-09-26,run_223.json,C3_high_cloud,ticket,procedura_e42,fixed_20,3,8,0.01,15.0,20,True,21.09502620899002,11.672527707996778,9.413158457988175,0.0008437920187134296,0.006698791985400021,14.900133489709088,14.900133489709088,6.194892719280933,6.194892719280933,6.095026208990021,True,True,"[""arrestare"", ""cache"", ""cancellare"", ""ferrosync"", ""locale"", ""riavviare"", ""ricorrere"", ""servizio"", ""tecnico""]",completo,506,1790412934.095505,0,False,73178f0f8d69c73875fcce16a78431bf25479ff9e9a1cf375b05881b97045fe0,,M073,C_generic,True,True,False,True,False
Mac,campagna_mac_replica_2026-09-26,run_224.json,C3_high_cloud,ticket,procedura_e42,adaptive,4,8,0.01,30.0,40,True,38.8693800829933,23.346339624986285,15.512775708019035,0.0013346250052563846,0.007205708010587841,26.33526606342226,26.33526606342226,12.534114019571042,12.534114019571042,8.869380082993302,True,True,"[""arrestare"", ""cache"", ""cancellare"", ""ferrosync"", ""locale"", ""riavviare"", ""ricorrere"", ""servizio"", ""tecnico""]",completo,1006,1790412955.287513,0,False,189e6c9b9ff1976ab7820e0bdbf563b6ae982e76e4b0ed340dae3b1b81ca87f9,,M074,C_extra,True,True,False,False,False
Mac,campagna_mac_replica_2026-09-26,run_225.json,C3_high_cloud,ticket,procedura_e42,adaptive,3,8,0.01,15.0,20,True,20.5227262910048,11.711818999989191,8.801807166979415,0.0006702080136165023,0.006885916984174401,14.900133489709088,14.900133489709088,5.622592801295713,5.622592801295713,5.522726291004801,True,True,"[""arrestare"", ""cache"", ""cancellare"", ""ferrosync"", ""locale"", ""riavviare"", ""ricorrere"", ""servizio"", ""tecnico""]",completo,506,1790412994.2475579,0,False,23200af26526ee2cc11d387d70e1aa5abf3a0e498e2b23eedbd592894d1f53fc,,M075,C_extra,True,True,False,False,False
Mac,campagna_mac_replica_2026-09-26,run_226.json,C3_high_cloud,ticket,procedura_e42,fixed_40,4,8,0.01,30.0,40,True,33.1942619580077,23.886077083006967,9.296782290999545,0.0015052089875098318,0.007336625014431775,26.33526606342226,26.33526606342226,6.858995894585441,6.858995894585441,3.1942619580077007,True,True,"[""arrestare"", ""cache"", ""cancellare"", ""ferrosync"", ""locale"", ""riavviare"", ""ricorrere"", ""servizio"", ""tecnico""]",completo,1061,1790413014.870676,0,False,f9e928c45d4c25d00a9b034dce9c2b016eb1ee1dab77a61d234d254e8e979a01,,M076,C_extra,True,True,False,False,False
Mac,campagna_mac_replica_2026-09-26,run_227.json,C3_high_cloud,ticket,procedura_e42,fixed_40,2,8,0.01,15.0,40,True,35.33524450002005,24.59331787499832,10.724141540995333,0.0060428750002756715,0.0073184169887099415,26.33526606342226,26.33526606342226,8.999978436597793,8.999978436597793,20.335244500020053,True,True,"[""arrestare"", ""cache"", ""cancellare"", ""ferrosync"", ""locale"", ""riavviare"", ""ricorrere"", ""servizio"", ""tecnico""]",completo,1080,1790413048.1838028,0,False,124081fd003e4a04c9eb2c2a80c94f0d91739bceb605b945de7e2893a79087d8,,M077,C_extra,True,True,False,False,False
Mac,campagna_mac_replica_2026-09-26,run_228.json,C3_high_cloud,ticket,procedura_e42,adaptive,0,8,0.01,15.0,20,True,26.457708499976434,12.352547250018688,14.095271333993878,0.0007144999981392175,0.007066249992931262,14.900133489709088,14.900133489709088,11.557575010267346,11.557575010267346,11.457708499976434,True,True,"[""arrestare"", ""cache"", ""cancellare"", ""ferrosync"", ""locale"", ""riavviare"", ""ricorrere"", ""servizio"", ""tecnico""]",completo,552,1790413083.616394,0,False,e0ccb7dea781eae2a9ea814b7703ef2b02188371e9cca888c8f6e60fb8d29e30,,M078,C_extra,True,True,False,False,False
Mac,campagna_mac_replica_2026-09-26,run_229.json,C3_high_cloud,ticket,procedura_e42,adaptive,1,8,0.01,15.0,20,True,26.13093008301803,12.392130749998614,13.728926375013543,0.0008455420029349625,0.007359000010183081,14.900133489709088,14.900133489709088,11.230796593308941,11.230796593308941,11.130930083018029,True,False,[],insufficienti,550,1790413110.163284,0,False,3d52f4c00028c269986d97f966bd253a134b4884a3ef94364ae24c6e4eddc30b,,M079,A,False,False,False,False,False
Mac,campagna_mac_replica_2026-09-26,run_230.json,B_cloud,ticket,procedura_e42,k_0.25,4,4,0.0001,5.630783876225025,5,True,16.815745833009714,2.9853860839793924,13.81953020801302,0.000561416003620252,0.00789079099195078,6.323784059424208,6.323784059424208,10.491961773585507,10.491961773585507,11.18496195678469,True,False,[],insufficienti,128,1790413136.3838642,0,False,f2f6bed26a17fd502b20578f9f7858cdfb1edc4a1e2b3393dddc3342a015ff77,,M080,A,False,False,False,False,False
Mac,campagna_mac_replica_2026-09-26,run_231.json,B_cloud,ticket,procedura_e42,k_0.5,1,4,0.0001,5.630783876225025,5,True,25.188009792007506,3.1483376669930294,22.030756457999814,0.00038779102033004165,0.006865041999844834,6.323784059424208,6.323784059424208,18.8642257325833,18.8642257325833,19.55722591578248,True,False,[],insufficienti,134,1790413153.2932322,0,False,c64c0097d8a59e2d1c1e261b9e68375cf13851a6fbc4f15136373a693aacbe39,,M081,A,False,False,False,False,False
Mac,campagna_mac_replica_2026-09-26,run_232.json,B_cloud,ticket,procedura_e42,k_0,2,4,0.0001,5.630783876225025,0,True,19.133452083013253,0.0,19.132475333026377,0.0,0.0,3.4650009159959154,3.4650009159959154,15.668451167017338,15.668451167017338,13.502668206788229,True,False,[],insufficienti,0,1790413178.5672472,0,False,0261cf07bd90aed7e4b410c4816d11d889038c928cd9fa335742a244c9e2bb84,,M082,A,False,False,False,False,False
Mac,campagna_mac_replica_2026-09-26,run_233.json,B_cloud,ticket,procedura_e42,k_0.5,7,4,0.0001,5.630783876225025,5,True,19.648185875004856,2.880714250000892,16.757688125013374,0.00048362501547671854,0.007288708002306521,6.323784059424208,6.323784059424208,13.324401815580648,13.324401815580648,14.017401998779832,True,False,[],insufficienti,121,1790413197.845382,0,False,5cfa11c90077ae2123702eef46cb560912a7e62bc6386567b81423c978a97c52,,M083,A,False,False,False,False,False
Mac,campagna_mac_replica_2026-09-26,run_234.json,B_cloud,ticket,procedura_e42,k_0.5,6,4,0.0001,5.630783876225025,5,True,24.101509458007058,2.934639041981427,21.15714562498033,0.0004226249875500798,0.007343042001593858,6.323784059424208,6.323784059424208,17.777725398582852,17.777725398582852,18.470725581782034,True,False,[],insufficienti,127,1790413217.582667,0,False,154471ff25121ff3681da8c218a475294f99314e6b55f9c6c7379e60ac0dd463,,M084,A,False,False,False,False,False
Mac,campagna_mac_replica_2026-09-26,run_235.json,B_cloud,ticket,procedura_e42,k_0,9,4,0.0001,5.630783876225025,0,True,15.22414683297393,0.0,15.223335749993566,0.0,0.0,3.4650009159959154,3.4650009159959154,11.759145916978014,11.759145916978014,9.593362956748905,True,False,[],insufficienti,0,1790413241.7921128,0,False,75ebb4d1b7cd01666d38d59175b2f7da15f1f8641ed310a3fa6d81f09d9559a8,,M085,A,False,False,False,False,False
Mac,campagna_mac_replica_2026-09-26,run_236.json,B_cloud,ticket,procedura_e42,k_0,5,4,0.0001,5.630783876225025,0,True,23.571131874981802,0.0,23.570293833006872,0.0,0.0,3.4650009159959154,3.4650009159959154,20.106130958985887,20.106130958985887,17.940347998756778,True,False,[],insufficienti,0,1790413257.100443,0,False,26ff5dbcb09cd3a6509f91ca3a9f09f389d8da8208c1c86047db50b5d8c9ee3f,,M086,A,False,False,False,False,False
Mac,campagna_mac_replica_2026-09-26,run_237.json,B_cloud,ticket,procedura_e42,k_0.1,9,4,0.0001,5.630783876225025,0,True,15.168588333996013,0.0,15.167792166001163,0.0,0.0,3.4650009159959154,3.4650009159959154,11.703587418000097,11.703587418000097,9.537804457770989,True,False,[],insufficienti,0,1790413280.761101,0,False,7ecd830b6003382a189b0e54c306185563594278ef1d35a35f043f285fcaac64,,M087,A,False,False,False,False,False
Mac,campagna_mac_replica_2026-09-26,run_238.json,B_cloud,ticket,procedura_e42,k_0.5,4,4,0.0001,5.630783876225025,5,True,15.069723833992612,3.205031624995172,11.855321292008739,0.00044966599671170115,0.00717941700713709,6.323784059424208,6.323784059424208,8.745939774568404,8.745939774568404,9.438939957767587,True,False,[],insufficienti,150,1790413296.018998,0,False,d7a74542739d7ac3f1c0ab5cfac5e4b1d551ac248ec1422a12b41cc95bafa827,,M088,A,False,False,False,False,False
Mac,campagna_mac_replica_2026-09-26,run_239.json,B_cloud,ticket,procedura_e42,k_0.5,0,4,0.0001,5.630783876225025,5,True,21.61734991701087,3.125073875009548,18.483115083014127,0.0004856669984292239,0.006886083981953561,6.323784059424208,6.323784059424208,15.293565857586662,15.293565857586662,15.986566040785846,True,False,[],insufficienti,140,1790413311.178165,0,False,2f01218197c4bd9e99edd28c6e2c36f4a610030bbe04c41940ad58c38347b4ec,,M089,G,False,False,False,False,False
Mac,campagna_mac_replica_2026-09-26,run_240.json,B_cloud,ticket,procedura_e42,k_0.1,3,4,0.0001,5.630783876225025,0,True,18.136423541000113,0.0,18.135412457981147,0.0,0.0,3.4650009159959154,3.4650009159959154,14.671422625004197,14.671422625004197,12.505639664775089,True,False,[],insufficienti,0,1790413332.888085,0,False,b861b07c6a9aa13de8c980872a6218cfff39f5aed31f201b8fbd348adb643bb9,,M090,A,False,False,False,False,False
Mac,campagna_mac_replica_2026-09-26,run_241.json,B_cloud,ticket,procedura_e42,k_0.5,2,4,0.0001,5.630783876225025,5,True,17.724705958011327,2.824531582999043,14.890626292006345,0.000452083011623472,0.0073065420147031546,6.323784059424208,6.323784059424208,11.40092189858712,11.40092189858712,12.093922081786303,True,False,[],insufficienti,117,1790413351.115791,0,False,63a6720833bd77a023949ef4fc41f17a695c8f9b03e76422168cff4d835ba988,,M091,A,False,False,False,False,False
Mac,campagna_mac_replica_2026-09-26,run_242.json,B_cloud,ticket,procedura_e42,k_0,8,4,0.0001,5.630783876225025,0,True,17.750455957982922,0.0,17.74964799999725,0.0,0.0,3.4650009159959154,3.4650009159959154,14.285455041987007,14.285455041987007,12.119672081757898,True,False,[],insufficienti,0,1790413368.932248,0,False,cf286b783192b16caf6356d7f6386669a4d30ab676f3c0e19e2602babf1cfcf6,,M092,A,False,False,False,False,False
Mac,campagna_mac_replica_2026-09-26,run_243.json,B_cloud,ticket,procedura_e42,k_0,7,4,0.0001,5.630783876225025,0,True,20.061178167001344,0.0,20.060426500014728,0.0,0.0,3.4650009159959154,3.4650009159959154,16.59617725100543,16.59617725100543,14.43039429077632,True,False,[],insufficienti,0,1790413386.786336,0,False,04e8ab365dc9c1fc8932d522ef1dac2091904ac07e0678d66700a7a36960cc93,,M093,G,False,False,False,False,False
Mac,campagna_mac_replica_2026-09-26,run_244.json,B_cloud,ticket,procedura_e42,k_0,1,4,0.0001,5.630783876225025,0,True,17.71579879199271,0.0,17.714787417004118,0.0,0.0,3.4650009159959154,3.4650009159959154,14.250797875996795,14.250797875996795,12.085014915767687,True,False,[],insufficienti,0,1790413406.93413,0,False,79703bf48d7e23367ed97595fd6c1e6a13c29d99866a20a761e83d0052496d4b,,M094,A,False,False,False,False,False
Mac,campagna_mac_replica_2026-09-26,run_245.json,B_cloud,ticket,procedura_e42,k_0.1,8,4,0.0001,5.630783876225025,0,True,12.708456833002856,0.0,12.707613499980653,0.0,0.0,3.4650009159959154,3.4650009159959154,9.24345591700694,9.24345591700694,7.077672956777831,True,False,[],insufficienti,0,1790413424.74146,0,False,51381efaa39bd0dc5a545f686290a43ceaf2af43996180338ccfd1785619a705,,M095,A,False,False,False,False,False
Mac,campagna_mac_replica_2026-09-26,run_246.json,B_cloud,ticket,procedura_e42,k_0.1,6,4,0.0001,5.630783876225025,0,True,11.41422454197891,0.0,11.413205332995858,0.0,0.0,3.4650009159959154,3.4650009159959154,7.949223625982995,7.949223625982995,5.7834406657538855,True,False,[],insufficienti,0,1790413437.542934,0,False,874b77ce1bf9dd567b8cf2ea3bd4092fe9ce838b026d373470b15c3f1b1b55cc,,M096,A,False,False,False,False,False
Mac,campagna_mac_replica_2026-09-26,run_247.json,B_cloud,ticket,procedura_e42,k_0.1,0,4,0.0001,5.630783876225025,0,True,14.92319891700754,0.0,14.922161750000669,0.0,0.0,3.4650009159959154,3.4650009159959154,11.458198001011624,11.458198001011624,9.292415040782515,True,False,[],insufficienti,0,1790413449.045957,0,False,cc3c8961566d4ff32b25d70f798cb6cf61440baf7a55cef808d7676cacf18f25,,M097,A,False,False,False,False,False
Mac,campagna_mac_replica_2026-09-26,run_248.json,B_cloud,ticket,procedura_e42,k_0.5,3,4,0.0001,5.630783876225025,5,True,15.575431500008563,3.091746833000798,12.474513000022853,0.0004482080112211406,0.006830790982348844,6.323784059424208,6.323784059424208,9.251647440584355,9.251647440584355,9.944647623783538,True,False,[],insufficienti,139,1790413464.065923,0,False,31c4b66f13a7d536eba721c4d1ded6d545a42a5f18987db4236910aaec620c33,,M098,A,False,False,False,False,False
Mac,campagna_mac_replica_2026-09-26,run_249.json,B_cloud,ticket,procedura_e42,k_0.25,5,4,0.0001,5.630783876225025,5,True,17.395338583010016,2.9745422920095734,14.411729875020683,0.00045537500409409404,0.006911041011335328,6.323784059424208,6.323784059424208,11.071554523585808,11.071554523585808,11.764554706784992,True,False,[],insufficienti,128,1790413479.730717,0,False,a4b5c80568c249f3a4d090e4d42e5f6d3aee73ca50138665c4ce4c2671f61bb1,,M099,A,False,False,False,False,False
Mac,campagna_mac_replica_2026-09-26,run_250.json,B_cloud,ticket,procedura_e42,k_0.25,7,4,0.0001,5.630783876225025,5,True,15.896080750011606,2.965965999988839,12.921062790992437,0.0004605000140145421,0.006866707990411669,6.323784059424208,6.323784059424208,9.572296690587399,9.572296690587399,10.265296873786582,True,False,[],insufficienti,129,1790413497.2178729,0,False,84ce0a4f1e75c2d01bce7c289558a49a106e0f6276e0674490d57586bf596fad,,M100,A,False,False,False,False,False
Mac,campagna_mac_replica_2026-09-26,run_251.json,B_cloud,ticket,procedura_e42,k_0.1,4,4,0.0001,5.630783876225025,0,True,12.417554374987958,0.0,12.416763749992242,0.0,0.0,3.4650009159959154,3.4650009159959154,8.952553458992043,8.952553458992043,6.786770498762933,True,False,[],insufficienti,0,1790413513.204913,0,False,2ca3168bbd74a644551063fb5d4a2a058a73efc9d40f94958c631e91a650f1ff,,M101,A,False,False,False,False,False
Mac,campagna_mac_replica_2026-09-26,run_252.json,B_cloud,ticket,procedura_e42,k_0,4,4,0.0001,5.630783876225025,0,True,23.457182083977386,0.0,23.456360291980673,0.0,0.0,3.4650009159959154,3.4650009159959154,19.99218116798147,19.99218116798147,17.826398207752362,True,False,[],insufficienti,0,1790413525.7123342,0,False,ee1c5a23e70512b585bb3a90f56d58d2a940a63b2dd48e508701cff9b5d0f95a,,M102,G,False,False,False,False,False
Mac,campagna_mac_replica_2026-09-26,run_253.json,B_cloud,ticket,procedura_e42,k_0,0,4,0.0001,5.630783876225025,0,True,17.9084365000017,0.0,17.90755737500149,0.0,0.0,3.4650009159959154,3.4650009159959154,14.443435584005783,14.443435584005783,12.277652623776675,True,False,[],insufficienti,0,1790413549.263663,0,False,32b1a1d47aa4db733695cefdfa18e7628ef1332b0ab5d1dd1eeb92673bc7018a,,M103,A,False,False,False,False,False
Mac,campagna_mac_replica_2026-09-26,run_254.json,B_cloud,ticket,procedura_e42,k_0.1,7,4,0.0001,5.630783876225025,0,True,14.995598792011151,0.0,14.994627040985506,0.0,0.0,3.4650009159959154,3.4650009159959154,11.530597876015236,11.530597876015236,9.364814915786127,True,False,[],insufficienti,0,1790413567.260629,0,False,3d05685d32cb6e06a4a0897e4fc01e0e6e136130af1f176b305c332d8a062cb9,,M104,A,False,False,False,False,False
Mac,campagna_mac_replica_2026-09-26,run_255.json,B_cloud,ticket,procedura_e42,k_0.5,9,4,0.0001,5.630783876225025,5,True,14.895552000001771,3.029255125002237,11.85652074997779,0.00047549998271279037,0.007038709009066224,6.323784059424208,6.323784059424208,8.571767940577564,8.571767940577564,9.264768123776747,True,False,[],insufficienti,134,1790413582.341289,0,False,13e8ca450610251670fb97109bffe465990e6ab12b241f1ef5414ceb9ae57002,,M105,A,False,False,False,False,False
Mac,campagna_mac_replica_2026-09-26,run_256.json,B_cloud,ticket,procedura_e42,k_0,3,4,0.0001,5.630783876225025,0,True,23.321391875011614,0.0,23.32056312498753,0.0,0.0,3.4650009159959154,3.4650009159959154,19.856390959015698,19.856390959015698,17.69060799878659,True,False,[],insufficienti,0,1790413597.332258,0,False,3194083b84cb313cbc8920140cb1107816896220f2d72f673b560994629c2cdb,,M106,A,False,False,False,False,False
Mac,campagna_mac_replica_2026-09-26,run_257.json,B_cloud,ticket,procedura_e42,k_0.5,8,4,0.0001,5.630783876225025,5,True,19.29183491601725,3.0482173330092337,16.233595208992483,0.0005616669950541109,0.007328415988013148,6.323784059424208,6.323784059424208,12.968050856593043,12.968050856593043,13.661051039792227,True,False,[],insufficienti,134,1790413620.7735639,0,False,ed2fd522e647df882e00a5a88acdf219b1592d6e375100aebfa6c51f9c8f4f73,,M107,A,False,False,False,False,False
Mac,campagna_mac_replica_2026-09-26,run_258.json,B_cloud,ticket,procedura_e42,k_0.25,0,4,0.0001,5.630783876225025,5,True,22.791626541002188,2.8925854999979492,19.890095375012606,0.00034462500480003655,0.00698387500597164,6.323784059424208,6.323784059424208,16.467842481577982,16.467842481577982,17.160842664777164,True,False,[],insufficienti,123,1790413640.151638,0,False,0977c3aa887a14efddb0c9290813a545e5270192dd2de73d9ee98077556ddf67,,M108,A,False,False,False,False,False
Mac,campagna_mac_replica_2026-09-26,run_259.json,B_cloud,ticket,procedura_e42,k_0.25,6,4,0.0001,5.630783876225025,5,True,19.269494667008985,2.8623114580113906,16.3975165830052,0.00038987500010989606,0.007171666016802192,6.323784059424208,6.323784059424208,12.945710607584777,12.945710607584777,13.63871079078396,True,False,[],insufficienti,119,1790413663.032116,0,False,fadaa9d71231d3c0a5f14e8722b57c62a6a02509842d0e968b1dbe5011a1881e,,M109,A,False,False,False,False,False
Mac,campagna_mac_replica_2026-09-26,run_260.json,B_cloud,ticket,procedura_e42,k_0.25,3,4,0.0001,5.630783876225025,5,True,19.06021237501409,2.9834790830209386,16.067253167013405,0.0004239999980200082,0.007265000022016466,6.323784059424208,6.323784059424208,12.736428315589881,12.736428315589881,13.429428498789065,True,False,[],insufficienti,132,1790413682.596247,0,False,2e11abae5ffac75d7206e51d69a74940257dae0c0dd721e3e60d396c065cb20c,,M110,A,False,False,False,False,False
Mac,campagna_mac_replica_2026-09-26,run_261.json,B_cloud,ticket,procedura_e42,k_0.1,2,4,0.0001,5.630783876225025,0,True,16.54979729099432,0.0,16.548992083000485,0.0,0.0,3.4650009159959154,3.4650009159959154,13.084796374998405,13.084796374998405,10.919013414769296,True,False,[],insufficienti,0,1790413701.744939,0,False,d81c3c3b4a73514315bc95e7c18966d7a111a3bf91f98c77793fa3acb7cda5bf,,M111,A,False,False,False,False,False
Mac,campagna_mac_replica_2026-09-26,run_262.json,B_cloud,ticket,procedura_e42,k_0.5,5,4,0.0001,5.630783876225025,5,True,21.66608195801382,3.0307851250108797,18.62595716700889,0.00047175001236610115,0.0068952910078223795,6.323784059424208,6.323784059424208,15.342297898589612,15.342297898589612,16.035298081788795,True,False,[],insufficienti,132,1790413718.389195,0,False,f0e8a1dec1d6280930a0c11bd665402d175ae677bf66ff593e451b3188567a75,,M112,A,False,False,False,False,False
Mac,campagna_mac_replica_2026-09-26,run_263.json,B_cloud,ticket,procedura_e42,k_0.25,1,4,0.0001,5.630783876225025,5,True,18.111260541016236,2.710829958989052,15.390842916996917,0.000401749974116683,0.007421707996400073,6.323784059424208,6.323784059424208,11.787476481592028,11.787476481592028,12.480476664791212,True,False,[],insufficienti,109,1790413740.163135,0,False,0d73c368cc6fc667bb9344d459b2115407e25787144ab87689b6e499cc31f1b6,,M113,A,False,False,False,False,False
Mac,campagna_mac_replica_2026-09-26,run_264.json,B_cloud,ticket,procedura_e42,k_0.25,9,4,0.0001,5.630783876225025,5,True,14.660841959004756,2.9013081660086755,11.75009891699301,0.00047400000039488077,0.007065874990075827,6.323784059424208,6.323784059424208,8.337057899580548,8.337057899580548,9.030058082779732,True,False,[],insufficienti,125,1790413758.367659,0,False,83bd2c44c531c34a7589c892062db52e249fa9bc1742f0ae6c1087205efd89c2,,M114,A,False,False,False,False,False
Mac,campagna_mac_replica_2026-09-26,run_265.json,B_cloud,ticket,procedura_e42,k_0.25,2,4,0.0001,5.630783876225025,5,True,19.67367841702071,3.0609331660089083,16.603770416986663,0.0004142079851590097,0.006853458005934954,6.323784059424208,6.323784059424208,13.349894357596503,13.349894357596503,14.042894540795686,True,False,[],insufficienti,136,1790413773.124516,0,False,ebaf93004ef9c000ce1cf2789bd78b0f877952c34f957f793c1bafea524ff8a4,,M115,A,False,False,False,False,False
Mac,campagna_mac_replica_2026-09-26,run_266.json,B_cloud,ticket,procedura_e42,k_0.25,8,4,0.0001,5.630783876225025,5,True,18.691171334008686,3.1684535419917665,15.513531166972825,0.0004920829960610718,0.006924707995494828,6.323784059424208,6.323784059424208,12.367387274584479,12.367387274584479,13.060387457783662,True,False,[],insufficienti,145,1790413792.924751,0,False,72010f9ee4d49b0e7ec92928fa568fb915974a9663244a8186e2bfa5e4d3a6cc,,M116,A,False,False,False,False,False
Mac,campagna_mac_replica_2026-09-26,run_267.json,B_cloud,ticket,procedura_e42,k_0,6,4,0.0001,5.630783876225025,0,True,13.52613670800929,0.0,13.525289124983829,0.0,0.0,3.4650009159959154,3.4650009159959154,10.061135792013374,10.061135792013374,7.8953528317842645,True,False,[],insufficienti,0,1790413811.833535,0,False,f670dad602796a006f439d2666bf62ab8921945dd630fedcaa68aa111dc857d2,,M117,A,False,False,False,False,False
Mac,campagna_mac_replica_2026-09-26,run_268.json,B_cloud,ticket,procedura_e42,k_0.1,5,4,0.0001,5.630783876225025,0,True,19.464521624991903,0.0,19.463516916992376,0.0,0.0,3.4650009159959154,3.4650009159959154,15.999520708995988,15.999520708995988,13.833737748766879,True,False,[],insufficienti,0,1790413825.45214,0,False,a8ebcccfddfed14be57fbec9373f17657931778747b21ec48c847e93d5ad616f,,M118,G,False,False,False,False,False
Mac,campagna_mac_replica_2026-09-26,run_269.json,B_cloud,ticket,procedura_e42,k_0.1,1,4,0.0001,5.630783876225025,0,True,17.216179832990747,0.0,17.215343457995914,0.0,0.0,3.4650009159959154,3.4650009159959154,13.751178916994832,13.751178916994832,11.585395956765723,True,False,[],insufficienti,0,1790413845.00753,0,False,c02a8f5e420ecbb9ebf03c768a67e275c1a493e4260c95be1fe0c38e32e2a1c8,,M119,A,False,False,False,False,False
Mac,campagna_mac_replica_2026-09-26,run_270.json,D_cloud,ticket,errore_assente,adaptive,1,8,0.01,60.0,40,True,34.517254500009585,22.06302416700055,12.44409037497826,0.0010719159909058362,0.007301375007955357,26.33526606342226,26.33526606342226,8.181988436587325,8.181988436587325,0,False,True,"[""cache"", ""cancellare"", ""ferrosync"", ""locale"", ""raccettare"", ""riavviare"", ""servizio""]",completo,890,1790413862.320169,0,False,2a79c1085349d822f711013b92ee9bb534e2aa3f8cf37247fb92889382d16fde,,M120,negative_unsupported,False,,,,False
Mac,campagna_mac_replica_2026-09-26,run_271.json,D_cloud,ticket,dettaglio_condiviso,adaptive,2,8,0.01,60.0,40,True,15.31627725000726,12.341303458000766,2.9659967919869814,0.000403957994421944,0.006928999995579943,26.33526606342226,26.33526606342226,-11.018988813415,-11.018988813415,0,False,True,"[""clusterinternoaurora""]",degradato,200,1790413897.0033338,0,False,f173da2625ec96f2a0bdbba158f551c3b7f101f841e3b3ee6a0f9dfd51d434fd,,M121,target_wrong,False,,,,False
Mac,campagna_mac_replica_2026-09-26,run_272.json,D_cloud,ticket,dettaglio_condiviso,adaptive,0,8,0.01,60.0,40,True,18.644852625002386,12.307132541987812,6.328189666994149,0.0005048329767305404,0.0069730840041302145,26.33526606342226,26.33526606342226,-7.690413438419874,-7.690413438419874,0,False,True,"[""clusterinternoaurora""]",completo,200,1790413912.4275389,0,False,387ff6660102036ff34c14e8ce917c993c84f256279cdb8310b4b3d10c2208de,,R122,identifier_correct,True,,,,True
Mac,campagna_mac_replica_2026-09-26,run_273.json,D_cloud,ticket,dettaglio_condiviso,adaptive,4,8,0.01,60.0,40,True,16.957537000009324,12.256737082992913,4.691593499999726,0.0004693749942816794,0.006990541995037347,26.33526606342226,26.33526606342226,-9.377729063412936,-9.377729063412936,0,False,True,"[""clusterinternoaurora""]",completo,200,1790413931.16514,0,False,e475fcd861441060cf6d9f9818a3f395a8c3f2032c8f7774ded24cb8977851c9,,R122,identifier_correct,True,,,,True
Mac,campagna_mac_replica_2026-09-26,run_274.json,D_cloud,ticket,dettaglio_condiviso,adaptive,1,8,0.01,60.0,40,True,16.871069832996,12.296309583005495,4.56498341698898,0.000717791001079604,0.0071008749946486205,26.33526606342226,26.33526606342226,-9.46419623042626,-9.46419623042626,0,False,True,"[""clusterinternoaurora""]",completo,200,1790413948.209236,0,False,a7ad8d7a190e9a5ec29d5ac39b199a94ce6c211c123a5d479e1d40cc1419d59d,,R122,identifier_correct,True,,,,True
Mac,campagna_mac_replica_2026-09-26,run_275.json,D_cloud,ticket,errore_assente,adaptive,4,8,0.01,60.0,40,True,34.72471316700103,21.516759709018515,13.197327542002313,0.0013228750030975789,0.00716483301948756,26.33526606342226,26.33526606342226,8.389447103578767,8.389447103578767,0,False,True,"[""cache"", ""cancellare"", ""ferrosync"", ""locale"", ""raccettare"", ""riavviare"", ""servizio""]",completo,855,1790413965.173941,0,False,ce4e82a2f8152866330a3e336173051528622f42ac6f359bc598e1fdac59d7d1,,M122,negative_unsupported,False,,,,False
Mac,campagna_mac_replica_2026-09-26,run_276.json,D_cloud,ticket,errore_assente,adaptive,0,8,0.01,60.0,40,True,30.814887707994785,21.086654458020348,9.716842791996896,0.001579499978106469,0.006828916986705735,26.33526606342226,26.33526606342226,4.479621644572525,4.479621644572525,0,False,True,"[""cache"", ""locale""]",completo,823,1790414000.0038779,0,False,3e697347e5d61f74b6c44003ac85dd25e254173ff0aad9a1176e3088a31a1d03,,M123,negative_correct,True,,,,True
Mac,campagna_mac_replica_2026-09-26,run_277.json,D_cloud,ticket,dettaglio_condiviso,adaptive,3,8,0.01,60.0,40,True,20.486616291978862,12.258788083010586,8.218670416012174,0.0004758329887408763,0.007053915993310511,26.33526606342226,26.33526606342226,-5.848649771443398,-5.848649771443398,0,False,True,"[""clusterinternoaurora""]",degradato,200,1790414030.915311,0,False,274b720c390eaa62a1fdd8825f34e55d238e08d679e174926bd3673dc52cf258,,M124,target_wrong,False,,,,False
Mac,campagna_mac_replica_2026-09-26,run_278.json,D_cloud,ticket,errore_assente,adaptive,3,8,0.01,60.0,40,True,30.51560008301749,20.797347790998174,9.708317250013351,0.000951958994846791,0.007267458975547925,26.33526606342226,26.33526606342226,4.180334019595229,4.180334019595229,0,False,True,"[""cache"", ""cancellare"", ""ferrosync"", ""locale"", ""raccettare"", ""riavviare"", ""servizio""]",completo,800,1790414051.493819,0,False,5968d019e29a7a67476fa3b7e60fcf10542ee921add828c85beb2bf055f3173c,,M125,negative_correct,True,,,,True
Mac,campagna_mac_replica_2026-09-26,run_279.json,D_cloud,ticket,errore_assente,adaptive,2,8,0.01,60.0,40,True,37.50288395798998,22.351194749993738,15.141281958000036,0.0012939159933011979,0.007016749994363636,26.33526606342226,26.33526606342226,11.16761789456772,11.16761789456772,0,False,True,"[""cache"", ""cancellare"", ""ferrosync"", ""locale"", ""raccettare"", ""riavviare"", ""servizio""]",completo,906,1790414082.10014,0,False,f34bd1806d8f31beaab76f21fe6522f889566649aa9e86a19b9f0ea49e4212c4,,M126,negative_correct,True,,,,True
RTX,campagna_rtx_2026-09-21,run_000.json,C3_offline,ticket,procedura_e42,adaptive,2,4,0.0001,15.0,40,False,5.1447256640094565,5.136045662002289,0.0,0.0009734109917189926,0.007458888008841313,8.228421340994187,8.228421340994187,-3.08369567698473,-3.08369567698473,0,False,False,[],insufficienti,1041,1790017879.783794,0,False,26b32c1355c21a859897f892c01be2a3249569cfe067b3e0dbb63899e461e552,,,,,,,,
RTX,campagna_rtx_2026-09-21,run_001.json,C3_offline,ticket,procedura_e42,fixed_20,4,4,0.0001,30.0,20,False,2.4172443319985177,2.408407527997042,0.0,0.0005149060016265139,0.008130895002977923,4.214210670497093,4.214210670497093,-1.7969663384985752,-1.7969663384985752,0,False,False,[],insufficienti,477,1790017884.9329455,0,False,5ded79e14dfe67e03a5c15998d23293a050a0b78e82153688212ae3813fb14c6,,,,,,,,
RTX,campagna_rtx_2026-09-21,run_002.json,C3_offline,ticket,procedura_e42,fixed_20,0,4,0.0001,15.0,20,False,2.539069371006917,2.5307585730042774,0.0,0.0005521059938473627,0.007528689005994238,4.214210670497093,4.214210670497093,-1.6751412994901758,-1.6751412994901758,0,False,False,[],insufficienti,524,1790017887.352354,0,False,95b46a0f4261ce07aae1b450682ea8b15148443251cbec40a7c3d9baa75cf3e9,,,,,,,,
RTX,campagna_rtx_2026-09-21,run_003.json,C3_offline,ticket,procedura_e42,fixed_10,2,4,0.0001,30.0,10,False,1.2796252080006525,1.271631415002048,0.0,0.0003849039931083098,0.007395485998131335,2.2071053352485466,2.2071053352485466,-0.9274801272478941,-0.9274801272478941,0,False,False,[],insufficienti,261,1790017889.893521,0,False,3bc3b83e42607ec18dd109ede6a1737ec197bb9d944cf6ace8441fe4325a7d40,,,,,,,,
RTX,campagna_rtx_2026-09-21,run_004.json,C3_offline,ticket,procedura_e42,fixed_40,4,4,0.0001,15.0,40,False,5.058425556999282,5.050032857994665,0.0,0.0008968109905254096,0.0072867859998950735,8.228421340994187,8.228421340994187,-3.1699957839949047,-3.1699957839949047,0,False,False,[],insufficienti,1033,1790017891.17502,0,False,0a36a13a053899dbd2fa4850a96cd92104beda7397fa1083333ab7fb45cc88a9,,,,,,,,
RTX,campagna_rtx_2026-09-21,run_005.json,C3_offline,ticket,procedura_e42,fixed_10,1,4,0.0001,30.0,10,False,1.2769561919994885,1.2691990000021178,0.0,0.00037790498754475266,0.007208585011539981,2.2071053352485466,2.2071053352485466,-0.9301491432490581,-0.9301491432490581,0,False,False,[],insufficienti,259,1790017896.235988,0,False,b4ac9eabd310fa0b22cb6add84bcb1d883d7f86a8814c80a0319905479e3cbed,,,,,,,,
RTX,campagna_rtx_2026-09-21,run_006.json,C3_offline,salary,base_t,fixed_5,1,4,0.0001,30.0,5,False,0.2910578169976361,0.28200701100286096,0.0,0.00019670301117002964,0.008682101994054392,1.2035526676242732,1.2035526676242732,-0.912494850626637,-0.912494850626637,0,False,False,[],insufficienti,25,1790017897.516576,0,False,9273635d821fdeb51e525f770dc307834408165c03009d7eaaabc432d0b59fc6,,,,,,,,
RTX,campagna_rtx_2026-09-21,run_007.json,C3_offline,ticket,procedura_e42,fixed_5,0,4,0.0001,15.0,5,False,0.552688190000481,0.5447518969886005,0.0,0.0002814030012814328,0.0074878879968309775,1.2035526676242732,1.2035526676242732,-0.6508644776237922,-0.6508644776237922,0,False,False,[],insufficienti,103,1790017897.8093338,0,False,e8a19f9b5c958e950f9d2d23b4a381429097f16979d8463cd3ba96d9c1238bbe,,,,,,,,
RTX,campagna_rtx_2026-09-21,run_008.json,C3_offline,salary,base_t,fixed_5,4,4,0.0001,5.0,5,False,0.29024950800521765,0.28167400699749123,0.0,0.0001992030011024326,0.00820489700709004,1.2035526676242732,1.2035526676242732,-0.9133031596190555,-0.9133031596190555,0,False,False,[],insufficienti,25,1790017898.3638077,0,False,c3eedf57bf815a969fa3d1cf4d84f7ac2a00ebbab3256883f27390f98259ab5b,,,,,,,,
RTX,campagna_rtx_2026-09-21,run_009.json,C3_offline,ticket,procedura_e42,fixed_40,2,4,0.0001,5.0,40,False,5.083819522013073,5.075312622997444,0.0,0.0008262100018328056,0.007474587007891387,8.228421340994187,8.228421340994187,-3.144601818981114,-3.144601818981114,0.08381952201307286,True,False,[],insufficienti,1035,1790017898.655775,0,False,bf700b8c5b511d48577c730a69b0b8e94dfd259684ef8872d8b46955f9324cb2,,,,,,,,
RTX,campagna_rtx_2026-09-21,run_010.json,C3_offline,ticket,procedura_e42,fixed_10,4,4,0.0001,30.0,10,False,1.227541928004939,1.2197820359870093,0.0,0.000380003999453038,0.007202884997241199,2.2071053352485466,2.2071053352485466,-0.9795634072436075,-0.9795634072436075,0,False,False,[],insufficienti,244,1790017903.742304,0,False,5facbef1fa07a57688e916682bd570053bb9b2dca3b9e553697990377e7527a9,,,,,,,,
RTX,campagna_rtx_2026-09-21,run_011.json,C3_offline,ticket,procedura_e42,fixed_5,4,4,0.0001,15.0,5,False,0.6746349300083239,0.6664721349952742,0.0,0.0003516040014801547,0.007619588999659754,1.2035526676242732,1.2035526676242732,-0.5289177376159493,-0.5289177376159493,0,False,False,[],insufficienti,140,1790017904.972156,0,False,7ed08a029ae08b78040e98dcaf9b114503b82fd67f1047dda96ceb35d7f0b0de,,,,,,,,
RTX,campagna_rtx_2026-09-21,run_012.json,C3_offline,ticket,procedura_e42,adaptive,3,4,0.0001,5.0,23,False,2.8869312439928763,2.8786140469892416,0.0,0.0006320070096990094,0.007454288002918474,4.816342271071656,4.816342271071656,-1.92941102707878,-1.92941102707878,0,False,False,[],insufficienti,582,1790017905.6485171,0,False,c6a27d2cb6e2e99c03edd3d4a8301c82726ce09f2ced7f0692c30c7b25d89ab8,,,,,,,,
RTX,campagna_rtx_2026-09-21,run_013.json,C3_offline,ticket,procedura_e42,fixed_10,1,4,0.0001,15.0,10,False,1.2622353460028535,1.2543307529995218,0.0,0.00038180498813744634,0.00734878599178046,2.2071053352485466,2.2071053352485466,-0.9448699892456931,-0.9448699892456931,0,False,False,[],insufficienti,257,1790017908.5376396,0,False,39fba10e8020b1dec26ce4e04ef92b3a0cfbe558ce4133fb08de4d6258e1ae9a,,,,,,,,
RTX,campagna_rtx_2026-09-21,run_014.json,C3_offline,ticket,procedura_e42,fixed_5,0,4,0.0001,30.0,5,False,0.6310610229993472,0.6226696250087116,0.0,0.00030140399758238345,0.007918992996565066,1.2035526676242732,1.2035526676242732,-0.572491644624926,-0.572491644624926,0,False,False,[],insufficienti,126,1790017909.8017945,0,False,10dbf1163d93a993fa33e8312d76009eee8ad53514e1e227ef4a397cb7f46f14,,,,,,,,
RTX,campagna_rtx_2026-09-21,run_015.json,C3_offline,ticket,procedura_e42,adaptive,0,4,0.0001,30.0,40,False,5.248855169003946,5.240156166997622,0.0,0.0009754119964782149,0.0075176880054641515,8.228421340994187,8.228421340994187,-2.979566171990241,-2.979566171990241,0,False,False,[],insufficienti,1086,1790017910.434645,0,False,f16015323537353ecfcc8541fcdae411d42573ab546ba475d32bc1d34343dc68,,,,,,,,
RTX,campagna_rtx_2026-09-21,run_016.json,C3_offline,salary,base_t,fixed_20,3,4,0.0001,15.0,20,False,1.146940803999314,1.1383772029948886,0.0,0.0002420029923086986,0.008068794995779172,4.214210670497093,4.214210670497093,-3.067269866497779,-3.067269866497779,0,False,True,"[""42000""]",completo,100,1790017915.6861968,0,False,ae60a797a4ab2c3b31faef761ee2ff0e8856942be8eb0d73e6aac5d2d756252f,,,,,,,,
RTX,campagna_rtx_2026-09-21,run_017.json,C3_offline,ticket,procedura_e42,fixed_10,2,4,0.0001,15.0,10,False,1.2589565259986557,1.2502199220034527,0.0,0.0004523050010902807,0.008094895994872786,2.2071053352485466,2.2071053352485466,-0.9481488092498909,-0.9481488092498909,0,False,False,[],insufficienti,248,1790017916.8353982,0,False,0b88e693ff249f8c40d934705ec7b449c3298257e8b75ab45d8ae8b7cf5c60dc,,,,,,,,
RTX,campagna_rtx_2026-09-21,run_018.json,C3_offline,ticket,procedura_e42,fixed_20,3,4,0.0001,15.0,20,False,2.45236768599716,2.4441299889876973,0.0,0.0005174060061108321,0.007537187993875705,4.214210670497093,4.214210670497093,-1.7618429844999328,-1.7618429844999328,0,False,False,[],insufficienti,484,1790017918.0966866,0,False,33ab0a7a3343e7cfeea0715ec9b58abcb2f4c7a196843e8b3989d2083ac12dbb,,,,,,,,
RTX,campagna_rtx_2026-09-21,run_019.json,C3_offline,ticket,procedura_e42,fixed_5,2,4,0.0001,5.0,5,False,0.6773408800072502,0.6695820890017785,0.0,0.00038910500006750226,0.007180984001024626,1.2035526676242732,1.2035526676242732,-0.5262117876170229,-0.5262117876170229,0,False,False,[],insufficienti,140,1790017920.5511336,0,False,cdb8de306554ddd018f752902c6deaffb5ef2697c09bf227e52196b5c007c0d8,,,,,,,,
RTX,campagna_rtx_2026-09-21,run_020.json,C3_offline,salary,base_t,fixed_40,2,4,0.0001,5.0,40,False,2.275723516999278,2.2663737069960916,0.0,0.000274803998763673,0.00877210299950093,8.228421340994187,8.228421340994187,-5.952697823994908,-5.952697823994908,0,False,True,"[""42000""]",completo,200,1790017921.2301757,0,False,53a6833b668dd2661173be63cb29d87b7e0d4cfb56de0fe6a96d258e53db2c9e,,,,,,,,
RTX,campagna_rtx_2026-09-21,run_021.json,C3_offline,ticket,procedura_e42,fixed_10,1,4,0.0001,5.0,10,False,1.245930685006897,1.2374581860058242,0.0,0.0004432050045579672,0.007854193012462929,2.2071053352485466,2.2071053352485466,-0.9611746502416496,-0.9611746502416496,0,False,False,[],insufficienti,247,1790017923.508454,0,False,56a903363e5de7d34b25fe4dde4a18e201dd52b7399d80bb804112004f4a2fd8,,,,,,,,
RTX,campagna_rtx_2026-09-21,run_022.json,C3_offline,ticket,procedura_e42,adaptive,2,4,0.0001,5.0,23,False,3.0155602550075855,3.007213857010356,0.0,0.0005997070111334324,0.007553688992629759,4.816342271071656,4.816342271071656,-1.8007820160640708,-1.8007820160640708,0,False,False,[],insufficienti,620,1790017924.7569668,0,False,13388d5bdba7127cb0ad9321dd63cb169fe5b529769f674122f43478bf57cca8,,,,,,,,
RTX,campagna_rtx_2026-09-21,run_023.json,C3_offline,ticket,procedura_e42,fixed_20,4,4,0.0001,15.0,20,False,2.627932198010967,2.6197869010065915,0.0,0.0005691069964086637,0.007394287007628009,4.214210670497093,4.214210670497093,-1.5862784724861259,-1.5862784724861259,0,False,False,[],insufficienti,536,1790017927.7747254,0,False,47c49a733a980fa2bb571b424d69ee3fd1940e84864c6bad08998718f74b3aa0,,,,,,,,
RTX,campagna_rtx_2026-09-21,run_024.json,C3_offline,ticket,procedura_e42,fixed_10,3,4,0.0001,15.0,10,False,1.3577961200062418,1.3497769249952398,0.0,0.00039170499076135457,0.00729558699822519,2.2071053352485466,2.2071053352485466,-0.8493092152423047,-0.8493092152423047,0,False,False,[],insufficienti,281,1790017930.4049764,0,False,8e242faa4571b54f942e0d8b5c22aa1ed54dd8304d3ab515b603e8c238d2c992,,,,,,,,
RTX,campagna_rtx_2026-09-21,run_025.json,C3_offline,ticket,procedura_e42,fixed_20,1,4,0.0001,30.0,20,False,2.4012157389952336,2.393174444005126,0.0,0.000506006006617099,0.007351587002631277,4.214210670497093,4.214210670497093,-1.8129949315018594,-1.8129949315018594,0,False,False,[],insufficienti,469,1790017931.764663,0,False,fa1b6eb941648b16f228f259e6a8653a5a0e9a1e9934bbe16055c8d4db0a855f,,,,,,,,
RTX,campagna_rtx_2026-09-21,run_026.json,C3_offline,salary,base_t,fixed_20,4,4,0.0001,5.0,20,False,1.142946491992916,1.133540880997316,0.0,0.00025620299857109785,0.0089452060055919,4.214210670497093,4.214210670497093,-3.071264178504177,-3.071264178504177,0,False,True,"[""42000""]",completo,100,1790017934.1684344,0,False,afe0a3c1ab954c0a117fe476e80cf9ed4203df99c6172ff93189a9e73b8a4dcb,,,,,,,,
RTX,campagna_rtx_2026-09-21,run_027.json,C3_offline,ticket,procedura_e42,fixed_20,2,4,0.0001,5.0,20,False,2.5908478919882327,2.582593793995329,0.0,0.0006199079944053665,0.007448887990904041,4.214210670497093,4.214210670497093,-1.6233627785088602,-1.6233627785088602,0,False,False,[],insufficienti,530,1790017935.3134606,0,False,b302159fc4b18f9150769e1a63c30795c9889a070bc29f97de6aa139f69ac254,,,,,,,,
RTX,campagna_rtx_2026-09-21,run_028.json,C3_offline,ticket,procedura_e42,fixed_40,0,4,0.0001,5.0,40,False,5.103442592997453,5.094844491002732,0.0,0.0008401099912589416,0.007548488996690139,8.228421340994187,8.228421340994187,-3.1249787479967335,-3.1249787479967335,0.10344259299745318,True,True,"[""arrestare"", ""cache"", ""cancellare"", ""ferrosync"", ""locale"", ""riavviare"", ""ricorrere"", ""servizio"", ""tecnico""]",completo,1034,1790017937.9069529,0,False,24e82be4843fdf26cf093d9a9ed6da7859cd3318b60549b4cc6bc0aa1fff63fa,,,,,,,,
RTX,campagna_rtx_2026-09-21,run_029.json,C3_offline,salary,base_t,fixed_5,2,4,0.0001,15.0,5,False,0.29263525900023524,0.28388885500316974,0.0,0.0001944029936566949,0.008378698999877088,1.2035526676242732,1.2035526676242732,-0.9109174086240379,-0.9109174086240379,0,False,False,[],insufficienti,25,1790017943.0129573,0,False,1fa59e511c685438474820dada3c3aa432a624f031495af5ddbd9fdc8d4ce87d,,,,,,,,
RTX,campagna_rtx_2026-09-21,run_030.json,C3_offline,salary,base_t,fixed_40,4,4,0.0001,5.0,40,False,2.3115384239936247,2.302778021010454,0.0,0.0002848029980668798,0.008251997001934797,8.228421340994187,8.228421340994187,-5.916882917000562,-5.916882917000562,0,False,True,"[""42000""]",completo,201,1790017943.3072896,0,False,1fbaf4b357f5a2af6bcb90137427be946af62afbaf2390ad09fa75787b4ac85e,,,,,,,,
RTX,campagna_rtx_2026-09-21,run_031.json,C3_offline,salary,base_t,fixed_20,2,4,0.0001,15.0,20,False,1.1623010420007631,1.1538658429926727,0.0,0.00022730299679096788,0.00801049399888143,4.214210670497093,4.214210670497093,-3.05190962849633,-3.05190962849633,0,False,False,[],insufficienti,100,1790017945.621696,0,False,49ceb604fb620f98a936fe7d440ba913e21cdeb383c0548ae24584dd9481bfaa,,,,,,,,
RTX,campagna_rtx_2026-09-21,run_032.json,C3_offline,salary,base_t,fixed_40,1,4,0.0001,30.0,40,False,2.295822750995285,2.2871287479938474,0.0,0.00027560300077311695,0.008196397000574507,8.228421340994187,8.228421340994187,-5.932598589998902,-5.932598589998902,0,False,True,"[""42000""]",completo,201,1790017946.7860174,0,False,971f757ed9f930875adafa53008b2e7891346de81db2919126acb8c50029044f,,,,,,,,
RTX,campagna_rtx_2026-09-21,run_033.json,C3_offline,salary,base_t,adaptive,4,4,0.0001,15.0,40,False,2.294618644998991,2.2856162390089594,0.0,0.0002699030010262504,0.008355598998605274,8.228421340994187,8.228421340994187,-5.933802695995196,-5.933802695995196,0,False,True,"[""42000""]",completo,200,1790017949.0856638,0,False,8edbe25156193fecaaee0ec14fdb131360ebf967ef3aacd808545e50b1e19f8a,,,,,,,,
RTX,campagna_rtx_2026-09-21,run_034.json,C3_offline,salary,base_t,adaptive,0,4,0.0001,5.0,23,False,1.3172947870043572,1.3086815849965205,0.0,0.0002347029949305579,0.008157097006915137,4.816342271071656,4.816342271071656,-3.499047484067299,-3.499047484067299,0,False,True,"[""42000""]",completo,115,1790017951.3829288,0,False,5e675dec443880c8b5043d7baa3643c8576939eeed1fcdb192683cab7e9bdec2,,,,,,,,
RTX,campagna_rtx_2026-09-21,run_035.json,C3_offline,ticket,procedura_e42,adaptive,1,4,0.0001,30.0,40,False,4.955669064001995,4.946905860007973,0.0,0.0008049099997151643,0.007753792000585236,8.228421340994187,8.228421340994187,-3.2727522769921915,-3.2727522769921915,0,False,False,[],insufficienti,990,1790017952.7023494,0,False,497f685c67d314472a6982e9277236818bb917d0981590fe20ee8bfb8f1969ee,,,,,,,,
RTX,campagna_rtx_2026-09-21,run_036.json,C3_offline,salary,base_t,adaptive,0,4,0.0001,30.0,40,False,2.2856998710049083,2.276223257998936,0.0,0.0003136040031677112,0.008939006002037786,8.228421340994187,8.228421340994187,-5.942721469989278,-5.942721469989278,0,False,True,"[""42000""]",completo,201,1790017957.6606338,0,False,3bd82c1c566e912e348d7f7e0fa4c3e1565d7ae3c16d88ea7d31cdd00651e113,,,,,,,,
RTX,campagna_rtx_2026-09-21,run_037.json,C3_offline,ticket,procedura_e42,adaptive,4,4,0.0001,15.0,40,False,5.244596744989394,5.23554463799519,0.0,0.0008605110051576048,0.007930694002425298,8.228421340994187,8.228421340994187,-2.9838245960047924,-2.9838245960047924,0,False,False,[],insufficienti,1063,1790017959.9488657,0,False,8c8756b6eb6f56796aba76da34589795302a09f926ba25c26806424818b5ccbc,,,,,,,,
RTX,campagna_rtx_2026-09-21,run_038.json,C3_offline,salary,base_t,fixed_5,4,4,0.0001,30.0,5,False,0.294096386001911,0.28539058299793396,0.0,0.00019680299737956375,0.008337098988704383,1.2035526676242732,1.2035526676242732,-0.9094562816223621,-0.9094562816223621,0,False,False,[],insufficienti,25,1790017965.1960151,0,False,201d67cc46f276d5af064fb75108e1ef299b1b8f8fb8917a93367f8190fe4b4b,,,,,,,,
RTX,campagna_rtx_2026-09-21,run_039.json,C3_offline,ticket,procedura_e42,fixed_40,4,4,0.0001,5.0,40,False,5.028959433009732,5.0193562189961085,0.0,0.0008074090001173317,0.008378300000913441,8.228421340994187,8.228421340994187,-3.199461907984455,-3.199461907984455,0.028959433009731583,True,False,[],insufficienti,998,1790017965.4919922,0,False,769b5c54f92fe89a4e13c13ac132130769c739a9af98f5aaf8b8680d0e6cca02,,,,,,,,
RTX,campagna_rtx_2026-09-21,run_040.json,C3_offline,ticket,procedura_e42,fixed_20,3,4,0.0001,5.0,20,False,2.4396762440010207,2.430552734993398,0.0,0.0005071060004411265,0.008433099996182136,4.214210670497093,4.214210670497093,-1.7745344264960723,-1.7745344264960723,0,False,False,[],insufficienti,471,1790017970.524516,0,False,398bab8a083597452595a190005b89cdb5f6802b5c4f879d69710c3f3108954e,,,,,,,,
RTX,campagna_rtx_2026-09-21,run_041.json,C3_offline,salary,base_t,fixed_5,0,4,0.0001,30.0,5,False,0.2913744580000639,0.2830890589975752,0.0,0.00019580298976507038,0.007915893991594203,1.2035526676242732,1.2035526676242732,-0.9121782096242093,-0.9121782096242093,0,False,False,[],insufficienti,25,1790017972.9662848,0,False,a8ef24fac19e3de66ebe45e0ab4ea042ce4373670b22e6c6eb196d87a6e31d88,,,,,,,,
RTX,campagna_rtx_2026-09-21,run_042.json,C3_offline,salary,base_t,fixed_20,2,4,0.0001,30.0,20,False,1.1461119010054972,1.1374431979929795,0.0,0.0002561029978096485,0.00821879701106809,4.214210670497093,4.214210670497093,-3.0680987694915958,-3.0680987694915958,0,False,True,"[""42000""]",completo,100,1790017973.2593684,0,False,c7debb0de3dd4452390f314ecd602a7273254260383e13541a0b06308da44546,,,,,,,,
RTX,campagna_rtx_2026-09-21,run_043.json,C3_offline,ticket,procedura_e42,fixed_40,0,4,0.0001,15.0,40,False,5.071406905990443,5.062760002998402,0.0,0.0008500099938828498,0.0075907900027232245,8.228421340994187,8.228421340994187,-3.1570144350037435,-3.1570144350037435,0,False,False,[],insufficienti,1017,1790017974.4075453,0,False,6092dc5feb20a46c15e8e9d15095beba1d48dc6a696ae887a720be846fa2cf73,,,,,,,,
RTX,campagna_rtx_2026-09-21,run_044.json,C3_offline,salary,base_t,fixed_10,2,4,0.0001,15.0,10,False,0.5778020620055031,0.5693165609991411,0.0,0.00023450300795957446,0.008069695002632216,2.2071053352485466,2.2071053352485466,-1.6293032732430435,-1.6293032732430435,0,False,False,[],insufficienti,50,1790017979.4815507,0,False,b4d78112f68352396684946bd8913f91395ca7dd4b11a52226131d7227a02081,,,,,,,,
RTX,campagna_rtx_2026-09-21,run_045.json,C3_offline,salary,base_t,fixed_5,2,4,0.0001,5.0,5,False,0.2913252600119449,0.282893059993512,0.0,0.00021300200023688376,0.008025595991057344,1.2035526676242732,1.2035526676242732,-0.9122274076123282,-0.9122274076123282,0,False,False,[],insufficienti,25,1790017980.0611005,0,False,47d911c68a66ee3ffeec100471a66e3c2554d4222fff21c4b2cb0c92510ab035,,,,,,,,
RTX,campagna_rtx_2026-09-21,run_046.json,C3_offline,ticket,procedura_e42,fixed_5,2,4,0.0001,30.0,5,False,0.6228406970039941,0.6144021979998797,0.0,0.00028520300111267716,0.007964994001667947,1.2035526676242732,1.2035526676242732,-0.580711970620279,-0.580711970620279,0,False,False,[],insufficienti,122,1790017980.35415,0,False,d9eef7e78578c28f2e8ef65c81678ceb490a3be980cedf4e4dcb895335afc5a0,,,,,,,,
RTX,campagna_rtx_2026-09-21,run_047.json,C3_offline,salary,base_t,fixed_40,4,4,0.0001,15.0,40,False,2.2989187100029085,2.2900574049999705,0.0,0.00027360300009604543,0.008364299006643705,8.228421340994187,8.228421340994187,-5.929502630991278,-5.929502630991278,0,False,True,"[""42000""]",completo,200,1790017980.9787495,0,False,4b33e8dd61b0233fea19a19cd6390a32aea09af654a3b929f75e6ebb11918f47,,,,,,,,
RTX,campagna_rtx_2026-09-21,run_048.json,C3_offline,salary,base_t,fixed_5,3,4,0.0001,15.0,5,False,0.2928281789936591,0.28444708000461105,0.0,0.00019470199185889214,0.007993195002200082,1.2035526676242732,1.2035526676242732,-0.9107244886306141,-0.9107244886306141,0,False,False,[],insufficienti,25,1790017983.2801924,0,False,f912e94087a64ea613b778c2dc81cb8cb861ee45a7f37d993bfa0079e3f05772,,,,,,,,
RTX,campagna_rtx_2026-09-21,run_049.json,C3_offline,ticket,procedura_e42,fixed_40,1,4,0.0001,5.0,40,False,5.023190902007627,5.014459098005318,0.0,0.000934411000343971,0.007522689993493259,8.228421340994187,8.228421340994187,-3.2052304389865593,-3.2052304389865593,0.0231909020076273,True,False,[],insufficienti,1000,1790017983.5751498,0,False,7e20764b2652f5b88941996b3699f71aeeaf53eaa3ad440336e8ae10435df5be,,,,,,,,
RTX,campagna_rtx_2026-09-21,run_050.json,C3_offline,ticket,procedura_e42,fixed_5,3,4,0.0001,30.0,5,False,0.697097987998859,0.6884877850097837,0.0,0.0003063040057895705,0.007988595010829158,1.2035526676242732,1.2035526676242732,-0.5064546796254141,-0.5064546796254141,0,False,False,[],insufficienti,145,1790017988.6009686,0,False,44fd01bd01e6ce5f04d5b42366349a4fb905063d0c1c0899dbde4a0b13126673,,,,,,,,
RTX,campagna_rtx_2026-09-21,run_051.json,C3_offline,salary,base_t,fixed_10,3,4,0.0001,5.0,10,False,0.5790698850032641,0.5708307869936107,0.0,0.000207303004572168,0.007853394010453485,2.2071053352485466,2.2071053352485466,-1.6280354502452825,-1.6280354502452825,0,False,False,[],insufficienti,50,1790017989.2997787,0,False,33ebdf2af5c46f5b85b756a91211d07d6e7baad496ecc6912d79a2e9fb60c6f1,,,,,,,,
RTX,campagna_rtx_2026-09-21,run_052.json,C3_offline,salary,base_t,fixed_10,1,4,0.0001,30.0,10,False,0.5782968769926811,0.5695305720000761,0.0,0.00020580300770234317,0.008382400003029034,2.2071053352485466,2.2071053352485466,-1.6288084582558655,-1.6288084582558655,0,False,False,[],insufficienti,50,1790017989.8806427,0,False,feee5438d485e6ab1d993c9cd6622b6bfa7438343629aade68929d3d48b55526,,,,,,,,
RTX,campagna_rtx_2026-09-21,run_053.json,C3_offline,salary,base_t,fixed_40,0,4,0.0001,15.0,40,False,2.3055192199972225,2.2970139200042468,0.0,0.0002746030077105388,0.007988094992469996,8.228421340994187,8.228421340994187,-5.922902120996964,-5.922902120996964,0,False,True,"[""42000""]",completo,200,1790017990.4607422,0,False,e8a8e797edd76aaf63c1f70db4b2143a256015076ba5624db5a072670467b212,,,,,,,,
RTX,campagna_rtx_2026-09-21,run_054.json,C3_offline,ticket,procedura_e42,fixed_5,1,4,0.0001,15.0,5,False,0.6275656650104793,0.6190968650043942,0.0,0.0003634040040196851,0.007924493998871185,1.2035526676242732,1.2035526676242732,-0.5759870026137939,-0.5759870026137939,0,False,False,[],insufficienti,123,1790017992.7693396,0,False,73346b25d8606e5492f15b50f3a5d077f04161381de040b7bd342e8d7cd9d549,,,,,,,,
RTX,campagna_rtx_2026-09-21,run_055.json,C3_offline,ticket,procedura_e42,fixed_40,3,4,0.0001,15.0,40,False,5.134371198990266,5.125369592002244,0.0,0.0008501100091962144,0.007870893998187967,8.228421340994187,8.228421340994187,-3.094050142003921,-3.094050142003921,0,False,False,[],insufficienti,1036,1790017993.3986497,0,False,35a57984bb8effe7209cb207b626eebf72439c5f6df526edc7e525500b948416,,,,,,,,
RTX,campagna_rtx_2026-09-21,run_056.json,C3_offline,salary,base_t,adaptive,4,4,0.0001,5.0,23,False,1.3325027630053228,1.3230559510120656,0.0,0.00023820200294721872,0.008840705006150529,4.816342271071656,4.816342271071656,-3.4838395080663336,-3.4838395080663336,0,False,False,[],insufficienti,115,1790017998.5373251,0,False,ea57d41645f472044558f5687f4a334914b517dcb4dd228a09fca6ef3433cbb1,,,,,,,,
RTX,campagna_rtx_2026-09-21,run_057.json,C3_offline,ticket,procedura_e42,adaptive,2,4,0.0001,30.0,40,False,5.221824389009271,5.2130398849985795,0.0,0.0008703100029379129,0.007700891001150012,8.228421340994187,8.228421340994187,-3.006596951984916,-3.006596951984916,0,False,False,[],insufficienti,1059,1790017999.8720026,0,False,60dbeec87cfcad46843d5636892b8455b3b0d7af67862f3d078441c4e4b1a34c,,,,,,,,
RTX,campagna_rtx_2026-09-21,run_058.json,C3_offline,salary,base_t,fixed_40,2,4,0.0001,30.0,40,False,2.281041679001646,2.2724688760063145,0.0,0.00028860299789812416,0.008024195994948968,8.228421340994187,8.228421340994187,-5.9473796619925405,-5.9473796619925405,0,False,True,"[""42000""]",completo,200,1790018005.0964847,0,False,b3638660657f99493b0fc7650448ea578e398146bf743c2abcbc9ecf1036f1d9,,,,,,,,
RTX,campagna_rtx_2026-09-21,run_059.json,C3_offline,ticket,procedura_e42,fixed_20,2,4,0.0001,30.0,20,False,2.6816622610058403,2.6732334600092145,0.0,0.0006666080007562414,0.0075538899982348084,4.214210670497093,4.214210670497093,-1.5325484094912527,-1.5325484094912527,0,False,False,[],insufficienti,551,1790018007.3800607,0,False,249270efe6ce849905fc20658a15d907752898c08eed902d190e60ee6572eb30,,,,,,,,
RTX,campagna_rtx_2026-09-21,run_060.json,C3_offline,salary,base_t,fixed_10,1,4,0.0001,15.0,10,False,0.5805477210087702,0.5713626110082259,0.0,0.0002299020125064999,0.008736504998523742,2.2071053352485466,2.2071053352485466,-1.6265576142397764,-1.6265576142397764,0,False,False,[],insufficienti,50,1790018010.0638452,0,False,e26d4d1d8f0c20ab7e122042aa52e661cda56ba01732a699c4be1e6cebed90ae,,,,,,,,
RTX,campagna_rtx_2026-09-21,run_061.json,C3_offline,salary,base_t,fixed_5,2,4,0.0001,30.0,5,False,0.2927078890061239,0.28360438100935426,0.0,0.00021730299340561032,0.008674803000758402,1.2035526676242732,1.2035526676242732,-0.9108447786181493,-0.9108447786181493,0,False,False,[],insufficienti,25,1790018010.646726,0,False,1d8c824a016e706862d22927f9301eb528c3e9a7146f11c5c4655ab2655d456c,,,,,,,,
RTX,campagna_rtx_2026-09-21,run_062.json,C3_offline,salary,base_t,fixed_20,0,4,0.0001,15.0,20,False,1.1509890220040688,1.141641410999,0.0,0.00022550299763679504,0.008908406001864932,4.214210670497093,4.214210670497093,-3.063221648493024,-3.063221648493024,0,False,False,[],insufficienti,100,1790018010.9411023,0,False,da8800858ac334e821220a3c45bbcf03abb1cc881c67b016bf9fdf1c81fa4d36,,,,,,,,
RTX,campagna_rtx_2026-09-21,run_063.json,C3_offline,salary,base_t,adaptive,1,4,0.0001,5.0,23,False,1.3247899970010621,1.3163931969902478,0.0,0.0002369029971305281,0.007956793997436762,4.816342271071656,4.816342271071656,-3.491552274070594,-3.491552274070594,0,False,False,[],insufficienti,115,1790018012.095223,0,False,d2414b07b77aa26370e4aa076738d4d56a5fe3add90fb3f749bb9e72c8939eb8,,,,,,,,
RTX,campagna_rtx_2026-09-21,run_064.json,C3_offline,salary,base_t,fixed_20,3,4,0.0001,5.0,20,False,1.1514277320093242,1.1410206069995183,0.0,0.00022770299983676523,0.00995831900218036,4.214210670497093,4.214210670497093,-3.0627829384877687,-3.0627829384877687,0,False,False,[],insufficienti,100,1790018013.422123,0,False,165baa4da0c1b0a53ba3e007bc584485dc0847d596c2cb578bd114f299dd8da3,,,,,,,,
RTX,campagna_rtx_2026-09-21,run_065.json,C3_offline,ticket,procedura_e42,fixed_40,2,4,0.0001,15.0,40,False,5.170696287997998,5.162249988003168,0.0,0.0008934099896578118,0.007345786987571046,8.228421340994187,8.228421340994187,-3.0577250529961884,-3.0577250529961884,0,False,False,[],insufficienti,1046,1790018014.5755885,0,False,26287b2a67cc04ce316571cae1fb92f34be9cfd5ea6582d6c36effe27cc25d4a,,,,,,,,
RTX,campagna_rtx_2026-09-21,run_066.json,C3_offline,salary,base_t,adaptive,2,4,0.0001,5.0,23,False,1.3217896749993088,1.3133805749966996,0.0,0.0002403029939159751,0.007917594004538842,4.816342271071656,4.816342271071656,-3.4945525960723476,-3.4945525960723476,0,False,True,"[""42000""]",completo,115,1790018019.7489514,0,False,1e7e6493a6a1e55ee66f2283b03cedb96f1daeddd4fe41af453dd9d28a4829e3,,,,,,,,
RTX,campagna_rtx_2026-09-21,run_067.json,C3_offline,salary,base_t,fixed_10,3,4,0.0001,15.0,10,False,0.5781007010082249,0.5696044990036171,0.0,0.00020940200192853808,0.008103896994725801,2.2071053352485466,2.2071053352485466,-1.6290046342403217,-1.6290046342403217,0,False,False,[],insufficienti,50,1790018021.072914,0,False,067f570a9ae7852a84b30532cb557654d412e712cfabd3f4a15e44554ec8bf7b,,,,,,,,
RTX,campagna_rtx_2026-09-21,run_068.json,C3_offline,salary,base_t,fixed_20,1,4,0.0001,5.0,20,False,1.1467257890035398,1.1381866870069643,0.0,0.00022710300981998444,0.00811739600612782,4.214210670497093,4.214210670497093,-3.067484881493553,-3.067484881493553,0,False,True,"[""42000""]",completo,100,1790018021.6528726,0,False,93c363abd6da80f2314d5da2bf2e91dac84837527ed9b83b3579ca2097bbf462,,,,,,,,
RTX,campagna_rtx_2026-09-21,run_069.json,C3_offline,ticket,procedura_e42,fixed_20,0,4,0.0001,5.0,20,False,2.5391041169932578,2.529875906999223,0.0,0.000541105997399427,0.00843940100457985,4.214210670497093,4.214210670497093,-1.6751065535038352,-1.6751065535038352,0,False,False,[],insufficienti,510,1790018022.802304,0,False,90131f4cf062e25a0756a0b2f475e5843c73d77681b4ecc9dc8108c4cde991a2,,,,,,,,
RTX,campagna_rtx_2026-09-21,run_070.json,C3_offline,salary,base_t,fixed_40,4,4,0.0001,30.0,40,False,2.2865425089985365,2.2772355979977874,0.0,0.0002708029933273792,0.008813904991257004,8.228421340994187,8.228421340994187,-5.94187883199565,-5.94187883199565,0,False,True,"[""42000""]",completo,200,1790018025.3435333,0,False,253bcad42eec3ff9e83b1b787390bd041198d38eece1b31914d83e22b17b008e,,,,,,,,
RTX,campagna_rtx_2026-09-21,run_071.json,C3_offline,ticket,procedura_e42,adaptive,4,4,0.0001,5.0,23,False,2.9994150329875993,2.991187035004259,0.0,0.0005759070045314729,0.007463289002771489,4.816342271071656,4.816342271071656,-1.816927238084057,-1.816927238084057,0,False,False,[],insufficienti,608,1790018027.6327162,0,False,38d6b5d0466f7ba55bc87cb56433bd6e5b8c2c351f144d80051c351d9e3beb54,,,,,,,,
RTX,campagna_rtx_2026-09-21,run_072.json,C3_offline,salary,base_t,fixed_40,1,4,0.0001,15.0,40,False,2.30225851299474,2.29340380699432,0.0,0.00026730399986263365,0.008363699991605245,8.228421340994187,8.228421340994187,-5.9261628279994465,-5.9261628279994465,0,False,True,"[""42000""]",completo,200,1790018030.6343746,0,False,afbe2cb1af972fc3df8d324796bf7eb66d7f1682bd4a418d86eb9acfdf9e0001,,,,,,,,
RTX,campagna_rtx_2026-09-21,run_073.json,C3_offline,ticket,procedura_e42,fixed_40,4,4,0.0001,30.0,40,False,5.093014290003339,5.084318786000949,0.0,0.0009136110020335764,0.007571189998998307,8.228421340994187,8.228421340994187,-3.135407050990848,-3.135407050990848,0,False,True,"[""arrestare"", ""cache"", ""cancellare"", ""ferrosync"", ""locale"", ""riavviare"", ""ricorrere"", ""servizio"", ""tecnico""]",completo,1021,1790018032.9396882,0,False,60f6393ee9ebc65e90d517146c46beaaf67e5c3f6ed58467c59325f7bb38984b,,,,,,,,
RTX,campagna_rtx_2026-09-21,run_074.json,C3_offline,salary,base_t,adaptive,0,4,0.0001,15.0,40,False,2.291489208000712,2.282116495000082,0.0,0.0003136040031677112,0.008835305998218246,8.228421340994187,8.228421340994187,-5.9369321329934746,-5.9369321329934746,0,False,True,"[""42000""]",completo,200,1790018038.0354004,0,False,0442035ef4bcbcfac61e60cfcdd725765690e4493341841a130cac9c93ad9669,,,,,,,,
RTX,campagna_rtx_2026-09-21,run_075.json,C3_offline,ticket,procedura_e42,fixed_10,4,4,0.0001,15.0,10,False,1.35610642300162,1.3476992229989264,0.0,0.0004177049995632842,0.007817992998752743,2.2071053352485466,2.2071053352485466,-0.8509989122469266,-0.8509989122469266,0,False,False,[],insufficienti,278,1790018040.3294234,0,False,c61362101cb64d6659a6cf520db9443a3bf1a44dc9285255b5a86b0522ff4fd0,,,,,,,,
RTX,campagna_rtx_2026-09-21,run_076.json,C3_offline,salary,base_t,fixed_5,3,4,0.0001,5.0,5,False,0.2935111110127764,0.2850643109995872,0.0,0.00019580200023483485,0.008081596010015346,1.2035526676242732,1.2035526676242732,-0.9100415566114968,-0.9100415566114968,0,False,False,[],insufficienti,25,1790018041.6874084,0,False,7dab5977b80b507ebd2843734df0be66832dc7695b04f2192fce209137f2100d,,,,,,,,
RTX,campagna_rtx_2026-09-21,run_077.json,C3_offline,salary,base_t,adaptive,3,4,0.0001,30.0,40,False,2.290315506004845,2.281659401996876,0.0,0.0002689030079636723,0.008163098013028502,8.228421340994187,8.228421340994187,-5.938105834989342,-5.938105834989342,0,False,True,"[""42000""]",completo,200,1790018041.9827561,0,False,a027752d570b296d9cadb94a7dc7fe6f36420695197a31a65e68312ed82d52a9,,,,,,,,
RTX,campagna_rtx_2026-09-21,run_078.json,C3_offline,salary,base_t,adaptive,4,4,0.0001,30.0,40,False,2.2991108179994626,2.289735505997669,0.0,0.0002772029984043911,0.008878805994754657,8.228421340994187,8.228421340994187,-5.929310522994724,-5.929310522994724,0,False,True,"[""42000""]",completo,201,1790018044.2755983,0,False,bc9c5def5cdc163483ff6d43c7012c404874de790cd0096b9abff34b2f984a6f,,,,,,,,
RTX,campagna_rtx_2026-09-21,run_079.json,C3_offline,ticket,procedura_e42,fixed_40,0,4,0.0001,30.0,40,False,4.884465684997849,4.876024283992592,0.0,0.0007878100004745647,0.007447689000400715,8.228421340994187,8.228421340994187,-3.3439556559963375,-3.3439556559963375,0,False,False,[],insufficienti,958,1790018046.5772889,0,False,f6366ba2204dd0c38396df69ed4acf1e838470fe35b33c2b78a336fc809f4e4f,,,,,,,,
RTX,campagna_rtx_2026-09-21,run_080.json,C3_offline,salary,base_t,fixed_10,0,4,0.0001,5.0,10,False,0.582282674004091,0.5733563669928117,0.0,0.00022340200666803867,0.008333099991432391,2.2071053352485466,2.2071053352485466,-1.6248226612444556,-1.6248226612444556,0,False,False,[],insufficienti,50,1790018051.4659655,0,False,b3679f0174184572c62c90a9a53c3950bdf4c361182addba0425b08f7257bee6,,,,,,,,
RTX,campagna_rtx_2026-09-21,run_081.json,C3_offline,ticket,procedura_e42,adaptive,3,4,0.0001,30.0,40,False,5.205190463995677,5.196512860013172,0.0,0.0009206110116792843,0.007415589003358036,8.228421340994187,8.228421340994187,-3.0232308769985092,-3.0232308769985092,0,False,False,[],insufficienti,1050,1790018052.0500247,0,False,33c462e9e8325022d4c274893344575c197dc4e71ed28059597aa2a993505ac4,,,,,,,,
RTX,campagna_rtx_2026-09-21,run_082.json,C3_offline,salary,base_t,fixed_40,3,4,0.0001,15.0,40,False,2.314970447012456,2.306454545003362,0.0,0.0002792029990814626,0.008016195992240682,8.228421340994187,8.228421340994187,-5.9134508939817305,-5.9134508939817305,0,False,True,"[""42000""]",completo,201,1790018057.257787,0,False,564095576c8cf30bb0705c563853c0d748385e0b71a6ba140f41739ae224c47d,,,,,,,,
RTX,campagna_rtx_2026-09-21,run_083.json,C3_offline,ticket,procedura_e42,fixed_40,3,4,0.0001,30.0,40,False,5.315626739000436,5.307060837003519,0.0,0.0008558100089430809,0.00750248999975156,8.228421340994187,8.228421340994187,-2.9127946019937507,-2.9127946019937507,0,False,False,[],insufficienti,1080,1790018059.5753074,0,False,ca5df353ae62b9bea2e5df9eb7652c15e9b4f39dddd13682991e7b526abca02f,,,,,,,,
RTX,campagna_rtx_2026-09-21,run_084.json,C3_offline,salary,base_t,fixed_20,4,4,0.0001,30.0,20,False,1.1555704609927488,1.1469010569999227,0.0,0.0002821039961418137,0.008173597991117276,4.214210670497093,4.214210670497093,-3.058640209504344,-3.058640209504344,0,False,False,[],insufficienti,100,1790018064.8940618,0,False,4a3e85edd8d9cebdbf6b2e36439fd41e93dad085478414573796cf35f536d857,,,,,,,,
RTX,campagna_rtx_2026-09-21,run_085.json,C3_offline,salary,base_t,fixed_40,1,4,0.0001,5.0,40,False,2.2982789730012883,2.289683770010015,0.0,0.0002709030086407438,0.008103097003186122,8.228421340994187,8.228421340994187,-5.930142367992898,-5.930142367992898,0,False,True,"[""42000""]",completo,200,1790018066.051688,0,False,ef335667b54555d75bd8ff0e33c8a812a60b5bf652cc429a69d92472774e8d67,,,,,,,,
RTX,campagna_rtx_2026-09-21,run_086.json,C3_offline,salary,base_t,fixed_20,0,4,0.0001,5.0,20,False,1.154426452005282,1.1458646499959286,0.0,0.0002276029990753159,0.008139297991874628,4.214210670497093,4.214210670497093,-3.059784218491811,-3.059784218491811,0,False,True,"[""42000""]",completo,100,1790018068.3525145,0,False,b0d3aafa79496a60afc4d5ddccdb210ecb5e1137b9bc544d0430e49e95cad58d,,,,,,,,
RTX,campagna_rtx_2026-09-21,run_087.json,C3_offline,ticket,procedura_e42,fixed_5,1,4,0.0001,30.0,5,False,0.7048483590042451,0.6963818569929572,0.0,0.0003188029950251803,0.007980095993843861,1.2035526676242732,1.2035526676242732,-0.498704308620028,-0.498704308620028,0,False,False,[],insufficienti,144,1790018069.5090213,0,False,06f7f8045ec88e4254e35d1c8ee81fdeab70e88ec2608d2372a4ca7fc1ffd097,,,,,,,,
RTX,campagna_rtx_2026-09-21,run_088.json,C3_offline,salary,base_t,fixed_10,3,4,0.0001,30.0,10,False,0.5791044500074349,0.5703844450035831,0.0,0.00021370300964917988,0.008326899987878278,2.2071053352485466,2.2071053352485466,-1.6280008852411116,-1.6280008852411116,0,False,False,[],insufficienti,50,1790018070.2156608,0,False,4a09d3cae6ea9b3297bfe1961e284eb4fff947c5d9af291f2d55f3343fe16c66,,,,,,,,
RTX,campagna_rtx_2026-09-21,run_089.json,C3_offline,salary,base_t,fixed_10,4,4,0.0001,30.0,10,False,0.5798606600001222,0.5712030560098356,0.0,0.00023040200176183134,0.008247099001891911,2.2071053352485466,2.2071053352485466,-1.6272446752484244,-1.6272446752484244,0,False,False,[],insufficienti,50,1790018070.7965748,0,False,1ab35b2833128946b44410647952ece365d0e5d953ac61356558984b09743d2f,,,,,,,,
RTX,campagna_rtx_2026-09-21,run_090.json,C3_offline,salary,base_t,adaptive,3,4,0.0001,15.0,40,False,2.297987985992222,2.289714284997899,0.0,0.0002773040032479912,0.007741492998320609,8.228421340994187,8.228421340994187,-5.930433355001965,-5.930433355001965,0,False,True,"[""42000""]",completo,200,1790018071.3781662,0,False,ce64a50fc3010729752313d00f34817ba7e9447741cb29a257d5574ab1bce54d,,,,,,,,
RTX,campagna_rtx_2026-09-21,run_091.json,C3_offline,salary,base_t,fixed_20,0,4,0.0001,30.0,20,False,1.1612832419923507,1.1522684349911287,0.0,0.0002346030087210238,0.00858610299474094,4.214210670497093,4.214210670497093,-3.0529274285047423,-3.0529274285047423,0,False,True,"[""42000""]",completo,100,1790018073.6787431,0,False,3d4d2f9b59d295a91d346959b24ac1f94f51d029e5cc439345dc0e0413faeefd,,,,,,,,
RTX,campagna_rtx_2026-09-21,run_092.json,C3_offline,salary,base_t,adaptive,3,4,0.0001,5.0,23,False,1.333780316010234,1.3249639090063283,0.0,0.00023570300254505128,0.008354100995347835,4.816342271071656,4.816342271071656,-3.4825619550614224,-3.4825619550614224,0,False,False,[],insufficienti,115,1790018074.842119,0,False,2d22151a9dca0c1059124f385b32c2623a642f29cc46a8a5b775fa81495ec600,,,,,,,,
RTX,campagna_rtx_2026-09-21,run_093.json,C3_offline,ticket,procedura_e42,fixed_5,3,4,0.0001,5.0,5,False,0.5586197079974227,0.5505205109948292,0.0,0.0002787039993563667,0.007652992004295811,1.2035526676242732,1.2035526676242732,-0.6449329596268505,-0.6449329596268505,0,False,False,[],insufficienti,102,1790018076.1780245,0,False,ef3a649e6ebbd92de50c5e2cf271888c40ae6e00329edb8b5b9e95c54d2d7562,,,,,,,,
RTX,campagna_rtx_2026-09-21,run_094.json,C3_offline,ticket,procedura_e42,fixed_10,3,4,0.0001,5.0,10,False,1.195009051996749,1.186616352002602,0.0,0.000383703998522833,0.007836093995138071,2.2071053352485466,2.2071053352485466,-1.0120962832517977,-1.0120962832517977,0,False,False,[],insufficienti,230,1790018076.7384408,0,False,7395d3783d0aeb88a4a45bc274613989a2833eff674c9f18bf918dff7115767c,,,,,,,,
RTX,campagna_rtx_2026-09-21,run_095.json,C3_offline,ticket,procedura_e42,adaptive,3,4,0.0001,15.0,40,False,5.093921998995938,5.085460796995903,0.0,0.000859009989653714,0.0073888890037778765,8.228421340994187,8.228421340994187,-3.1344993419982483,-3.1344993419982483,0,False,False,[],insufficienti,1018,1790018077.9354384,0,False,38458ed1fc75ab0351fade418d891dd931beb190c6cdfab5755469a48305d58c,,,,,,,,
RTX,campagna_rtx_2026-09-21,run_096.json,C3_offline,salary,base_t,adaptive,1,4,0.0001,30.0,40,False,2.3052123060042504,2.2965830020111753,0.0,0.0002715029986575246,0.008090597009868361,8.228421340994187,8.228421340994187,-5.923209034989936,-5.923209034989936,0,False,True,"[""42000""]",completo,200,1790018083.0324166,0,False,fdfd3e5edee7a3670d14f9a6f22492c603a2e93949ae0a289cab564c08e2d761,,,,,,,,
RTX,campagna_rtx_2026-09-21,run_097.json,C3_offline,ticket,procedura_e42,fixed_20,0,4,0.0001,30.0,20,False,2.561568694000016,2.5517705759993987,0.0,0.0006161079945741221,0.008995307987788692,4.214210670497093,4.214210670497093,-1.652641976497077,-1.652641976497077,0,False,False,[],insufficienti,509,1790018085.3402612,0,False,14bd2f66a554cc9bcc3cddbf3d29a876756132c93ebc05e9bbb728e1a80107cd,,,,,,,,
RTX,campagna_rtx_2026-09-21,run_098.json,C3_offline,ticket,procedura_e42,fixed_40,2,4,0.0001,30.0,40,False,5.286799880996114,5.27842308000254,0.0,0.0008532109932275489,0.007316087998333387,8.228421340994187,8.228421340994187,-2.941621459998073,-2.941621459998073,0,False,False,[],insufficienti,1072,1790018087.9040067,0,False,d059f4bc9fce542e6e1bc1c799f42d3131d4b128cd89b3bfa27f12b3aa59318f,,,,,,,,
RTX,campagna_rtx_2026-09-21,run_099.json,C3_offline,salary,base_t,fixed_40,0,4,0.0001,30.0,40,False,2.3042650220013456,2.2953867159958463,0.0,0.0002775030006887391,0.008341799999470823,8.228421340994187,8.228421340994187,-5.924156318992841,-5.924156318992841,0,False,True,"[""42000""]",completo,200,1790018093.1934323,0,False,7fc5fc050606a463b23ed8f99053fb906a2957a178411519a4df1f0b493dd815,,,,,,,,
RTX,campagna_rtx_2026-09-21,run_100.json,C3_offline,salary,base_t,fixed_5,0,4,0.0001,5.0,5,False,0.3114026469993405,0.3029481450066669,0.0,0.00019440198957454413,0.008087797003099695,1.2035526676242732,1.2035526676242732,-0.8921500206249326,-0.8921500206249326,0,False,False,[],insufficienti,25,1790018095.500219,0,False,765241c690a4d2234db958bb48ad2fb25ff53dcda6cf5bc443e147437c425eb0,,,,,,,,
RTX,campagna_rtx_2026-09-21,run_101.json,C3_offline,salary,base_t,fixed_10,2,4,0.0001,5.0,10,False,0.5820087030006107,0.5734843009995529,0.0,0.0002346030087210238,0.00811149699438829,2.2071053352485466,2.2071053352485466,-1.6250966322479359,-1.6250966322479359,0,False,False,[],insufficienti,50,1790018095.8133166,0,False,da2b479d66d74b146287ec22ee9cedd886dd1ac1f48eaa0b36b94d12255c066d,,,,,,,,
RTX,campagna_rtx_2026-09-21,run_102.json,C3_offline,ticket,procedura_e42,adaptive,4,4,0.0001,30.0,40,False,5.121182241011411,5.112198932998581,0.0,0.0009032109956024215,0.007741993002127856,8.228421340994187,8.228421340994187,-3.1072390999827757,-3.1072390999827757,0,False,False,[],insufficienti,1018,1790018096.3984501,0,False,5c02fbdc9737dcbddf49acc9f1082b98a1796723b576dc0722e03c96e423fbb9,,,,,,,,
RTX,campagna_rtx_2026-09-21,run_103.json,C3_offline,salary,base_t,fixed_40,0,4,0.0001,5.0,40,False,2.3159928870009026,2.3068717760033906,0.0,0.00028060399927198887,0.008599804001278244,8.228421340994187,8.228421340994187,-5.912428453993284,-5.912428453993284,0,False,True,"[""42000""]",completo,201,1790018101.5222,0,False,1644ce2d90d9e4f0b2a4423263df993325dd9dabb03ac0c59d0ce671096936eb,,,,,,,,
RTX,campagna_rtx_2026-09-21,run_104.json,C3_offline,salary,base_t,fixed_20,1,4,0.0001,15.0,20,False,1.154594805004308,1.1460766020027222,0.0,0.00025390299560967833,0.008070597003097646,4.214210670497093,4.214210670497093,-3.059615865492785,-3.059615865492785,0,False,False,[],insufficienti,100,1790018103.8408065,0,False,a747825c37f92b5b9a7b19e377850eaafd5418280b11c478e75723ba2ecd4c31,,,,,,,,
RTX,campagna_rtx_2026-09-21,run_105.json,C3_offline,ticket,procedura_e42,fixed_5,2,4,0.0001,15.0,5,False,0.6969316939939745,0.6890041979931993,0.0,0.000330102993757464,0.007429289995343424,1.2035526676242732,1.2035526676242732,-0.5066209736302987,-0.5066209736302987,0,False,False,[],insufficienti,142,1790018104.9974828,0,False,a53ec0fb246904672eed4f876d203bed30fd464b16bcf05a69b58ece4f7f95a7,,,,,,,,
RTX,campagna_rtx_2026-09-21,run_106.json,C3_offline,ticket,procedura_e42,fixed_40,1,4,0.0001,15.0,40,False,5.164934824002557,5.155735713997274,0.0,0.0008679099992150441,0.00798699600272812,8.228421340994187,8.228421340994187,-3.063486516991629,-3.063486516991629,0,False,False,[],insufficienti,1033,1790018105.6976345,0,False,ee18e134ddd1aecd5c69fd1fbf3f1e65055109bbc65aec67a47bdc40d035a434,,,,,,,,
RTX,campagna_rtx_2026-09-21,run_107.json,C3_offline,ticket,procedura_e42,fixed_10,3,4,0.0001,30.0,10,False,1.2707013139879564,1.2628228189860238,0.0,0.00038400500488933176,0.007272588001796976,2.2071053352485466,2.2071053352485466,-0.9364040212605902,-0.9364040212605902,0,False,False,[],insufficienti,253,1790018110.8651664,0,False,71b0c5a2ec11ab81700cfe120de3950ea4e33958375fd9bacc0714ff9372e685,,,,,,,,
RTX,campagna_rtx_2026-09-21,run_108.json,C3_offline,salary,base_t,fixed_20,2,4,0.0001,5.0,20,False,1.1535686040006112,1.145082900999114,0.0,0.00023260299349203706,0.008059097002842464,4.214210670497093,4.214210670497093,-3.0606420664964817,-3.0606420664964817,0,False,True,"[""42000""]",completo,100,1790018112.1379325,0,False,c23a668568ed3dd9b41d71f65ca36e71f798e36cbc887136cd7881864037ab18,,,,,,,,
RTX,campagna_rtx_2026-09-21,run_109.json,C3_offline,salary,base_t,fixed_20,4,4,0.0001,15.0,20,False,1.153239400999155,1.1446536979929078,0.0,0.00023330199474003166,0.008158198994351551,4.214210670497093,4.214210670497093,-3.060971269497938,-3.060971269497938,0,False,True,"[""42000""]",completo,100,1790018113.293577,0,False,19213439f445800d8132eb8e68822ad2811e3ac803f8fa08342e29837eaae125,,,,,,,,
RTX,campagna_rtx_2026-09-21,run_110.json,C3_offline,salary,base_t,fixed_5,0,4,0.0001,15.0,5,False,0.2958192660007626,0.28718326200032607,0.0,0.000351403999957256,0.00810639800329227,1.2035526676242732,1.2035526676242732,-0.9077334016235106,-0.9077334016235106,0,False,False,[],insufficienti,25,1790018114.4494288,0,False,c84f84a5c59661018d6f5e1efd74de02727205b13010a88cca40680d46a520e6,,,,,,,,
RTX,campagna_rtx_2026-09-21,run_111.json,C3_offline,ticket,procedura_e42,fixed_20,4,4,0.0001,5.0,20,False,2.734968474993366,2.7266902749979636,0.0,0.0005910069885430858,0.00750028999755159,4.214210670497093,4.214210670497093,-1.4792421955037272,-1.4792421955037272,0,False,False,[],insufficienti,562,1790018114.7469666,0,False,194f4a0aa9b078e8f0632b672f580a014bf2b3036b3d3ca6dcd2bf298f46362c,,,,,,,,
RTX,campagna_rtx_2026-09-21,run_112.json,C3_offline,ticket,procedura_e42,fixed_5,3,4,0.0001,15.0,5,False,0.673218817988527,0.6654972249962157,0.0,0.00033410399919375777,0.007199886997113936,1.2035526676242732,1.2035526676242732,-0.5303338496357461,-0.5303338496357461,0,False,False,[],insufficienti,137,1790018117.484092,0,False,d0a2fb4c55ea7e4e2524bdb980ec0b8188abf705c83a6072324d84d5f6b9d77c,,,,,,,,
RTX,campagna_rtx_2026-09-21,run_113.json,C3_offline,salary,base_t,fixed_5,1,4,0.0001,15.0,5,False,0.29447555099613965,0.2859275480004726,0.0,0.000197101995581761,0.008176399001968093,1.2035526676242732,1.2035526676242732,-0.9090771166281335,-0.9090771166281335,0,False,False,[],insufficienti,25,1790018118.1596596,0,False,9c5a81024f12c89963617bfc66610ab0cb13a8d90005c1189fcd339aa75df294,,,,,,,,
RTX,campagna_rtx_2026-09-21,run_114.json,C3_offline,ticket,procedura_e42,adaptive,1,4,0.0001,15.0,40,False,5.231715107001946,5.222779199000797,0.0,0.0008415100019192323,0.007724993003648706,8.228421340994187,8.228421340994187,-2.9967062339922403,-2.9967062339922403,0,False,False,[],insufficienti,1056,1790018118.4571586,0,False,bb2ea2674509e3f360d117870d39c8fbad4c2ef6837d4cfbe631817048095a2e,,,,,,,,
RTX,campagna_rtx_2026-09-21,run_115.json,C3_offline,salary,base_t,fixed_10,4,4,0.0001,15.0,10,False,0.5804522039979929,0.571815698989667,0.0,0.0002764029923127964,0.008041897002840415,2.2071053352485466,2.2071053352485466,-1.6266531312505537,-1.6266531312505537,0,False,False,[],insufficienti,50,1790018123.6928015,0,False,a6b6bd53af86321941bc57caf5bbc11c73ebc073a300ad3afda16b5a69631df2,,,,,,,,
RTX,campagna_rtx_2026-09-21,run_116.json,C3_offline,ticket,procedura_e42,adaptive,1,4,0.0001,5.0,23,False,2.8711642489943188,2.8630005500017432,0.0,0.000601806998020038,0.00736908899853006,4.816342271071656,4.816342271071656,-1.9451780220773376,-1.9451780220773376,0,False,False,[],insufficienti,567,1790018124.2751977,0,False,1d306f3ae22902165a59eff930101047901341da5b60ea309d88141bbcfc7795,,,,,,,,
RTX,campagna_rtx_2026-09-21,run_117.json,C3_offline,salary,base_t,fixed_5,3,4,0.0001,30.0,5,False,0.29633687699970324,0.2864980580052361,0.0,0.00019640300888568163,0.009465014009037986,1.2035526676242732,1.2035526676242732,-0.9072157906245699,-0.9072157906245699,0,False,False,[],insufficienti,25,1790018127.1485991,0,False,1c1c3df7ab7646481ce5952f66a4c9e771d22699794709f16fbf274afb376af5,,,,,,,,
RTX,campagna_rtx_2026-09-21,run_118.json,C3_offline,salary,base_t,fixed_10,0,4,0.0001,15.0,10,False,0.5796786959981546,0.5711300929979188,0.0,0.0002318030019523576,0.00813989898597356,2.2071053352485466,2.2071053352485466,-1.627426639250392,-1.627426639250392,0,False,False,[],insufficienti,50,1790018127.4466496,0,False,781c520026daa1d23b1cd3e185811e42e180b180fcd5b05042b6722cfcba5b54,,,,,,,,
RTX,campagna_rtx_2026-09-21,run_119.json,C3_offline,ticket,procedura_e42,fixed_10,0,4,0.0001,5.0,10,False,1.295879042998422,1.2878325459896587,0.0,0.0003814040101133287,0.007491290001780726,2.2071053352485466,2.2071053352485466,-0.9112262922501246,-0.9112262922501246,0,False,False,[],insufficienti,259,1790018128.028291,0,False,7f634284325107a8ba8ef8e5c0f9f3103cdd7672309deedba66b8cb85025ff5d,,,,,,,,
RTX,campagna_rtx_2026-09-21,run_120.json,C3_offline,salary,base_t,fixed_40,2,4,0.0001,15.0,40,False,2.299182357994141,2.2903677519934718,0.0,0.0002750040002865717,0.008272799008409493,8.228421340994187,8.228421340994187,-5.929238983000046,-5.929238983000046,0,False,True,"[""42000""]",completo,200,1790018129.3260677,0,False,8dbc8334bc1ab9d3e31682f92c80a1702e6e8247fd7371012d9338a692cdf2d2,,,,,,,,
RTX,campagna_rtx_2026-09-21,run_121.json,C3_offline,salary,base_t,adaptive,1,4,0.0001,15.0,40,False,2.3099269939993974,2.301040186008322,0.0,0.0002688029926503077,0.008391701005166396,8.228421340994187,8.228421340994187,-5.918494346994789,-5.918494346994789,0,False,True,"[""42000""]",completo,200,1790018131.6279519,0,False,31670e87cebc91cff7701f3c3c17f1a3bb6187382ecbdec457ae6c20ed46c71f,,,,,,,,
RTX,campagna_rtx_2026-09-21,run_122.json,C3_offline,ticket,procedura_e42,fixed_10,2,4,0.0001,5.0,10,False,1.2818489809869789,1.2735889820032753,0.0,0.0003958049928769469,0.00758269100333564,2.2071053352485466,2.2071053352485466,-0.9252563542615677,-0.9252563542615677,0,False,False,[],insufficienti,253,1790018133.9404902,0,False,140ec1d00fa99807fd1d151c53ca7f98d54f17b72c952a5d1a36d1d2f8f9d6e0,,,,,,,,
RTX,campagna_rtx_2026-09-21,run_123.json,C3_offline,ticket,procedura_e42,fixed_10,0,4,0.0001,30.0,10,False,1.339714482994168,1.3316841860068962,0.0,0.00040710499160923064,0.007314387999940664,2.2071053352485466,2.2071053352485466,-0.8673908522543785,-0.8673908522543785,0,False,False,[],insufficienti,271,1790018135.2258816,0,False,714e18d950dd73907fd27230296924dce00994645a8ab920f5820ccca6fdf472,,,,,,,,
RTX,campagna_rtx_2026-09-21,run_124.json,C3_offline,ticket,procedura_e42,fixed_20,1,4,0.0001,15.0,20,False,2.583577513010823,2.5754043140041176,0.0,0.0005287060048431158,0.007319089010707103,4.214210670497093,4.214210670497093,-1.6306331574862698,-1.6306331574862698,0,False,False,[],insufficienti,517,1790018136.5692434,0,False,1158eabe2ae0b108eaf6141cbfa92df382d6676939400784ea7c664417090da1,,,,,,,,
RTX,campagna_rtx_2026-09-21,run_125.json,C3_offline,salary,base_t,fixed_20,1,4,0.0001,30.0,20,False,1.1519880200066837,1.1433629160019336,0.0,0.00022830300440546125,0.008200798998586833,4.214210670497093,4.214210670497093,-3.0622226504904093,-3.0622226504904093,0,False,False,[],insufficienti,100,1790018139.1549501,0,False,e8c6a333437fbfe24638672c7e2dbd69c30592a206ae54af58d95d05bcae8a62,,,,,,,,
RTX,campagna_rtx_2026-09-21,run_126.json,C3_offline,salary,base_t,fixed_40,3,4,0.0001,30.0,40,False,2.301749317004578,2.2918887980049476,0.0,0.00027250299172010273,0.009366313999635167,8.228421340994187,8.228421340994187,-5.9266720239896085,-5.9266720239896085,0,False,True,"[""42000""]",completo,200,1790018140.3090239,0,False,d6d922edbe1654420a875537b7c3deb259b47598b72884c5c7c8411bd7e4bfe4,,,,,,,,
RTX,campagna_rtx_2026-09-21,run_127.json,C3_offline,ticket,procedura_e42,fixed_20,2,4,0.0001,15.0,20,False,2.540111303998856,2.530556188998162,0.0,0.0005406069976743311,0.00883100701321382,4.214210670497093,4.214210670497093,-1.674099366498237,-1.674099366498237,0,False,False,[],insufficienti,506,1790018142.6132963,0,False,9623899061522f52d7c02747bc64bd0e2b5b5ea46b7bc5b441f993590c6fdc3f,,,,,,,,
RTX,campagna_rtx_2026-09-21,run_128.json,C3_offline,ticket,procedura_e42,fixed_20,3,4,0.0001,30.0,20,False,2.6208022869977867,2.612375085998792,0.0,0.0005579069984378293,0.00768589299696032,4.214210670497093,4.214210670497093,-1.5934083834993062,-1.5934083834993062,0,False,False,[],insufficienti,531,1790018145.1555083,0,False,f75d54734dd4c18a86ecb5acee697e7c0b59f7dfd8040287f460b989585ab407,,,,,,,,
RTX,campagna_rtx_2026-09-21,run_129.json,C3_offline,salary,base_t,fixed_10,0,4,0.0001,30.0,10,False,0.5843002660112688,0.5751603559911018,0.0,0.00020990200573578477,0.008747404994210228,2.2071053352485466,2.2071053352485466,-1.6228050692372777,-1.6228050692372777,0,False,False,[],insufficienti,50,1790018147.7785232,0,False,1c88866fc36f2c84e4822576e04d287bee45e6d9710fd6814f87d5b1d4441921,,,,,,,,
RTX,campagna_rtx_2026-09-21,run_130.json,C3_offline,ticket,procedura_e42,fixed_5,4,4,0.0001,30.0,5,False,0.6847592809936032,0.676330878995941,0.0,0.0003513039991958067,0.007734193990472704,1.2035526676242732,1.2035526676242732,-0.51879338663067,-0.51879338663067,0,False,False,[],insufficienti,136,1790018148.364872,0,False,80d5cfa743dd6711f86aeb14166504a24a802408b59d82bac2a8bd896951002f,,,,,,,,
RTX,campagna_rtx_2026-09-21,run_131.json,C3_offline,salary,base_t,adaptive,2,4,0.0001,30.0,40,False,2.319283851989894,2.3104980460047955,0.0,0.0002733029978116974,0.008241599003667943,8.228421340994187,8.228421340994187,-5.9091374890042925,-5.9091374890042925,0,False,True,"[""42000""]",completo,200,1790018149.0513906,0,False,31a54b07bf8edb0b791e0b1b7ffd24dd3513689d144214a6a53a0524e243d506,,,,,,,,
RTX,campagna_rtx_2026-09-21,run_132.json,C3_offline,ticket,procedura_e42,fixed_5,4,4,0.0001,5.0,5,False,0.6240696489985567,0.6155171459977282,0.0,0.00029440301295835525,0.007911794993560761,1.2035526676242732,1.2035526676242732,-0.5794830186257165,-0.5794830186257165,0,False,False,[],insufficienti,121,1790018151.3751528,0,False,2177f2fc373d4ec26be277e652296e712e9ca30e35b51e03684930be6c7bd7e5,,,,,,,,
RTX,campagna_rtx_2026-09-21,run_133.json,C3_offline,ticket,procedura_e42,adaptive,0,4,0.0001,5.0,23,False,2.92665420701087,2.9179730030009523,0.0,0.0005826069973409176,0.007912995992228389,4.816342271071656,4.816342271071656,-1.8896880640607865,-1.8896880640607865,0,False,False,[],insufficienti,585,1790018152.0010056,0,False,9123876cb7883c6505577f47506066ef3e10c518abd876181d57b3a37b8c3ddd,,,,,,,,
RTX,campagna_rtx_2026-09-21,run_134.json,C3_offline,salary,base_t,fixed_40,3,4,0.0001,5.0,40,False,2.3074471219879342,2.2983782130031614,0.0,0.0003184039960615337,0.008524503995431587,8.228421340994187,8.228421340994187,-5.920974219006252,-5.920974219006252,0,False,True,"[""42000""]",completo,200,1790018154.9303339,0,False,090770719911182f78da0a43bee2b24ced7b3eb8d112888d31784ba922d4a429,,,,,,,,
RTX,campagna_rtx_2026-09-21,run_135.json,C3_offline,ticket,procedura_e42,fixed_5,1,4,0.0001,5.0,5,False,0.622333832012373,0.6142689340049401,0.0,0.00033430400071665645,0.007560992002254352,1.2035526676242732,1.2035526676242732,-0.5812188356119001,-0.5812188356119001,0,False,False,[],insufficienti,121,1790018157.2403357,0,False,972de4d9059a55f2d88a4aefd1b5e602e58af52aedcb59f7fcc0704958c8f2cd,,,,,,,,
RTX,campagna_rtx_2026-09-21,run_136.json,C3_offline,salary,base_t,fixed_5,1,4,0.0001,5.0,5,False,0.29332095000427216,0.28485824799281545,0.0,0.0002200029994128272,0.008046596994972788,1.2035526676242732,1.2035526676242732,-0.910231717620001,-0.910231717620001,0,False,False,[],insufficienti,25,1790018157.8651197,0,False,1674b83cbc8d6393e27bc2064a90be7b74e5a6a71695b8eaadb3b544b1740f3d,,,,,,,,
RTX,campagna_rtx_2026-09-21,run_137.json,C3_offline,ticket,procedura_e42,fixed_5,0,4,0.0001,5.0,5,False,0.5709087100112811,0.5628106120129814,0.0,0.00030070300272200257,0.007499390994780697,1.2035526676242732,1.2035526676242732,-0.6326439576129921,-0.6326439576129921,0,False,False,[],insufficienti,103,1790018158.1615355,0,False,aa778cb45f5223e669c0dde0e321a07398ecd0caabb68bf3f7fb543cb1f1a28b,,,,,,,,
RTX,campagna_rtx_2026-09-21,run_138.json,C3_offline,salary,base_t,fixed_10,2,4,0.0001,30.0,10,False,0.579903120000381,0.5712434150045738,0.0,0.00021050199575256556,0.008268500008853152,2.2071053352485466,2.2071053352485466,-1.6272022152481656,-1.6272022152481656,0,False,False,[],insufficienti,50,1790018158.7342002,0,False,55f2f09fa83bb3d67ce03da37591580a9d4090cd7fa65d5b290cf9834e0da5d2,,,,,,,,
RTX,campagna_rtx_2026-09-21,run_139.json,C3_offline,ticket,procedura_e42,fixed_40,3,4,0.0001,5.0,40,False,5.256360541010508,5.247518233998562,0.0,0.000927611006773077,0.00756339100189507,8.228421340994187,8.228421340994187,-2.9720607999836783,-2.9720607999836783,0.2563605410105083,True,False,[],insufficienti,1067,1790018159.317318,0,False,a62c5694ddf36f9ed72413cf5cf284ccaa57e769ef63a270996d0274c530b9f6,,,,,,,,
RTX,campagna_rtx_2026-09-21,run_140.json,C3_offline,salary,base_t,fixed_5,4,4,0.0001,15.0,5,False,0.29613478599640075,0.2873666800005594,0.0,0.0002242030022898689,0.008370901996386237,1.2035526676242732,1.2035526676242732,-0.9074178816278724,-0.9074178816278724,0,False,False,[],insufficienti,25,1790018164.5762925,0,False,654e9be0462191af0ca1ed37c81b65f2aaf71fbd46011e79d09e12436a39d0f8,,,,,,,,
RTX,campagna_rtx_2026-09-21,run_141.json,C3_offline,ticket,procedura_e42,fixed_20,1,4,0.0001,5.0,20,False,2.644605531007983,2.63604762799514,0.0,0.0005603059980785474,0.0077917939925100654,4.214210670497093,4.214210670497093,-1.5696051394891102,-1.5696051394891102,0,False,False,[],insufficienti,539,1790018164.8741488,0,False,7972934d15f4416d66d4e5e727af9e52e622bd0754d54ffb611e83c11f61ee8d,,,,,,,,
RTX,campagna_rtx_2026-09-21,run_142.json,C3_offline,ticket,procedura_e42,fixed_10,4,4,0.0001,5.0,10,False,1.2691199739929289,1.261233977988013,0.0,0.0003873050009133294,0.007326988998102024,2.2071053352485466,2.2071053352485466,-0.9379853612556177,-0.9379853612556177,0,False,False,[],insufficienti,252,1790018167.5209954,0,False,9b4cfc79e0cd64b4362cb452824253a5fc24f338c592f30a12c8f3c4bb2e85b3,,,,,,,,
RTX,campagna_rtx_2026-09-21,run_143.json,C3_offline,ticket,procedura_e42,fixed_40,1,4,0.0001,30.0,40,False,5.183019004005473,5.1743794990034075,0.0,0.0009028109925566241,0.007505190995289013,8.228421340994187,8.228421340994187,-3.0454023369887135,-3.0454023369887135,0,False,False,[],insufficienti,1044,1790018168.792069,0,False,e62e7f2f3d830d71350122b61c2e740b78120890fa8719d34a2b7250d7fa6f58,,,,,,,,
RTX,campagna_rtx_2026-09-21,run_144.json,C3_offline,salary,base_t,fixed_20,3,4,0.0001,30.0,20,False,1.1568371210014448,1.1481839170010062,0.0,0.0002327029942534864,0.008224300006986596,4.214210670497093,4.214210670497093,-3.057373549495648,-3.057373549495648,0,False,False,[],insufficienti,100,1790018173.9777997,0,False,7ac3cf3727c7031703747e16b259502eb3ca428b0e04c10dbcf5910461f7ccb5,,,,,,,,
RTX,campagna_rtx_2026-09-21,run_145.json,C3_offline,salary,base_t,adaptive,2,4,0.0001,15.0,40,False,2.299376373004634,2.2904408650065307,0.0,0.000271404001978226,0.008441303012659773,8.228421340994187,8.228421340994187,-5.929044967989553,-5.929044967989553,0,False,True,"[""42000""]",completo,200,1790018175.136723,0,False,ce7012db34b5bab96155175a381ef8433a8768b18f73c71ae53a8e383653635f,,,,,,,,
RTX,campagna_rtx_2026-09-21,run_146.json,C3_offline,salary,base_t,fixed_10,1,4,0.0001,5.0,10,False,0.5792651219962863,0.5707302189985057,0.0,0.0002113029913743958,0.008143898987327702,2.2071053352485466,2.2071053352485466,-1.6278402132522602,-1.6278402132522602,0,False,False,[],insufficienti,50,1790018177.4393272,0,False,1953b5b17b3072f4159777952651d1d4e5f49209b40466bf3b8b8f88252e4dfa,,,,,,,,
RTX,campagna_rtx_2026-09-21,run_147.json,C3_offline,ticket,procedura_e42,fixed_10,0,4,0.0001,15.0,10,False,1.0967343970114598,1.0888002010033233,0.0,0.00033990399970207363,0.007419990011840127,2.2071053352485466,2.2071053352485466,-1.1103709382370868,-1.1103709382370868,0,False,False,[],insufficienti,201,1790018178.020441,0,False,e05ca280e1de586247c9de32a508fddbace65e58a5632a1c1890b4da1d44c318,,,,,,,,
RTX,campagna_rtx_2026-09-21,run_148.json,C3_offline,salary,base_t,fixed_10,4,4,0.0001,5.0,10,False,0.5864572110003792,0.5772453990066424,0.0,0.00026340399926993996,0.0086641050002072,2.2071053352485466,2.2071053352485466,-1.6206481242481674,-1.6206481242481674,0,False,False,[],insufficienti,50,1790018179.1201763,0,False,3e6b31dbe32b45b9d5bd891d1f63f1a100f995e4b2d383e241b56881b5bb8e37,,,,,,,,
RTX,campagna_rtx_2026-09-21,run_149.json,C3_offline,ticket,procedura_e42,adaptive,0,4,0.0001,15.0,40,False,5.18251525600499,5.173594248000882,0.0,0.0008370099967578426,0.007870196001022123,8.228421340994187,8.228421340994187,-3.0459060849891966,-3.0459060849891966,0,False,True,"[""arrestare"", ""cache"", ""cancellare"", ""ferrosync"", ""locale"", ""riavviare"", ""ricorrere"", ""servizio"", ""tecnico""]",completo,1045,1790018179.7086563,0,False,33067bb5560f1b6e40204bf8eb996bd53064bf934fe3be91132af0d04b9ae7d6,,,,,,,,
RTX,campagna_rtx_2026-09-21,run_150.json,C1_cloud,ticket,dettaglio_unico,adaptive,0,8,0.01,60.0,40,True,12.018526971005485,2.7158073500031605,9.289747763003106,0.00039980499423108995,0.009838119003688917,9.948397217001997,9.948397217001997,2.0701297540034886,2.0701297540034886,0,False,False,[],insufficienti,320,1790018184.8950083,0,False,74a23ccea6fd0cda14298fc6b2c2afbc9b23215ad82512a0703ba0aa0a298499,,R128,unique_abstention,,,,,
RTX,campagna_rtx_2026-09-21,run_151.json,C1_cloud,ticket,procedura_e42,adaptive,2,8,0.01,60.0,40,True,11.398004973991192,5.172948031002306,6.214125410988345,0.0008686099899932742,0.0072813880105968565,9.948397217001997,9.948397217001997,1.4496077569891952,1.4496077569891952,0,False,True,"[""arrestare"", ""cache"", ""cancellare"", ""ferrosync"", ""locale"", ""riavviare"", ""ricorrere"", ""servizio"", ""tecnico""]",completo,1035,1790018197.177703,0,False,b180bd014e9e51815f0595197a812c182f1e48db84084836e9c9da799c23baaa,,R129,C_extra,True,True,False,False,True
RTX,campagna_rtx_2026-09-21,run_152.json,C1_cloud,squad,super_bowl,adaptive,0,8.0,0.01,60.0,40,True,6.426143026998034,2.7260632370016538,3.680311749005341,0.0006589080003323033,0.015483288996620104,9.948397217001997,9.948397217001997,-3.522254190003963,-3.522254190003963,0,False,True,"[""bowl"", ""england"", ""new"", ""patriots"", ""super"", ""won""]",completo,491,1790018208.6649644,0,False,330205b099e29d9b00cbcf0a9268332ce54290f04b07b665e304d8a4cb73e4e9,,R130,target_wrong,False,,,,False
RTX,campagna_rtx_2026-09-21,run_153.json,C1_cloud,ticket,procedura_e42,adaptive,3,8,0.01,60.0,40,True,13.619979819006403,5.0635412899864605,8.532946543986327,0.0008603110036347061,0.019360535006853752,9.948397217001997,9.948397217001997,3.6715826020044062,3.6715826020044062,0,False,True,"[""arrestare"", ""cache"", ""cancellare"", ""ferrosync"", ""locale"", ""riavviare"", ""ricorrere"", ""servizio"", ""tecnico""]",completo,989,1790018215.204504,0,False,4168531cc9b975853ea6502321c8554f851a8c58032b0513d7ca0eca990554e1,,R131,C_extra,True,True,False,False,True
RTX,campagna_rtx_2026-09-21,run_154.json,C1_cloud,squad,super_bowl,adaptive,4,1.0,0.0001,60.0,40,True,4.681048497004667,2.8470518640097,1.8099105400033295,0.0006939089944353327,0.020361447997856885,9.948397217001997,9.948397217001997,-5.2673487199973295,-5.2673487199973295,0,False,False,[],insufficienti,523,1790018228.9108124,0,False,a185f6fb4996ac7b005b0168a238939a6089d78cd6ba91f061f929938bbed883,,R132,target_correct,True,,,,True
RTX,campagna_rtx_2026-09-21,run_155.json,C1_cloud,squad,super_bowl,adaptive,3,8.0,0.01,60.0,40,True,15.093071909999708,2.760100416999194,12.322095461000572,0.0006436080002458766,0.008328701005666517,9.948397217001997,9.948397217001997,5.144674692997711,5.144674692997711,0,False,True,"[""bowl"", ""england"", ""new"", ""patriots"", ""super"", ""won""]",completo,497,1790018233.6730316,0,False,71b39ac44d6e73bd63ae8fc4e65f9630b282080b59821895e5fba994b2bfd943,,R133,contradictory,False,,,,False
RTX,campagna_rtx_2026-09-21,run_156.json,C1_cloud,squad,super_bowl,adaptive,0,1.0,0.0001,60.0,40,True,4.712286762005533,2.7262503410020145,1.9751029870094499,0.0006218079943209887,0.008283200993901119,9.948397217001997,9.948397217001997,-5.236110454996464,-5.236110454996464,0,False,False,[],insufficienti,490,1790018248.8918827,0,False,5ef0415b60c474b73269a32b00cd99f1939f91948b6ba60d571b4d0f46dc2ab2,,R134,target_correct,True,,,,True
RTX,campagna_rtx_2026-09-21,run_157.json,C1_cloud,ticket,procedura_e42,adaptive,0,8,0.01,60.0,40,True,9.800493671995355,5.031024570998852,4.759246976012946,0.0008810110011836514,0.00749169199843891,9.948397217001997,9.948397217001997,-0.14790354500664193,-0.14790354500664193,0,False,True,"[""arrestare"", ""cache"", ""cancellare"", ""ferrosync"", ""locale"", ""riavviare"", ""ricorrere"", ""servizio"", ""tecnico""]",completo,995,1790018253.6893218,0,False,378854d7dffa1f5dee48346cec10f7a0c8bd5b0a189349a87677df067d00fb4a,,R135,C_generic,True,True,False,True,True
RTX,campagna_rtx_2026-09-21,run_158.json,C1_cloud,ticket,dettaglio_unico,adaptive,2,8,0.01,60.0,40,True,6.465176325000357,2.750524372997461,3.69060685900331,0.0003764040011446923,0.020517651006230153,9.948397217001997,9.948397217001997,-3.48322089200164,-3.48322089200164,0,False,False,[],insufficienti,320,1790018263.57992,0,False,47d00ae89321777d5887770ed47d62d2a1b3e8064cc9c156a308dfd805f83806,,R136,unique_abstention,,,,,
RTX,campagna_rtx_2026-09-21,run_159.json,C1_cloud,ticket,procedura_e42,adaptive,1,8,0.01,60.0,40,True,16.879636829995434,5.285780955004157,11.583984854994924,0.0008514100045431405,0.00714228700962849,9.948397217001997,9.948397217001997,6.931239612993437,6.931239612993437,0,False,True,"[""arrestare"", ""cache"", ""cancellare"", ""ferrosync"", ""locale"", ""riavviare"", ""ricorrere"", ""servizio"", ""tecnico""]",completo,1063,1790018270.1291509,0,False,fd07c2813d85cdf27caa31714ae3e705ec4a873f8828bbc58cd89ee4a0cc0ed5,,R137,C_generic,True,True,False,True,True
RTX,campagna_rtx_2026-09-21,run_160.json,C1_cloud,squad,super_bowl,adaptive,3,1.0,0.0001,60.0,40,True,4.670381104006083,2.8139393029996427,1.8449417599913431,0.0006142079946585,0.008928409006330185,9.948397217001997,9.948397217001997,-5.278016112995914,-5.278016112995914,0,False,False,[],insufficienti,515,1790018287.138138,0,False,095f4543e9d998ef1b871872f8f34218c93baf0bf0fdbf503093a11a62974096,,R138,target_correct,True,,,,True
RTX,campagna_rtx_2026-09-21,run_161.json,C1_cloud,squad,super_bowl,adaptive,1,1.0,0.0001,60.0,40,True,6.270887500999379,2.838012209002045,3.421311351994518,0.0006256069900700822,0.009067210994544439,9.948397217001997,9.948397217001997,-3.677509716002618,-3.677509716002618,0,False,False,[],insufficienti,523,1790018291.886874,0,False,73619694875905dd3a7daa4ae9bb36feff782785427e6c03a2091f2e456b076e,,R134,target_correct,True,,,,True
RTX,campagna_rtx_2026-09-21,run_162.json,C1_cloud,squad,super_bowl,adaptive,2,8.0,0.01,60.0,40,True,9.106919947997085,2.8490717590029817,6.246752351988107,0.0006909080111654475,0.008219801005907357,9.948397217001997,9.948397217001997,-0.8414772690049119,-0.8414772690049119,0,False,True,"[""bowl"", ""england"", ""new"", ""patriots"", ""super"", ""won""]",completo,509,1790018298.2515895,0,False,92ee916c7e04d0b47a22bb83989aae15c1cd2c9ff759af7f53490e9b959c279a,,R003,target_correct,True,,,,True
RTX,campagna_rtx_2026-09-21,run_163.json,C1_cloud,ticket,procedura_e42,adaptive,4,8,0.01,60.0,40,True,13.864879100990947,5.117146151998895,8.725702779993298,0.0008464099955745041,0.018000619995291345,9.948397217001997,9.948397217001997,3.9164818839889506,3.9164818839889506,0,False,True,"[""arrestare"", ""cache"", ""cancellare"", ""ferrosync"", ""locale"", ""riavviare"", ""ricorrere"", ""servizio"", ""tecnico""]",completo,1013,1790018307.439651,0,False,dfd667cb4c1fb6de4215dafa2a271fc65a3a256d739e2da6e7602e6e07634522,,R139,C_extra,True,True,False,False,True
RTX,campagna_rtx_2026-09-21,run_164.json,C1_cloud,squad,super_bowl,adaptive,2,1.0,0.0001,60.0,40,True,5.751666483993176,2.766131595009938,2.9742416509980103,0.000755809000111185,0.008558104003896005,9.948397217001997,9.948397217001997,-4.19673073300882,-4.19673073300882,0,False,False,[],insufficienti,499,1790018321.3833592,0,False,52206b6ec7acd090a0e3bb7f0e596b8c0012aa827ef15e9c0d4335332fcc2fd3,,R140,target_correct,True,,,,True
RTX,campagna_rtx_2026-09-21,run_165.json,C1_cloud,ticket,dettaglio_unico,adaptive,3,8,0.01,60.0,40,True,8.428525633993559,2.787422567998874,5.617988783007604,0.00038680499710608274,0.019553638994693756,9.948397217001997,9.948397217001997,-1.5198715830084382,-1.5198715830084382,0,False,False,[],insufficienti,327,1790018327.2280443,0,False,24bab567eceb88c76d264d48efe563e570deff01bb0be305c44542b0339a76b6,,R141,unique_abstention,,,,,
RTX,campagna_rtx_2026-09-21,run_166.json,C1_cloud,ticket,dettaglio_unico,adaptive,4,8,0.01,60.0,40,True,7.901857826000196,2.725140722002834,5.157358866999857,0.00038000500353518873,0.015175186010310426,9.948397217001997,9.948397217001997,-2.046539391001801,-2.046539391001801,0,False,False,[],insufficienti,320,1790018335.746099,0,False,579ae8515eaa8396168d19ffad2e80344ac5c05751f81d3a0f6e440494bef4f0,,R142,unique_abstention,,,,,
RTX,campagna_rtx_2026-09-21,run_167.json,C1_cloud,ticket,dettaglio_unico,adaptive,1,8,0.01,60.0,40,True,7.265310458999011,2.743188159991405,4.512413381002261,0.00039270499837584794,0.007422391005093232,9.948397217001997,9.948397217001997,-2.683086758002986,-2.683086758002986,0,False,False,[],insufficienti,321,1790018343.7336807,0,False,aed5bb43947cec33f4d1ef9990203d71f750e99a66e84c578dc5a98daa755a59,,R143,unique_abstention,,,,,
RTX,campagna_rtx_2026-09-21,run_168.json,C1_cloud,squad,super_bowl,adaptive,4,8.0,0.01,60.0,40,True,6.525257211003918,2.75313959599589,3.7603499699907843,0.0007323089957935736,0.00834760200814344,9.948397217001997,9.948397217001997,-3.4231400059980785,-3.4231400059980785,0,False,True,"[""bowl"", ""england"", ""new"", ""patriots"", ""super"", ""won""]",completo,490,1790018351.0854905,0,False,61ae6e60496b766a74184296e4c39777e0c5dff9160df58d5e04177228ea0add,,R144,target_correct,True,,,,True
RTX,campagna_rtx_2026-09-21,run_169.json,C1_cloud,squad,super_bowl,adaptive,1,8.0,0.01,60.0,40,True,14.844363658994553,2.8699837449967163,11.947160680007073,0.000716109003406018,0.023035283011267893,9.948397217001997,9.948397217001997,4.895966441992556,4.895966441992556,0,False,True,"[""bowl"", ""england"", ""new"", ""patriots"", ""super"", ""won""]",completo,523,1790018357.6956427,0,False,3a2679911a77a66a78a7d5d57cd518044424420fdc043965551a6ce449a1dcd3,,R145,contradictory,False,,,,False
RTX,campagna_rtx_2026-09-21,run_170.json,C3_cloud,ticket,procedura_e42,adaptive,2,4,0.0001,30.0,40,True,15.539439565007342,5.205846689990722,10.323167847003788,0.000852810000651516,0.007620892996783368,9.948397217001997,9.948397217001997,5.591042348005345,5.591042348005345,0,False,False,[],insufficienti,1048,1790018372.620036,0,False,09f873b9e4f2c006ddcda5f053ec17105d4c1ba651208bd08a38268e863fc365,,R146,A,False,False,False,False,False
RTX,campagna_rtx_2026-09-21,run_171.json,C3_cloud,ticket,procedura_e42,fixed_20,4,4,0.0001,15.0,20,True,14.4407379040058,2.4815094270015834,11.935375183995347,0.0005073060019640252,0.02019784900767263,5.934186546504904,5.934186546504904,8.506551357500896,8.506551357500896,0,False,False,[],insufficienti,473,1790018388.2530975,0,False,1aee86e5248bb8d38c7867f87acb8094df73f91b60a036ab4014a4f54af02b0a,,R147,A,False,False,False,False,False
RTX,campagna_rtx_2026-09-21,run_172.json,C3_cloud,ticket,procedura_e42,fixed_20,3,4,0.0001,15.0,20,True,14.54216329198971,2.6558960980037227,11.86314291000599,0.0005856070056324825,0.019452439999440685,5.934186546504904,5.934186546504904,8.607976745484805,8.607976745484805,0,False,False,[],insufficienti,532,1790018402.7843366,0,False,b659cfb7b6486068c1e27e9e41ac3df8b1c9c3dedca9be967ecb9051e5d93946,,R148,A_extra,False,False,False,False,False
RTX,campagna_rtx_2026-09-21,run_173.json,C3_cloud,ticket,procedura_e42,fixed_40,1,4,0.0001,15.0,40,True,13.223676772991894,5.050281928008189,8.163040016996092,0.0008068099996307865,0.007698795001488179,9.948397217001997,9.948397217001997,3.275279555989897,3.275279555989897,0,False,False,[],insufficienti,1006,1790018417.42891,0,False,d81a31516dc5ec8e8dc8615b9b81eee120d8cbcf7540cde2e3f5168a5f754a83,,R149,A,False,False,False,False,False
RTX,campagna_rtx_2026-09-21,run_174.json,C3_cloud,ticket,procedura_e42,fixed_40,4,4,0.0001,15.0,40,True,14.739827787998365,5.039890842992463,9.690092424003524,0.0009089110099012032,0.007132387996534817,9.948397217001997,9.948397217001997,4.7914305709963685,4.7914305709963685,0,False,False,[],insufficienti,1005,1790018430.7309911,0,False,f06b79ac09f2a52da5a3efce9e07ab386aa1787b6f7b82cedcffb657f3cdcda5,,R150,A,False,False,False,False,False
RTX,campagna_rtx_2026-09-21,run_175.json,C3_cloud,ticket,procedura_e42,fixed_40,0,4,0.0001,15.0,40,True,17.284340138998232,5.456720332003897,11.816003264000756,0.0008516100060660392,0.008767908002482727,9.948397217001997,9.948397217001997,7.335942921996235,7.335942921996235,2.284340138998232,True,False,[],insufficienti,1052,1790018445.5537431,0,False,663f353b2e846dd200544b4973ccd8a30735737619684f63b33193d33bbf8316,,R151,A,False,False,False,False,False
RTX,campagna_rtx_2026-09-21,run_176.json,C3_cloud,ticket,procedura_e42,fixed_20,3,4,0.0001,30.0,20,True,11.873046351000085,2.5577943860116648,9.305070938993595,0.0005426069983514026,0.0077330950007308275,5.934186546504904,5.934186546504904,5.938859804495181,5.938859804495181,0,False,False,[],insufficienti,497,1790018462.9281702,0,False,e0f0d99c1822ef6292032d830f6ad21326f68bc3318ac47c787aecc621f1ab95,,R152,A,False,False,False,False,False
RTX,campagna_rtx_2026-09-21,run_177.json,C3_cloud,ticket,procedura_e42,fixed_40,0,4,0.0001,30.0,40,True,14.350553060008679,5.153384478006046,9.18728086099145,0.0008551100036129355,0.0071630890015512705,9.948397217001997,9.948397217001997,4.402155843006682,4.402155843006682,0,False,False,[],insufficienti,1028,1790018474.8843894,0,False,73c871ada9390095c2e13f184e038a32812c363aca4bf4872663ef6606dd69bf,,R153,A,False,False,False,False,False
RTX,campagna_rtx_2026-09-21,run_178.json,C3_cloud,ticket,procedura_e42,fixed_40,2,4,0.0001,15.0,40,True,13.967500537008164,5.204023446000065,8.753514067997457,0.0008431110036326572,0.007231889991089702,9.948397217001997,9.948397217001997,4.019103320006167,4.019103320006167,0,False,False,[],insufficienti,1042,1790018489.3241901,0,False,b42d56c6dd96ca7e1591208850c9504af14b8e8959f04938929be7e974b4da4a,,R154,A,False,False,False,False,False
RTX,campagna_rtx_2026-09-21,run_179.json,C3_cloud,ticket,procedura_e42,adaptive,4,4,0.0001,15.0,40,True,17.593918836995726,5.08063286000106,12.490660697993007,0.0008259099995484576,0.01852372899884358,9.948397217001997,9.948397217001997,7.64552161999373,7.64552161999373,2.5939188369957265,True,False,[],insufficienti,1002,1790018503.3878653,0,False,8cfa321d09a05182efb141206ba100c69ee17df3ee5e71cec5a90919cd8bfb7b,,R155,A,False,False,False,False,False
RTX,campagna_rtx_2026-09-21,run_180.json,C3_cloud,ticket,procedura_e42,fixed_40,4,4,0.0001,30.0,40,True,12.902959387007286,5.126257171999896,7.766707891001715,0.0008776110043982044,0.007321690995013341,9.948397217001997,9.948397217001997,2.954562170005289,2.954562170005289,0,False,False,[],insufficienti,1018,1790018521.0755913,0,False,48fef84ea976401493fcd02ab9671782bc44bc59cebf95ef8099e0eacef1b09e,,R156,A,False,False,False,False,False
RTX,campagna_rtx_2026-09-21,run_181.json,C3_cloud,ticket,procedura_e42,fixed_40,1,4,0.0001,30.0,40,True,17.116779702002532,4.869064320009784,12.238070562001667,0.0007872100104577839,0.007067888000165112,9.948397217001997,9.948397217001997,7.168382485000535,7.168382485000535,0,False,False,[],insufficienti,947,1790018534.0624087,0,False,8ea6dee2272596d9e088f4a266ba1c311373f7879e7a6bf68ee19c8f7be552b2,,R157,A,False,False,False,False,False
RTX,campagna_rtx_2026-09-21,run_182.json,C3_cloud,ticket,procedura_e42,fixed_40,2,4,0.0001,30.0,40,True,17.29306793399155,4.997850959000061,12.285372954007471,0.0007855090079829097,0.007013886992353946,9.948397217001997,9.948397217001997,7.344670716989555,7.344670716989555,0,False,False,[],insufficienti,981,1790018551.257895,0,False,4c6459c0d897e83d4f7fcab08574e08a5ee0d0d4015f33c484ee3a724b3bd8ce,,R158,A,False,False,False,False,False
RTX,campagna_rtx_2026-09-21,run_183.json,C3_cloud,ticket,procedura_e42,fixed_40,3,4,0.0001,30.0,40,True,22.7424478239991,5.3055094169976655,17.426023970998358,0.0009182109934045002,0.007665194993023761,9.948397217001997,9.948397217001997,12.794050606997104,12.794050606997104,0,False,False,[],insufficienti,1071,1790018568.6386378,0,False,95d6b43bee2d1a1fdcd3e119fea16f6f07dd917ec73058a9d93b7582ecb9339f,,R159,A,False,False,False,False,False
RTX,campagna_rtx_2026-09-21,run_184.json,C3_cloud,ticket,procedura_e42,adaptive,4,4,0.0001,30.0,40,True,20.836570781000773,5.4817894630105,15.344836396005121,0.0009255110053345561,0.007244189997436479,9.948397217001997,9.948397217001997,10.888173563998777,10.888173563998777,0,False,False,[],insufficienti,1127,1790018591.4692798,0,False,05af25368a7a1012842e1b9ee25b0db56fb0782d673396dfd0959763591b1ae8,,R160,A,False,False,False,False,False
RTX,campagna_rtx_2026-09-21,run_185.json,C3_cloud,ticket,procedura_e42,adaptive,0,4,0.0001,30.0,40,True,14.91587516599975,5.300574160995893,9.605143478998798,0.0008940109983086586,0.007467692994396202,9.948397217001997,9.948397217001997,4.967477948997754,4.967477948997754,0,False,False,[],insufficienti,1071,1790018612.3851712,0,False,42df89dcd129a11b858ec3bf34b505fe2b6d81e7abdbe64a15a143f075ba6d8b,,R161,A,False,False,False,False,False
RTX,campagna_rtx_2026-09-21,run_186.json,C3_cloud,ticket,procedura_e42,fixed_40,3,4,0.0001,15.0,40,True,13.750345366992406,5.192209749002359,8.54832309599442,0.0008998120028991252,0.007128088996978477,9.948397217001997,9.948397217001997,3.801948149990409,3.801948149990409,0,False,False,[],insufficienti,1041,1790018627.4754975,0,False,d0f010d45ca23193aabd0d2b0ad8dfb351d055a8f51bade318ece294248fd3f9,,R162,A,False,False,False,False,False
RTX,campagna_rtx_2026-09-21,run_187.json,C3_cloud,ticket,procedura_e42,adaptive,0,4,0.0001,15.0,40,True,13.38259067000763,5.089229997989605,8.283636451000348,0.0008104099979391322,0.007052788001601584,9.948397217001997,9.948397217001997,3.4341934530056335,3.4341934530056335,0,False,False,[],insufficienti,1016,1790018641.3174636,0,False,3a89acf4a679a30bd0d78229e6bf5b9598a065e105a429e96a5c85907cb78474,,R163,A,False,False,False,False,False
RTX,campagna_rtx_2026-09-21,run_188.json,C3_cloud,ticket,procedura_e42,fixed_20,1,4,0.0001,30.0,20,True,12.38893727499817,2.5389668920106487,9.840478265992715,0.0005271060072118416,0.007128387995180674,5.934186546504904,5.934186546504904,6.454750728493266,6.454750728493266,0,False,False,[],insufficienti,494,1790018654.7885716,0,False,574b6855c45d232813505f36ad3f6c40122cd5982c485a3c8d816905a4347c44,,R164,A,False,False,False,False,False
RTX,campagna_rtx_2026-09-21,run_189.json,C3_cloud,ticket,procedura_e42,adaptive,1,4,0.0001,30.0,40,True,16.818801500005065,5.0779889120021835,11.730647162999958,0.0009454120008740574,0.00731739099137485,9.948397217001997,9.948397217001997,6.870404283003069,6.870404283003069,0,False,False,[],insufficienti,998,1790018667.26259,0,False,10860a5651a20117552a03600309a6631e48875f245ca3cc7feba884c102de0d,,R165,A,False,False,False,False,False
RTX,campagna_rtx_2026-09-21,run_190.json,C3_cloud,ticket,procedura_e42,adaptive,3,4,0.0001,30.0,40,True,16.524174438003683,5.153475783998147,11.360983132006368,0.0008325100061483681,0.006979887009947561,9.948397217001997,9.948397217001997,6.575777221001687,6.575777221001687,0,False,False,[],insufficienti,1026,1790018684.1636772,0,False,0a34dab317a8f3aabb36a8f39480fc274a39ffb47a626b7750e0cc3cb646ab56,,R166,A,False,False,False,False,False
RTX,campagna_rtx_2026-09-21,run_191.json,C3_cloud,ticket,procedura_e42,fixed_20,4,4,0.0001,30.0,20,True,12.076844302006066,2.568966709994129,9.497675164995599,0.0005731069977628067,0.007333391011343338,5.934186546504904,5.934186546504904,6.142657755501162,6.142657755501162,0,False,False,[],insufficienti,509,1790018700.7688894,0,False,ce99aaf39dc1e7f880fffa227b4baf671a3048a85aef3ef7f308035aaa2f5a0f,,R167,A,False,False,False,False,False
RTX,campagna_rtx_2026-09-21,run_192.json,C3_cloud,ticket,procedura_e42,fixed_20,0,4,0.0001,30.0,20,True,11.770333432999905,2.7134829230053583,9.045911875000456,0.0005375070031732321,0.008253002990386449,5.934186546504904,5.934186546504904,5.836146886495001,5.836146886495001,0,False,False,[],insufficienti,543,1790018712.9251394,0,False,471205a74f248a88d2d99ba763006022b2a9743754eb3b8877dac9a7fc8a9cf5,,R168,G,False,False,False,False,False
RTX,campagna_rtx_2026-09-21,run_193.json,C3_cloud,ticket,procedura_e42,adaptive,3,4,0.0001,15.0,40,True,13.330842046998441,5.171990492002806,8.149072533997241,0.0008401100058108568,0.007064988007186912,9.948397217001997,9.948397217001997,3.3824448299964445,3.3824448299964445,0,False,False,[],insufficienti,1034,1790018724.781432,0,False,905c0d39f5cb5661a9ab1ac5caa6abff7e32377e284f18b15321de18d4b10854,,R169,G,False,False,False,False,False
RTX,campagna_rtx_2026-09-21,run_194.json,C3_cloud,ticket,procedura_e42,adaptive,2,4,0.0001,15.0,40,True,22.553035693999846,5.275378805003129,17.267887065987452,0.000832610996440053,0.007018087999313138,9.948397217001997,9.948397217001997,12.604638476997849,12.604638476997849,7.5530356939998455,True,False,[],insufficienti,1051,1790018738.194758,0,False,a957647e770fdddc644e07acce646aca5fa81ab3bb08395571638c7baa3f02cd,,R170,A,False,False,False,False,False
RTX,campagna_rtx_2026-09-21,run_195.json,C3_cloud,ticket,procedura_e42,fixed_20,2,4,0.0001,15.0,20,True,23.20554390999314,2.59421947899682,20.601850313003524,0.000654807998216711,0.007021586992777884,5.934186546504904,5.934186546504904,17.271357363488235,17.271357363488235,8.205543909993139,True,False,[],insufficienti,496,1790018760.8287332,0,False,3ff03d382598015af3cd2cd7585b1a79eb6a2b3175f08df7a8c7f3077c2da8b3,,R171,G,False,False,False,False,False
RTX,campagna_rtx_2026-09-21,run_196.json,C3_cloud,ticket,procedura_e42,adaptive,1,4,0.0001,15.0,40,True,15.326804541997262,5.1994928369967965,10.117102377000265,0.001048814010573551,0.007146989009925164,9.948397217001997,9.948397217001997,5.3784073249952655,5.3784073249952655,0.3268045419972623,True,False,[],insufficienti,1017,1790018784.129181,0,False,d2c36cb1cff1f523d8a12bf45332269a24f2e480c3afbb657041ef59097d7905,,R172,A,False,False,False,False,False
RTX,campagna_rtx_2026-09-21,run_197.json,C3_cloud,ticket,procedura_e42,fixed_20,2,4,0.0001,30.0,20,True,11.01214419300959,2.5319636319909478,8.470610440999735,0.0005403060058597475,0.00720479000301566,5.934186546504904,5.934186546504904,5.077957646504686,5.077957646504686,0,False,False,[],insufficienti,490,1790018799.5565684,0,False,840ab7df7752fdefbad74b0c5af6902afd70b7d22f17f170c9270f844b7ac20b,,R173,G,False,False,False,False,False
RTX,campagna_rtx_2026-09-21,run_198.json,C3_cloud,ticket,procedura_e42,fixed_20,1,4,0.0001,15.0,20,True,12.951484869990963,2.7614451090048533,10.180417541007046,0.0005666070064762607,0.007109088997822255,5.934186546504904,5.934186546504904,7.0172983234860595,7.0172983234860595,0,False,False,[],insufficienti,561,1790018810.6490867,0,False,9e270f96c2b66254d9de70684864eae30aa5a479f07307e7385556a6f560d630,,R174,A,False,False,False,False,False
RTX,campagna_rtx_2026-09-21,run_199.json,C3_cloud,ticket,procedura_e42,fixed_20,0,4,0.0001,15.0,20,True,11.902555705004488,2.7208626130013727,9.171052559002419,0.0005327060061972588,0.007553994000772946,5.934186546504904,5.934186546504904,5.968369158499584,5.968369158499584,0,False,False,[],insufficienti,545,1790018823.685533,0,False,1cb5708c844e116685cf7e5511179880d44bd17fd505931b88bb1f3b7ea4f3f6,,R175,A,False,False,False,False,False
RTX,campagna_rtx_2026-09-21,run_200.json,C3_high_cloud,ticket,procedura_e42,adaptive,2,8,0.01,15.0,40,True,10.454884338992997,5.235119361997931,5.2098139519948745,0.0008926110022002831,0.007250889990245923,9.948397217001997,9.948397217001997,0.5064871219910003,0.5064871219910003,0,False,True,"[""arrestare"", ""cache"", ""cancellare"", ""ferrosync"", ""servizio""]",completo,1060,1790018835.668925,0,False,383d1570e2ce8be041f7766485c6b2f994a07e42a6549135edd48182bd9791b5,,R176,C_extra,True,True,False,False,True
RTX,campagna_rtx_2026-09-21,run_201.json,C3_high_cloud,ticket,procedura_e42,adaptive,0,8,0.01,30.0,40,True,11.76923261101183,5.046158514000126,6.71264306800731,0.0008937109960243106,0.007560494006611407,9.948397217001997,9.948397217001997,1.8208353940098334,1.8208353940098334,0,False,True,"[""arrestare"", ""cache"", ""cancellare"", ""ferrosync"", ""locale"", ""riavviare"", ""ricorrere"", ""servizio"", ""tecnico""]",completo,989,1790018846.2153525,0,False,37098a3257d1459a973abcb83e443ebe918ab435581a9d998b7209191737049a,,R177,C_generic,True,True,False,True,True
RTX,campagna_rtx_2026-09-21,run_202.json,C3_high_cloud,ticket,procedura_e42,adaptive,2,8,0.01,30.0,40,True,10.288920127000893,5.0977298759971745,5.181357927998761,0.0008143099985318258,0.0071091879945015535,9.948397217001997,9.948397217001997,0.3405229099988958,0.3405229099988958,0,False,True,"[""arrestare"", ""cache"", ""cancellare"", ""ferrosync"", ""servizio""]",completo,1005,1790018858.069626,0,False,e3b27e3f6f22f9159344993cfeb27815e79ecfd523d8efa144ffbfb9f1b01cc9,,R178,C_extra,True,True,False,False,True
RTX,campagna_rtx_2026-09-21,run_203.json,C3_high_cloud,ticket,procedura_e42,fixed_20,2,8,0.01,30.0,20,True,9.3248060909973,2.5233285750000505,6.791987696997239,0.0005283070058794692,0.007079889008309692,5.934186546504904,5.934186546504904,3.390619544492395,3.390619544492395,0,False,True,"[""arrestare"", ""cache"", ""cancellare"", ""ferrosync"", ""locale"", ""riavviare"", ""ricorrere"", ""servizio"", ""tecnico""]",completo,493,1790018869.195677,0,False,9a37c37914702d37f088c3f9c9f3302ed330c08ecfd4ed6916dd7ab304a9e0b6,,R179,C_extra,True,True,False,False,True
RTX,campagna_rtx_2026-09-21,run_204.json,C3_high_cloud,ticket,procedura_e42,adaptive,3,8,0.01,30.0,40,True,13.147623169003054,5.110452162000001,8.027280582988169,0.0008022099937079474,0.00716109000495635,9.948397217001997,9.948397217001997,3.1992259520010577,3.1992259520010577,0,False,True,"[""arrestare"", ""cache"", ""cancellare"", ""ferrosync"", ""locale"", ""riavviare"", ""ricorrere"", ""servizio"", ""tecnico""]",completo,1014,1790018878.602829,0,False,5a0aef28e712a5ca15eca27edeca103f9124bc447ff8f677634f193defb5a0b5,,R180,C_generic,True,True,False,True,True
RTX,campagna_rtx_2026-09-21,run_205.json,C3_high_cloud,ticket,procedura_e42,fixed_40,4,8,0.01,15.0,40,True,13.442707808004343,5.081045311002526,8.351673372002551,0.0008600109867984429,0.007323491998249665,9.948397217001997,9.948397217001997,3.494310591002346,3.494310591002346,0,False,True,"[""arrestare"", ""cache"", ""cancellare"", ""ferrosync"", ""servizio""]",completo,1007,1790018891.832287,0,False,a3271f7a3a631421bb5c5a7b9f07cf8bbae95752184128ffcfce121488736e00,,R181,C_extra,True,True,False,False,True
RTX,campagna_rtx_2026-09-21,run_206.json,C3_high_cloud,ticket,procedura_e42,fixed_40,3,8,0.01,15.0,40,True,9.867280371006927,5.198987106006825,4.657685033002053,0.0008712109993211925,0.0072274900012416765,9.948397217001997,9.948397217001997,-0.0811168459950693,-0.0811168459950693,0,False,True,"[""arrestare"", ""cache"", ""cancellare"", ""ferrosync"", ""locale"", ""riavviare"", ""ricorrere"", ""servizio"", ""tecnico""]",completo,1040,1790018905.366445,0,False,d48ed6321f240553c652140ed130578c569cf50396c42a9260598d6a6304e1c0,,R182,C_generic,True,True,False,True,True
RTX,campagna_rtx_2026-09-21,run_207.json,C3_high_cloud,ticket,procedura_e42,fixed_20,1,8,0.01,30.0,20,True,11.126984375005122,2.5809909270028584,8.536582330998499,0.0005297070019878447,0.007067287995596416,5.934186546504904,5.934186546504904,5.192797828500218,5.192797828500218,0,False,False,[],insufficienti,515,1790018915.339893,0,False,1c0fe709e6544973da54898e6952634f4cc3560b566ff61e8500ab19156cfafc,,R183,A,False,False,False,False,False
RTX,campagna_rtx_2026-09-21,run_208.json,C3_high_cloud,ticket,procedura_e42,fixed_20,0,8,0.01,30.0,20,True,28.393147880997276,2.6220470480038784,25.749996867991285,0.0005411070014815778,0.01739071799966041,5.934186546504904,5.934186546504904,22.458961334492372,22.458961334492372,0,False,False,[],insufficienti,524,1790018926.5583868,0,False,2b557a488ea67e6e9300de709818207b59020c8b0175f618a7758778f33fb10d,,R184,A,False,False,False,False,False
RTX,campagna_rtx_2026-09-21,run_209.json,C3_high_cloud,ticket,procedura_e42,fixed_40,2,8,0.01,30.0,40,True,12.682458177005174,5.179524621999008,7.481218083004933,0.0008968110050773248,0.017651321002631448,9.948397217001997,9.948397217001997,2.734060960003177,2.734060960003177,0,False,True,"[""arrestare"", ""cache"", ""cancellare"", ""ferrosync"", ""locale"", ""riavviare"", ""ricorrere"", ""servizio"", ""tecnico""]",completo,1032,1790018955.043719,0,False,0f52f59fac306412e938a219166d1974385a689cf55092fdbb8b63d0b276ce04,,R185,C_extra,True,True,False,False,True
RTX,campagna_rtx_2026-09-21,run_210.json,C3_high_cloud,ticket,procedura_e42,fixed_20,1,8,0.01,15.0,20,True,12.35584321701026,2.435257431003265,9.899862127000233,0.0005096069944556803,0.01705031399615109,5.934186546504904,5.934186546504904,6.421656670505357,6.421656670505357,0,False,False,[],insufficienti,464,1790018967.819116,0,False,dcf6fee7f1ca889ef3e14cf539dd43b36287c1f5bf21f311a7d7cf6815c054d4,,R186,A,False,False,False,False,False
RTX,campagna_rtx_2026-09-21,run_211.json,C3_high_cloud,ticket,procedura_e42,fixed_20,0,8,0.01,15.0,20,True,12.051277630002005,2.5100540749990614,9.51992918799806,0.0006541079928865656,0.01744731899816543,5.934186546504904,5.934186546504904,6.117091083497101,6.117091083497101,0,False,False,[],insufficienti,482,1790018980.2654214,0,False,f2a502f1e52feda9da505e2f875176ec099ad30860a04c52882e69b2a7aeedfe,,R187,A,False,False,False,False,False
RTX,campagna_rtx_2026-09-21,run_212.json,C3_high_cloud,ticket,procedura_e42,fixed_40,1,8,0.01,30.0,40,True,12.660984609014122,5.089537034989917,7.561368048001896,0.0008533110085409135,0.00740799299092032,9.948397217001997,9.948397217001997,2.712587392012125,2.712587392012125,0,False,True,"[""arrestare"", ""cache"", ""cancellare"", ""ferrosync"", ""locale"", ""riavviare"", ""ricorrere"", ""servizio"", ""tecnico""]",completo,1016,1790018992.4003425,0,False,b208e6a1cd13030fe0483cd017d4801bc452fa2cdd3d43adc01344719232f808,,R188,C_extra,True,True,False,False,True
RTX,campagna_rtx_2026-09-21,run_213.json,C3_high_cloud,ticket,procedura_e42,adaptive,4,8,0.01,15.0,40,True,12.94565911400423,5.206453115999466,7.729351475005387,0.0008494109933963045,0.007112988998414949,9.948397217001997,9.948397217001997,2.9972618970022324,2.9972618970022324,0,False,True,"[""arrestare"", ""cache"", ""cancellare"", ""ferrosync"", ""locale"", ""riavviare"", ""ricorrere"", ""servizio"", ""tecnico""]",completo,1041,1790019005.1433074,0,False,1fa902fa6938a76708c6bd1ed83255a848b94abd1093487610d00ed6b9841d15,,R189,P,False,False,False,False,False
RTX,campagna_rtx_2026-09-21,run_214.json,C3_high_cloud,ticket,procedura_e42,adaptive,1,8,0.01,30.0,40,True,15.481896976998542,5.236640407005325,10.233353818999603,0.0008207099890569225,0.008744209990254603,9.948397217001997,9.948397217001997,5.533499759996545,5.533499759996545,0,False,True,"[""arrestare"", ""cache"", ""cancellare"", ""ferrosync"", ""locale"", ""riavviare"", ""ricorrere"", ""servizio"", ""tecnico""]",completo,1049,1790019018.1840825,0,False,17a2a97bb762c78453a904975e5f6b7d1aa128dd3a4d474a63cbd0f6e4e3a44e,,R190,C_generic,True,True,False,True,True
RTX,campagna_rtx_2026-09-21,run_215.json,C3_high_cloud,ticket,procedura_e42,fixed_20,3,8,0.01,30.0,20,True,17.310702080008923,2.6258523559954483,14.675206604006235,0.0005662079929606989,0.0070969889929983765,5.934186546504904,5.934186546504904,11.37651553350402,11.37651553350402,0,False,False,[],insufficienti,521,1790019033.8326457,0,False,8f1c63385c657f531d240ff4ee6503d5a2bd38492d736a7b9ec82b4f2063b0f0,,R191,A,False,False,False,False,False
RTX,campagna_rtx_2026-09-21,run_216.json,C3_high_cloud,ticket,procedura_e42,fixed_20,4,8,0.01,30.0,20,True,10.080346351998742,2.5799694879970048,7.490238836995559,0.0005706069932784885,0.007236291014123708,5.934186546504904,5.934186546504904,4.146159805493838,4.146159805493838,0,False,True,"[""arrestare"", ""cache"", ""cancellare"", ""ferrosync"", ""servizio""]",completo,507,1790019051.2261412,0,False,4f9d8754143de7b5d1fc062491d33c4d385eee4840b5cb86fb9d46a0486e668e,,R192,C,True,True,True,True,True
RTX,campagna_rtx_2026-09-21,run_217.json,C3_high_cloud,ticket,procedura_e42,fixed_40,0,8,0.01,30.0,40,True,14.0105313249951,5.358608081995044,8.641524612001376,0.0008630109950900078,0.007578395001473837,9.948397217001997,9.948397217001997,4.062134107993103,4.062134107993103,0,False,True,"[""arrestare"", ""cache"", ""cancellare"", ""ferrosync"", ""locale"", ""riavviare"", ""ricorrere"", ""servizio"", ""tecnico""]",completo,1089,1790019061.3943882,0,False,fb82f3468648b5051fb9da75d1c77d7b519cf1ddcc4e55d3086f48960a6117a3,,R193,C_extra,True,True,False,False,True
RTX,campagna_rtx_2026-09-21,run_218.json,C3_high_cloud,ticket,procedura_e42,fixed_20,2,8,0.01,15.0,20,True,9.900505237994366,2.780090411994024,7.110026595008094,0.0006359079998219386,0.007245291009894572,5.934186546504904,5.934186546504904,3.9663186914894624,3.9663186914894624,0,False,True,"[""arrestare"", ""cache"", ""cancellare"", ""ferrosync"", ""locale"", ""riavviare"", ""ricorrere"", ""servizio"", ""tecnico""]",completo,566,1790019075.4871497,0,False,d7d4c4bfb69c99957ec1b4bad3a8380bc6e6b3a90e70eb289d3e16c3166ff5a4,,R194,C_extra,True,True,False,False,True
RTX,campagna_rtx_2026-09-21,run_219.json,C3_high_cloud,ticket,procedura_e42,fixed_40,0,8,0.01,15.0,40,True,14.33215222400031,5.291331360000186,9.030533135010046,0.0008596109983045608,0.007528393995016813,9.948397217001997,9.948397217001997,4.383755006998314,4.383755006998314,0,False,True,"[""arrestare"", ""cache"", ""cancellare"", ""ferrosync"", ""locale"", ""riavviare"", ""ricorrere"", ""servizio"", ""tecnico""]",completo,1073,1790019085.4749124,0,False,cfce383664b537763f52d6c989e01c1d4e44abdd8409705d20b0cb3cdad295ba,,R195,C_extra,True,True,False,False,True
RTX,campagna_rtx_2026-09-21,run_220.json,C3_high_cloud,ticket,procedura_e42,fixed_20,4,8,0.01,15.0,20,True,14.383208600993385,2.7420051459921524,11.621401506010443,0.0005835079937241971,0.015728897997178137,5.934186546504904,5.934186546504904,8.44902205448848,8.44902205448848,0,False,False,[],insufficienti,559,1790019099.903543,0,False,f4c203069fcd531d3a410b1d3279fa3405ab7cc95acd9a9c571d1b5bc3da0363,,R196,A,False,False,False,False,False
RTX,campagna_rtx_2026-09-21,run_221.json,C3_high_cloud,ticket,procedura_e42,fixed_40,1,8,0.01,15.0,40,True,13.027144494000822,5.030282505002106,7.986873861998902,0.0008604110043961555,0.00726859099813737,9.948397217001997,9.948397217001997,3.0787472769988256,3.0787472769988256,0,False,True,"[""arrestare"", ""cache"", ""cancellare"", ""ferrosync"", ""locale"", ""riavviare"", ""ricorrere"", ""servizio"", ""tecnico""]",completo,993,1790019114.3696494,0,False,b02587ba5d4f543879675a82da64ec1707569e6a31c18cd2a00139d04abadc2e,,R197,C_generic,True,True,False,True,True
RTX,campagna_rtx_2026-09-21,run_222.json,C3_high_cloud,ticket,procedura_e42,fixed_40,3,8,0.01,30.0,40,True,12.2268648629979,5.072971452013007,7.143388477998087,0.0008448110020253807,0.0077841979946242645,9.948397217001997,9.948397217001997,2.278467645995903,2.278467645995903,0,False,True,"[""arrestare"", ""cache"", ""cancellare"", ""ferrosync"", ""locale"", ""riavviare"", ""ricorrere"", ""servizio"", ""tecnico""]",completo,995,1790019127.4782372,0,False,0120b3254306794fe6700f34fac854626c1eef54c6fc2450a10b5c8ca84c4940,,R198,C_generic,True,True,False,True,True
RTX,campagna_rtx_2026-09-21,run_223.json,C3_high_cloud,ticket,procedura_e42,fixed_20,3,8,0.01,15.0,20,True,14.593744138997863,2.6443752359919017,11.939691481005866,0.0005353059968911111,0.007024287988315336,5.934186546504904,5.934186546504904,8.659557592492959,8.659557592492959,0,False,False,[],insufficienti,527,1790019139.7965305,0,False,ac5b9db289ee7647c3161d5ccaeee02950ed8842b53062a48cd4c442657659c0,,R199,A,False,False,False,False,False
RTX,campagna_rtx_2026-09-21,run_224.json,C3_high_cloud,ticket,procedura_e42,adaptive,4,8,0.01,30.0,40,True,14.076916674006497,5.22783361999609,8.827968988000066,0.0008375109900953248,0.017060415004380047,9.948397217001997,9.948397217001997,4.128519457004501,4.128519457004501,0,False,True,"[""arrestare"", ""cache"", ""cancellare"", ""ferrosync"", ""locale"", ""riavviare"", ""ricorrere"", ""servizio"", ""tecnico""]",completo,1050,1790019154.4874043,0,False,b41677e98ca0d1b8a896de4aeaa43eccccc3c3205a10ca728786d96e0df8eb49,,R200,C_generic,True,True,False,True,True
RTX,campagna_rtx_2026-09-21,run_225.json,C3_high_cloud,ticket,procedura_e42,adaptive,3,8,0.01,15.0,40,True,24.719012236004346,5.129296393002733,19.57988011999987,0.0008282100025098771,0.007071088999509811,9.948397217001997,9.948397217001997,14.77061501900235,14.77061501900235,9.719012236004346,True,True,"[""arrestare"", ""cache"", ""cancellare"", ""ferrosync"", ""locale"", ""riavviare"", ""ricorrere"", ""servizio"", ""tecnico""]",completo,1014,1790019168.6529841,0,False,826a1470a57fe614d2a245c4baf0cdc3574871ef0e95e87558511441e5fe57cb,,R201,C_extra,True,True,False,False,False
RTX,campagna_rtx_2026-09-21,run_226.json,C3_high_cloud,ticket,procedura_e42,fixed_40,4,8,0.01,30.0,40,True,9.204928271996323,5.204101152005023,3.9901896869996563,0.0009060110023710877,0.007270690999575891,9.948397217001997,9.948397217001997,-0.7434689450056737,-0.7434689450056737,0,False,True,"[""arrestare"", ""cache"", ""cancellare"", ""ferrosync"", ""servizio""]",completo,1036,1790019193.4576414,0,False,c89de993eee8ccc36f8e4c0d787162f8f425f5e9883c8b9af49a7ae83a6bf3b9,,R202,C,True,True,True,True,True
RTX,campagna_rtx_2026-09-21,run_227.json,C3_high_cloud,ticket,procedura_e42,fixed_40,2,8,0.01,15.0,40,True,12.436125730004278,5.2622019889968215,7.163848115000292,0.0008623109897598624,0.007296391995623708,9.948397217001997,9.948397217001997,2.4877285130022813,2.4877285130022813,0,False,True,"[""arrestare"", ""cache"", ""cancellare"", ""ferrosync"", ""locale"", ""riavviare"", ""ricorrere"", ""servizio"", ""tecnico""]",completo,1066,1790019202.787665,0,False,bfefb7e227ed9f8bc5e782fac54325a6709744b46b308302e4cedf449c74c9b7,,R203,C_extra,True,True,False,False,True
RTX,campagna_rtx_2026-09-21,run_228.json,C3_high_cloud,ticket,procedura_e42,adaptive,0,8,0.01,15.0,40,True,12.204407636992983,4.925094157006242,7.269345953987795,0.0008084099972620606,0.007069188999594189,9.948397217001997,9.948397217001997,2.256010419990986,2.256010419990986,0,False,True,"[""arrestare"", ""cache"", ""cancellare"", ""ferrosync"", ""locale"", ""riavviare"", ""ricorrere"", ""servizio"", ""tecnico""]",completo,954,1790019215.3079977,0,False,5e6e3373bce2747c3799c37c3a26478c0440e16a2cc51db079a0fe87fe2f6a84,,R204,C_extra,True,True,False,False,True
RTX,campagna_rtx_2026-09-21,run_229.json,C3_high_cloud,ticket,procedura_e42,adaptive,1,8,0.01,15.0,40,True,16.573151828997652,5.137278435009648,11.42580356700637,0.0008060099935391918,0.0073907930054701865,9.948397217001997,9.948397217001997,6.624754611995655,6.624754611995655,1.573151828997652,True,True,"[""arrestare"", ""cache"", ""cancellare"", ""ferrosync"", ""locale"", ""riavviare"", ""ricorrere"", ""servizio"", ""tecnico""]",completo,1022,1790019227.6443295,0,False,aea2a03bbb550946baa81cae0a34b1a4f5254f4302faf89ec23f5337aefbbd9b,,R205,C_extra,True,True,False,False,False
RTX,campagna_rtx_2026-09-21,run_230.json,B_cloud,ticket,procedura_e42,k_0.25,4,4,0.0001,2.5395333684305226,5,True,21.760527951002587,0.6726532640022924,21.068237138999393,0.00031880399910733104,0.015913499999442138,2.923528543632085,2.923528543632085,18.836999407370502,18.836999407370502,19.220994582572065,True,False,[],insufficienti,127,1790019244.3708403,0,False,0c7b3991693924d92b24291a6c523dc7b330372d5d3d16522136806addab911e,,R206,A,False,False,False,False,False
RTX,campagna_rtx_2026-09-21,run_231.json,B_cloud,ticket,procedura_e42,k_0.5,1,4,0.0001,2.5395333684305226,5,True,9.577642051008297,0.6637079530046321,8.89829510099662,0.0002954030060209334,0.012931263001519255,2.923528543632085,2.923528543632085,6.654113507376213,6.654113507376213,7.038108682577775,True,False,[],insufficienti,114,1790019266.216313,0,False,5331220cedbed89b7829e273c436b1ff68e3dc66288ec630410c51e44ca451f1,,R207,A,False,False,False,False,False
RTX,campagna_rtx_2026-09-21,run_232.json,B_cloud,ticket,procedura_e42,k_0,2,4,0.0001,2.5395333684305226,0,True,10.778312975991867,0.0,10.776314151007682,0.0,0.0,1.9199758760078112,1.9199758760078112,8.858337099984055,8.858337099984055,8.238779607561344,True,False,[],insufficienti,0,1790019275.895773,0,False,2081a05992936fe8d03fa3b364fe133955f6d4550c008ba9bafece84bcec75b3,,R208,A,False,False,False,False,False
RTX,campagna_rtx_2026-09-21,run_233.json,B_cloud,ticket,procedura_e42,k_0.5,7,4,0.0001,2.5395333684305226,5,True,12.881443068996305,0.74073472499731,12.131293425001786,0.00029480300145223737,0.00729009100177791,2.923528543632085,2.923528543632085,9.95791452536422,9.95791452536422,10.341909700565783,True,False,[],insufficienti,133,1790019286.7763197,0,False,c7ab8632fbcd4ce8923f14a86d9f7c62e3c398a28b6b9c50adf225fec06df861,,R209,A,False,False,False,False,False
RTX,campagna_rtx_2026-09-21,run_234.json,B_cloud,ticket,procedura_e42,k_0.5,6,4,0.0001,2.5395333684305226,5,True,11.488282345992047,0.7412104320101207,10.737298091000412,0.0003012040106114,0.007657395995920524,2.923528543632085,2.923528543632085,8.564753802359963,8.564753802359963,8.948748977561525,True,False,[],insufficienti,144,1790019299.7476168,0,False,ecf64964edeb67320fdca24e217b43d6de0201f10291ef31ad1a4c85bc1b5df1,,R210,A,False,False,False,False,False
RTX,campagna_rtx_2026-09-21,run_235.json,B_cloud,ticket,procedura_e42,k_0,9,4,0.0001,2.5395333684305226,0,True,11.78491509599553,0.0,11.784096186005627,0.0,0.0,1.9199758760078112,1.9199758760078112,9.864939219987718,9.864939219987718,9.245381727565007,True,False,[],insufficienti,0,1790019311.3189664,0,False,57a5e0afcb708c64a0634ba191836695da6e6958b9bbc3bc2a829f0af634e020,,R211,A,False,False,False,False,False
RTX,campagna_rtx_2026-09-21,run_236.json,B_cloud,ticket,procedura_e42,k_0,5,4,0.0001,2.5395333684305226,0,True,9.150649835995864,0.0,9.149827625005855,0.0,0.0,1.9199758760078112,1.9199758760078112,7.230673959988053,7.230673959988053,6.611116467565342,True,False,[],insufficienti,0,1790019323.1928382,0,False,bc0bb79a03cb56d7753c6b6d87936a0b2a8626a6b1c4b480efcf5908753e1cd7,,R212,A,False,False,False,False,False
RTX,campagna_rtx_2026-09-21,run_237.json,B_cloud,ticket,procedura_e42,k_0.1,9,4,0.0001,2.5395333684305226,0,True,9.674707746002241,0.0,9.67272792001313,0.0,0.0,1.9199758760078112,1.9199758760078112,7.75473186999443,7.75473186999443,7.135174377571719,True,False,[],insufficienti,0,1790019332.4422815,0,False,8c55b664e352711ef40ed98b0b8f682be9454aa2ab58b5291fd68da41e24dcd5,,R213,A,False,False,False,False,False
RTX,campagna_rtx_2026-09-21,run_238.json,B_cloud,ticket,procedura_e42,k_0.5,4,4,0.0001,2.5395333684305226,5,True,11.451856639992911,0.7070080050034449,10.734276201998,0.00030060399149078876,0.007956500005093403,2.923528543632085,2.923528543632085,8.528328096360827,8.528328096360827,8.91232327156239,True,False,[],insufficienti,120,1790019342.2030344,0,False,36c20da81b1e5fbbebcbade3da15219594a646ea91f7067e86e6c4be34c6d85d,,R214,A,False,False,False,False,False
RTX,campagna_rtx_2026-09-21,run_239.json,B_cloud,ticket,procedura_e42,k_0.5,0,4,0.0001,2.5395333684305226,5,True,12.950746135000372,0.6781484420062043,12.25241833999462,0.0004032050055684522,0.01667941000778228,2.923528543632085,2.923528543632085,10.027217591368288,10.027217591368288,10.41121276656985,True,False,[],insufficienti,119,1790019353.754865,0,False,ecdabed6904e525f9cc3853218ddc96db621e93737d50439ee59bdd7df0367a7,,R215,A,False,False,False,False,False
RTX,campagna_rtx_2026-09-21,run_240.json,B_cloud,ticket,procedura_e42,k_0.1,3,4,0.0001,2.5395333684305226,0,True,11.73807967499306,0.0,11.73703456200019,0.0,0.0,1.9199758760078112,1.9199758760078112,9.818103798985248,9.818103798985248,9.198546306562537,True,False,[],insufficienti,0,1790019366.860834,0,False,026b195c231ad147bb894da0fd45ccc71beebb6e28023ebf5b27e16f40dd67b0,,R216,X,False,False,False,False,False
RTX,campagna_rtx_2026-09-21,run_241.json,B_cloud,ticket,procedura_e42,k_0.5,2,4,0.0001,2.5395333684305226,5,True,11.880025576989283,0.8007469889998902,11.069409564996022,0.000311103998683393,0.007614796006237157,2.923528543632085,2.923528543632085,8.956497033357198,8.956497033357198,9.34049220855876,True,False,[],insufficienti,145,1790019378.760643,0,False,8e678fdcff9c4980bd40db4ea2ec19cce9558c2f9add1c5ef5689d6c556d5bac,,R217,G,False,False,False,False,False
RTX,campagna_rtx_2026-09-21,run_242.json,B_cloud,ticket,procedura_e42,k_0,8,4,0.0001,2.5395333684305226,0,True,11.114117639997858,0.0,11.11314612699789,0.0,0.0,1.9199758760078112,1.9199758760078112,9.194141763990046,9.194141763990046,8.574584271567335,True,False,[],insufficienti,0,1790019390.7228386,0,False,98d0223579cc57634500575091a4da0ecb1ac522662af52e2d3baaa834251d71,,R218,A,False,False,False,False,False
RTX,campagna_rtx_2026-09-21,run_243.json,B_cloud,ticket,procedura_e42,k_0,7,4,0.0001,2.5395333684305226,0,True,10.530336293988512,0.0,10.52830216899747,0.0,0.0,1.9199758760078112,1.9199758760078112,8.6103604179807,8.6103604179807,7.99080292555799,True,False,[],insufficienti,0,1790019401.9306977,0,False,bb2416fb32c28523bf3219d0bcc0b632c9eef19e1648e115b2787f8d2e4e4116,,R219,G,False,False,False,False,False
RTX,campagna_rtx_2026-09-21,run_244.json,B_cloud,ticket,procedura_e42,k_0,1,4,0.0001,2.5395333684305226,0,True,13.718992191003053,0.0,13.716930763999699,0.0,0.0,1.9199758760078112,1.9199758760078112,11.799016314995242,11.799016314995242,11.179458822572531,True,False,[],insufficienti,0,1790019412.6155255,0,False,5faba31c50b78f1665e58026c613aa20e6a6b8af8848f5338631a963e8004ee2,,R220,A,False,False,False,False,False
RTX,campagna_rtx_2026-09-21,run_245.json,B_cloud,ticket,procedura_e42,k_0.1,8,4,0.0001,2.5395333684305226,0,True,9.213146116002463,0.0,9.2119862010004,0.0,0.0,1.9199758760078112,1.9199758760078112,7.293170239994652,7.293170239994652,6.673612747571941,True,False,[],insufficienti,0,1790019426.4236882,0,False,4ec38207d1cdee592f33016e28055d19eb1f7795f79727369c6f802555ed5347,,R221,A,False,False,False,False,False
RTX,campagna_rtx_2026-09-21,run_246.json,B_cloud,ticket,procedura_e42,k_0.1,6,4,0.0001,2.5395333684305226,0,True,7.283010094994097,0.0,7.282186084994464,0.0,0.0,1.9199758760078112,1.9199758760078112,5.363034218986286,5.363034218986286,4.743476726563575,True,False,[],insufficienti,0,1790019435.7220278,0,False,a4f25a6cf420496bc833d2fe9eadfdcdffa5f2bcf91ef56f9c1af694048d9a80,,R222,A,False,False,False,False,False
RTX,campagna_rtx_2026-09-21,run_247.json,B_cloud,ticket,procedura_e42,k_0.1,0,4,0.0001,2.5395333684305226,0,True,9.876909797007102,0.0,9.876083285998902,0.0,0.0,1.9199758760078112,1.9199758760078112,7.95693392099929,7.95693392099929,7.3373764285765795,True,False,[],insufficienti,0,1790019443.0950136,0,False,db29b9b984a5a34a89db723f1c1a82fb23351903218bb7126b842616293cb40b,,R223,A,False,False,False,False,False
RTX,campagna_rtx_2026-09-21,run_248.json,B_cloud,ticket,procedura_e42,k_0.5,3,4,0.0001,2.5395333684305226,5,True,13.235926149995066,0.7566285369975958,12.469635989997187,0.00035010399005841464,0.007350593004957773,2.923528543632085,2.923528543632085,10.312397606362982,10.312397606362982,10.696392781564544,True,False,[],insufficienti,147,1790019453.055046,0,False,848d65fc123000eeb928badee81ff1d6d2f3280c7d23d282e6ba02d19602f323,,R224,A,False,False,False,False,False
RTX,campagna_rtx_2026-09-21,run_249.json,B_cloud,ticket,procedura_e42,k_0.25,5,4,0.0001,2.5395333684305226,5,True,11.96772647499165,0.7445424860052299,11.213782370003173,0.00032700398878660053,0.007313592010177672,2.923528543632085,2.923528543632085,9.044197931359566,9.044197931359566,9.428193106561128,True,False,[],insufficienti,141,1790019466.3769567,0,False,87e7b8dcd345bcb65537c2f9393f4c2fccf4fb7851b16161c2d2e807e106960f,,R225,A,False,False,False,False,False
RTX,campagna_rtx_2026-09-21,run_250.json,B_cloud,ticket,procedura_e42,k_0.25,7,4,0.0001,2.5395333684305226,5,True,13.698474108998198,0.700186826987192,12.988744860005681,0.00029600400011986494,0.007448693999322131,2.923528543632085,2.923528543632085,10.774945565366114,10.774945565366114,11.158940740567676,True,False,[],insufficienti,127,1790019478.424538,0,False,8e48e0d95eeedb2c63fbc21e76ad7b4a89713d4a151349a66fddf4e6ad1d8fb4,,R226,A,False,False,False,False,False
RTX,campagna_rtx_2026-09-21,run_251.json,B_cloud,ticket,procedura_e42,k_0.1,4,4,0.0001,2.5395333684305226,0,True,10.989243661999353,0.0,10.987203836004483,0.0,0.0,1.9199758760078112,1.9199758760078112,9.069267785991542,9.069267785991542,8.449710293568831,True,False,[],insufficienti,0,1790019492.224789,0,False,cc8c44ae164563acf232bf33cbbfb5f423d8f3ec4b6e1d7c60ac6d4ee7de9d39,,R227,A,False,False,False,False,False
RTX,campagna_rtx_2026-09-21,run_252.json,B_cloud,ticket,procedura_e42,k_0,4,4,0.0001,2.5395333684305226,0,True,12.193195653002476,0.0,12.191183026996441,0.0,0.0,1.9199758760078112,1.9199758760078112,10.273219776994665,10.273219776994665,9.653662284571954,True,False,[],insufficienti,0,1790019503.3128133,0,False,acf8d5db4fd0e4d178210738c32661590e2bdca4a58e2c509daf4502fa9de963,,R228,G,False,False,False,False,False
RTX,campagna_rtx_2026-09-21,run_253.json,B_cloud,ticket,procedura_e42,k_0,0,4,0.0001,2.5395333684305226,0,True,11.145029245992191,0.0,11.144220135989599,0.0,0.0,1.9199758760078112,1.9199758760078112,9.22505336998438,9.22505336998438,8.605495877561669,True,False,[],insufficienti,0,1790019515.5897973,0,False,1b60c84c495baadc36aecbbc60e5f0cef7424643b74aec4bb1fb1ed52bea0655,,R229,A,False,False,False,False,False
RTX,campagna_rtx_2026-09-21,run_254.json,B_cloud,ticket,procedura_e42,k_0.1,7,4,0.0001,2.5395333684305226,0,True,9.261176595988218,0.0,9.260361385997385,0.0,0.0,1.9199758760078112,1.9199758760078112,7.341200719980407,7.341200719980407,6.721643227557696,True,False,[],insufficienti,0,1790019526.8331168,0,False,5e5bbdf3af6fdf9b6c0b6e9c1eb5521fb9adc03adba8d2cd69486ba54e6df704,,R230,A,False,False,False,False,False
RTX,campagna_rtx_2026-09-21,run_255.json,B_cloud,ticket,procedura_e42,k_0.5,9,4,0.0001,2.5395333684305226,5,True,11.640541412009043,0.7217129019991262,10.9093190900021,0.00029650299984496087,0.00741909300268162,2.923528543632085,2.923528543632085,8.717012868376958,8.717012868376958,9.10100804357852,True,False,[],insufficienti,130,1790019536.1808884,0,False,480a151a292d1b2ff61018636736284b1acb37b440ee80445b624fe58dcfae07,,R231,A,False,False,False,False,False
RTX,campagna_rtx_2026-09-21,run_256.json,B_cloud,ticket,procedura_e42,k_0,3,4,0.0001,2.5395333684305226,0,True,10.375288663009997,0.0,10.374459751998074,0.0,0.0,1.9199758760078112,1.9199758760078112,8.455312787002185,8.455312787002185,7.835755294579474,True,False,[],insufficienti,0,1790019547.9323368,0,False,617a8cc2a80744313616e4c5636632d8716693ad41fc9852634cee9c7f892c88,,R232,G,False,False,False,False,False
RTX,campagna_rtx_2026-09-21,run_257.json,B_cloud,ticket,procedura_e42,k_0.5,8,4,0.0001,2.5395333684305226,5,True,9.106402364996029,0.785104002992739,8.311947644004249,0.00032780400943011045,0.007226290996186435,2.923528543632085,2.923528543632085,6.182873821363945,6.182873821363945,6.566868996565507,True,False,[],insufficienti,144,1790019558.4084246,0,False,0d84700fff4af5bf0f542912f3b79dbb3978c447cef7157194409530f278e80c,,R233,A,False,False,False,False,False
RTX,campagna_rtx_2026-09-21,run_258.json,B_cloud,ticket,procedura_e42,k_0.25,0,4,0.0001,2.5395333684305226,5,True,9.765342783008236,0.6188642060005805,9.136885854997672,0.00030670399428345263,0.007527294990723021,2.923528543632085,2.923528543632085,6.841814239376152,6.841814239376152,7.225809414577714,True,False,[],insufficienti,109,1790019567.600296,0,False,4e673c03628101d9c2964560ef98fad0ef64b6f89d4d6a46403492ba5698f0b7,,R234,A,False,False,False,False,False
RTX,campagna_rtx_2026-09-21,run_259.json,B_cloud,ticket,procedura_e42,k_0.25,6,4,0.0001,2.5395333684305226,5,True,8.845164780999767,0.6303301509906305,8.20531931000005,0.00028160400688648224,0.007434393992298283,2.923528543632085,2.923528543632085,5.921636237367682,5.921636237367682,6.3056314125692445,True,False,[],insufficienti,112,1790019577.45345,0,False,a019f58e537bc41c9c7ad4b0c15b9b89111159f6838edba67bed63ea70ef2a52,,R235,A,False,False,False,False,False
RTX,campagna_rtx_2026-09-21,run_260.json,B_cloud,ticket,procedura_e42,k_0.25,3,4,0.0001,2.5395333684305226,5,True,10.898833893996198,0.6733748950064182,10.207919477994437,0.0003235040057916194,0.014103878012974747,2.923528543632085,2.923528543632085,7.975305350364113,7.975305350364113,8.359300525565676,True,False,[],insufficienti,126,1790019586.3978376,0,False,b47b86fd113b6d4196d5bf29feedaa4f3feab9d02a90008fd2ad996bc48736d5,,R236,A,False,False,False,False,False
RTX,campagna_rtx_2026-09-21,run_261.json,B_cloud,ticket,procedura_e42,k_0.1,2,4,0.0001,2.5395333684305226,0,True,7.489920293010073,0.0,7.489037781997467,0.0,0.0,1.9199758760078112,1.9199758760078112,5.569944417002262,5.569944417002262,4.950386924579551,True,False,[],insufficienti,0,1790019597.383089,0,False,bee543a321bbd8f82d67b698dbe600d63f1abbfc0107f9dcc4f578516f315535,,R237,A,False,False,False,False,False
RTX,campagna_rtx_2026-09-21,run_262.json,B_cloud,ticket,procedura_e42,k_0.5,5,4,0.0001,2.5395333684305226,5,True,11.038439768992248,0.7053736000088975,10.323479647995555,0.0003240040095988661,0.007263791005243547,2.923528543632085,2.923528543632085,8.114911225360164,8.114911225360164,8.498906400561726,True,False,[],insufficienti,126,1790019604.9608722,0,False,732db0bba257478de59f1d4e6de0a60b572397f6c0e5b1e541b2c918fded869a,,R238,A,False,False,False,False,False
RTX,campagna_rtx_2026-09-21,run_263.json,B_cloud,ticket,procedura_e42,k_0.25,1,4,0.0001,2.5395333684305226,5,True,9.203237720998004,0.611585615988588,8.58215468400158,0.0002881030086427927,0.007407193988910876,2.923528543632085,2.923528543632085,6.27970917736592,6.27970917736592,6.663704352567482,True,False,[],insufficienti,108,1790019616.0854144,0,False,9ac354808554597e43d58491c56820df5d61576a134e51dd36b3b1486415fe33,,R239,A,False,False,False,False,False
RTX,campagna_rtx_2026-09-21,run_264.json,B_cloud,ticket,procedura_e42,k_0.25,9,4,0.0001,2.5395333684305226,5,True,11.030440597998677,0.6701377559948014,10.35085332300514,0.0003280039964010939,0.007348792991251685,2.923528543632085,2.923528543632085,8.106912054366592,8.106912054366592,8.490907229568155,True,False,[],insufficienti,126,1790019625.372142,0,False,fcdf9a11ff4a4021246c805620f8a5058e1f8f741fa9b91dbed9aae35ee77e67,,R240,A,False,False,False,False,False
RTX,campagna_rtx_2026-09-21,run_265.json,B_cloud,ticket,procedura_e42,k_0.25,2,4,0.0001,2.5395333684305226,5,True,10.81250299900421,0.6976740800018888,10.105297057001735,0.0003017050039488822,0.007312124012969434,2.923528543632085,2.923528543632085,7.888974455372125,7.888974455372125,8.272969630573687,True,False,[],insufficienti,132,1790019636.4931076,0,False,8c5dc54c69088fa2f438e01bfe055f3d7f1a3cab0b23cef0d03eccab88c891a1,,R241,A,False,False,False,False,False
RTX,campagna_rtx_2026-09-21,run_266.json,B_cloud,ticket,procedura_e42,k_0.25,8,4,0.0001,2.5395333684305226,5,True,8.094717348998529,0.6679808200133266,7.416932862004614,0.0003240060032112524,0.007721531001152471,2.923528543632085,2.923528543632085,5.1711888053664445,5.1711888053664445,5.555183980568007,True,False,[],insufficienti,126,1790019647.3959463,0,False,ec9937b06cfa201682ccfb1699ca5e886d0a69d66f5924386bfae8348ed02804,,R242,A,False,False,False,False,False
RTX,campagna_rtx_2026-09-21,run_267.json,B_cloud,ticket,procedura_e42,k_0,6,4,0.0001,2.5395333684305226,0,True,9.122397144004935,0.0,9.121570329996757,0.0,0.0,1.9199758760078112,1.9199758760078112,7.202421267997124,7.202421267997124,6.582863775574413,True,False,[],insufficienti,0,1790019655.739103,0,False,cd2226e5b13e71602c1cec880c881df481d3d953e064337e2b4dc73a47782ca8,,R243,G,False,False,False,False,False
RTX,campagna_rtx_2026-09-21,run_268.json,B_cloud,ticket,procedura_e42,k_0.1,5,4,0.0001,2.5395333684305226,0,True,7.94130804600718,0.0,7.940468032000354,0.0,0.0,1.9199758760078112,1.9199758760078112,6.0213321699993685,6.0213321699993685,5.4017746775766575,True,False,[],insufficienti,0,1790019664.9460151,0,False,eafce0a7f5f7af936dedc0dddbac18027d31382d729d7f4da4586ab5730ed85b,,R244,A,False,False,False,False,False
RTX,campagna_rtx_2026-09-21,run_269.json,B_cloud,ticket,procedura_e42,k_0.1,1,4,0.0001,2.5395333684305226,0,True,11.454384641998331,0.0,11.453492925997125,0.0,0.0,1.9199758760078112,1.9199758760078112,9.53440876599052,9.53440876599052,8.914851273567809,True,False,[],insufficienti,0,1790019672.974968,0,False,0a748813ae7fa338316064f648b9be398e51baa4d1f83fc4091868bb1e514de0,,R245,A,False,False,False,False,False
RTX,campagna_rtx_2026-09-21,run_270.json,D_cloud,ticket,errore_assente,adaptive,1,8,0.01,60.0,40,True,9.995403494991479,4.713824856997235,5.271457169990754,0.0006851120124338195,0.0074700240074889734,9.948397217001997,9.948397217001997,0.04700627798948176,0.04700627798948176,0,False,True,"[""cache"", ""cancellare"", ""ferrosync"", ""locale"", ""raccettare"", ""riavviare"", ""servizio""]",completo,882,1790019684.5185957,0,False,32e385da86a2880d03d61fa45080f274c6c9013378fe93aae42a7eff98ddc8bc,,R246,negative_correct,True,,,,True
RTX,campagna_rtx_2026-09-21,run_271.json,D_cloud,ticket,dettaglio_condiviso,adaptive,2,8,0.01,60.0,40,True,8.070041840997874,2.3656809809908736,5.694482396997046,0.00037400600558612496,0.007134617990232073,9.948397217001997,9.948397217001997,-1.878355376004123,-1.878355376004123,0,False,True,"[""clusterinternoaurora""]",completo,200,1790019694.6121202,0,False,4aa668ae4580325c9d44a9b1a920622c23d86e224001451a9dd960fb45bb193a,,R122,identifier_correct,True,,,,True
RTX,campagna_rtx_2026-09-21,run_272.json,D_cloud,ticket,dettaglio_condiviso,adaptive,0,8,0.01,60.0,40,True,6.443368947002455,2.325321183001506,4.108261401997879,0.0003248060093028471,0.007058317001792602,9.948397217001997,9.948397217001997,-3.505028269999542,-3.505028269999542,0,False,True,"[""clusterinternoaurora""]",completo,200,1790019702.7721963,0,False,99e0462a1a413eb78fc63e18cd3c24c8facddd6a6acdc2f2e620c076a67f79fd,,R122,identifier_correct,True,,,,True
RTX,campagna_rtx_2026-09-21,run_273.json,D_cloud,ticket,dettaglio_condiviso,adaptive,4,8,0.01,60.0,40,True,5.301428254999337,2.3472107440029504,2.9447239550063387,0.00044070799776818603,0.006971415001316927,9.948397217001997,9.948397217001997,-4.64696896200266,-4.64696896200266,0,False,True,"[""clusterinternoaurora""]",completo,200,1790019709.3038085,0,False,134a6561c0b8d280bdd3f33415efcae90465a70a60726e830035e92a0c16a5fa,,R122,identifier_correct,True,,,,True
RTX,campagna_rtx_2026-09-21,run_274.json,D_cloud,ticket,dettaglio_condiviso,adaptive,1,8,0.01,60.0,40,True,4.761125882010674,2.327503936001449,2.4237090829992667,0.0003463059983914718,0.007220319006592035,9.948397217001997,9.948397217001997,-5.187271334991323,-5.187271334991323,0,False,True,"[""clusterinternoaurora""]",completo,200,1790019714.6988814,0,False,8e3076ad22671c410c59a6100dd59da8d1815add9b7fc8e076a19d84cb9aceaf,,R122,identifier_correct,True,,,,True
RTX,campagna_rtx_2026-09-21,run_275.json,D_cloud,ticket,errore_assente,adaptive,4,8,0.01,60.0,40,True,10.683090036996873,4.5025324870075565,6.170778388986946,0.0006684109976049513,0.007155518003855832,9.948397217001997,9.948397217001997,0.7346928199948763,0.7346928199948763,0,False,True,"[""cache"", ""cancellare"", ""ferrosync"", ""locale"", ""raccettare"", ""riavviare"", ""servizio""]",completo,819,1790019719.5697818,0,False,4816dab6684fa49565f2dade501b41005ad5f22ea5775338ef1b6bff4bbfcf16,,R247,negative_unsupported,False,,,,False
RTX,campagna_rtx_2026-09-21,run_276.json,D_cloud,ticket,errore_assente,adaptive,0,8,0.01,60.0,40,True,12.095531240003766,4.384602549005649,7.701215732013225,0.0006718109943903983,0.007090115992468782,9.948397217001997,9.948397217001997,2.147134023001769,2.147134023001769,0,False,True,"[""cache"", ""cancellare"", ""ferrosync"", ""locale"", ""raccettare"", ""riavviare"", ""servizio""]",completo,799,1790019730.339114,0,False,4f657a04c52c044e1c2709fe82248ad7db4234fedfab92c4be3c383175057ee4,,R248,negative_unsupported,False,,,,False
RTX,campagna_rtx_2026-09-21,run_277.json,D_cloud,ticket,dettaglio_condiviso,adaptive,3,8,0.01,60.0,40,True,5.817675132013392,2.3462907310022274,3.4542838229972403,0.0003254049952374771,0.012882110007922165,9.948397217001997,9.948397217001997,-4.130722084988605,-4.130722084988605,0,False,True,"[""clusterinternoaurora""]",degradato,200,1790019742.539502,0,False,198d9befa46a7d6af27fc1a6ee7087cc4ea668bdec7e45c974ed26de0b22243e,,R249,target_wrong,False,,,,False
RTX,campagna_rtx_2026-09-21,run_278.json,D_cloud,ticket,errore_assente,adaptive,3,8,0.01,60.0,40,True,7.408620635003899,3.8538984379993053,3.5444119289895752,0.0005937100067967549,0.0071006150101311505,9.948397217001997,9.948397217001997,-2.5397765819980975,-2.5397765819980975,0,False,True,"[""cache"", ""locale""]",completo,643,1790019748.4623244,0,False,5ccd774b0afa83627ef29a48403caf17b533c331b726af3655ed09e4888768c6,,R250,negative_correct,True,,,,True
RTX,campagna_rtx_2026-09-21,run_279.json,D_cloud,ticket,errore_assente,adaptive,2,8,0.01,60.0,40,True,6.928813838007045,4.074884742993163,2.844471442003851,0.0005985099996905774,0.007022713994956575,9.948397217001997,9.948397217001997,-3.0195833789949518,-3.0195833789949518,0,False,True,"[""cache"", ""locale""]",degradato,695,1790019755.9650712,0,False,3ff043c2e161057b99ca7b38320ea040090486b93afd9d67eb93d9df0b0f6095,,R124,negative_correct,True,,,,True
Confronto,confronto_rtx_2026-09-21,run_001.json,confronto,ticket,procedura_e42,direct_refresh,0,8,0.01,30.0,40,True,10.782789253004012,5.3230844250065275,5.4510668919974705,0.0009376149973832071,0.00743651700031478,13.736409040454115,17.117672444233904,-2.953619787450103,-6.334883191229892,0,False,True,"[""arrestare"", ""cache"", ""cancellare"", ""ferrosync"", ""servizio""]",completo,,,0.0,False,4cc799b5314290dee760dd83068e19e60900259bd77f5da299afc182a477dcbe,,R251,C_generic,True,True,False,True,True
Confronto,confronto_rtx_2026-09-21,run_002.json,confronto,ticket,procedura_e42,fixed_20,0,8,0.01,30.0,20,True,7.8860863510053605,2.595601399007137,5.2812366069993,0.0006114099960541353,0.008333830992341973,9.368130333726487,12.090958624117775,-1.4820439827211267,-4.204872273112414,0,False,True,"[""arrestare"", ""cache"", ""cancellare"", ""ferrosync"", ""servizio""]",completo,,,0,False,7cc95566e81f5b7437413ed9e95dd261b7155ce1c769c432529d8947211b508a,,R252,C_extra,True,True,False,False,True
Confronto,confronto_rtx_2026-09-21,run_003.json,confronto,ticket,procedura_e42,direct_static,0,8,0.01,15.0,31,True,12.416698677989189,3.9347223789955024,8.473937073998968,0.0007266110042110085,0.007077410991769284,11.770683622426683,14.855651225181646,0.6460150555625059,-2.438952547192457,0,False,False,[],insufficienti,,,0,False,57b1a183f237d4f0a5e5b73750fdba52b3cb445b209432360249f19245381960,,R253,A,False,False,False,False,False
Confronto,confronto_rtx_2026-09-21,run_004.json,confronto,ticket,procedura_e42,direct_refresh,0,8,0.01,15.0,31,True,12.754396284988616,3.9962702990014805,8.749761254992336,0.0006946109933778644,0.007449615994119085,11.770683622426683,14.855651225181646,0.983712662561933,-2.10125494019303,0,False,True,"[""arrestare"", ""cache"", ""cancellare"", ""ferrosync"", ""locale"", ""riavviare"", ""ricorrere"", ""servizio"", ""tecnico""]",completo,,,0.0,False,037dd95c13cab703d409fc7e554ec1adfb9d9367d57c19bd9dddd2804ff654d5,,R254,C_extra,True,True,False,False,True
Confronto,confronto_rtx_2026-09-21,run_005.json,confronto,ticket,procedura_e42,fixed_20,0,8,0.01,15.0,20,True,10.992412690000492,2.5776387000078103,8.406746663997183,0.0005041080003138632,0.00726271299936343,9.368130333726487,12.090958624117775,1.624282356274005,-1.0985459341172827,0,False,False,[],insufficienti,,,0,False,58e3899c05ce9dee541920293b9cf17311fc58c7108c70e7aa34a95df3cc42f7,,R255,A,False,False,False,False,False
Confronto,confronto_rtx_2026-09-21,run_006.json,confronto,ticket,procedura_e42,legacy,0,8,0.01,30.0,40,True,14.906021602000692,5.14960241499648,9.736006168997847,0.0008648139919387177,0.019005994996405207,10.191142457174715,10.191142457174715,4.714879144825977,4.714879144825977,0,False,True,"[""arrestare"", ""cache"", ""cancellare"", ""ferrosync"", ""locale"", ""riavviare"", ""ricorrere"", ""servizio"", ""tecnico""]",completo,,,0,False,9e28dbb674757777c11d9bb13956ee49b293a07b02ce391e83d41d5453b9725a,,R256,C_extra,True,True,False,False,True
Confronto,confronto_rtx_2026-09-21,run_007.json,confronto,ticket,procedura_e42,legacy,0,8,0.01,15.0,40,True,15.048755894997157,5.101062718007597,9.939501350992941,0.000819513006717898,0.007137710010283627,10.191142457174715,10.191142457174715,4.857613437822442,4.857613437822442,0.048755894997157156,True,False,[],insufficienti,,,0,False,be9b05d7d57a3486fc68c763a8799a73b78d329f2441241787b2ebe8fcb2a704,,R257,A,False,False,False,False,False
Confronto,confronto_rtx_2026-09-21,run_008.json,confronto,ticket,procedura_e42,direct_static,0,8,0.01,30.0,40,True,11.235871292010415,5.1633369350020075,6.064255731005687,0.000831513010780327,0.00691600599384401,13.736409040454115,17.117672444233904,-2.5005377484436995,-5.881801152223488,0,False,True,"[""arrestare"", ""cache"", ""cancellare"", ""ferrosync"", ""locale"", ""riavviare"", ""ricorrere"", ""servizio"", ""tecnico""]",completo,,,0,False,5daa404aa8ede60c87effec35c9c9e1c59c57dea0f46163925e6e4e40974e810,,R258,C_extra,True,True,False,False,True
Confronto,confronto_rtx_2026-09-21,run_009.json,confronto,ticket,procedura_e42,direct_static,1,8,0.01,30.0,40,True,12.603980853004032,5.091902790998574,7.503028621998965,0.0008594129903940484,0.00795702199684456,13.736409040454115,17.117672444233904,-1.132428187450083,-4.513691591229872,0,False,False,[],insufficienti,,,0,False,0939b8babe93a93c21640557200918212c7c09a4edf6037155c05553e2e40259,,R259,A,False,False,False,False,False
Confronto,confronto_rtx_2026-09-21,run_010.json,confronto,ticket,procedura_e42,direct_refresh,1,8,0.01,30.0,40,True,11.189777658000821,5.2070730780105805,5.974145448999479,0.0008926129958126694,0.007355013003689237,13.736409040454115,17.117672444233904,-2.5466313824532936,-5.927894786233082,0,False,True,"[""arrestare"", ""cache"", ""cancellare"", ""ferrosync"", ""locale"", ""riavviare"", ""ricorrere"", ""servizio"", ""tecnico""]",completo,,,0.0,False,303b1127a2fa5fd968344ee1901a0b37385d81c886df89a36159abfa27dbce0b,,R260,C_extra,True,True,False,False,True
Confronto,confronto_rtx_2026-09-21,run_011.json,confronto,ticket,procedura_e42,legacy,1,8,0.01,15.0,40,True,10.820459137001308,5.215837270996417,5.583940551005071,0.0009007139888126403,0.019314895005663857,10.191142457174715,10.191142457174715,0.6293166798265926,0.6293166798265926,0,False,True,"[""arrestare"", ""cache"", ""cancellare"", ""ferrosync"", ""locale"", ""riavviare"", ""ricorrere"", ""servizio"", ""tecnico""]",completo,,,0,False,1ba6236c6f27d3a6d7e542687e690e7862bb6070ea279b6faeea48d07810b89e,,R261,C_generic,True,True,False,True,True
Confronto,confronto_rtx_2026-09-21,run_012.json,confronto,ticket,procedura_e42,direct_refresh,1,8,0.01,15.0,31,True,11.911596089004888,3.9817996289930306,7.921273831001599,0.000716010996256955,0.007537715006037615,11.770683622426683,14.855651225181646,0.14091246657820555,-2.9440551361767575,0,False,True,"[""arrestare"", ""cache"", ""cancellare"", ""ferrosync"", ""locale"", ""riavviare"", ""ricorrere"", ""servizio"", ""tecnico""]",completo,,,0.0,False,73394d82f626b8d15bbaf659395b81c4b7fafc252db213271833bbd3c94f44ca,,R262,C_extra,True,True,False,False,True
Confronto,confronto_rtx_2026-09-21,run_013.json,confronto,ticket,procedura_e42,fixed_20,1,8,0.01,30.0,20,True,13.221623300007195,2.638263522996567,10.562694765001652,0.0005877079966012388,0.01960109699575696,9.368130333726487,12.090958624117775,3.853492966280708,1.1306646758894203,0,False,False,[],insufficienti,,,0,False,552a6c8ae70bdcf3b7a5543d9cb764d8c288640e367e1769464e71eb011f93e8,,R263,A,False,False,False,False,False
Confronto,confronto_rtx_2026-09-21,run_014.json,confronto,ticket,procedura_e42,legacy,1,8,0.01,30.0,40,True,11.998263336005039,5.192152877993067,6.797567229004926,0.0010581160022411495,0.007250210008351132,10.191142457174715,10.191142457174715,1.8071208788303235,1.8071208788303235,0,False,True,"[""arrestare"", ""cache"", ""cancellare"", ""ferrosync"", ""locale"", ""riavviare"", ""ricorrere"", ""servizio"", ""tecnico""]",completo,,,0,False,0477c9a68aa1712cc88f8bb20de01a35b691c9559336bac0fffc53e89d29dcb1,,R264,P,False,False,False,False,False
Confronto,confronto_rtx_2026-09-21,run_015.json,confronto,ticket,procedura_e42,direct_static,1,8,0.01,15.0,31,True,10.10142634800286,4.050304789998336,6.0403034949995345,0.0007070110004860908,0.009863548999419436,11.770683622426683,14.855651225181646,-1.6692572744238223,-4.754224877178785,0,False,True,"[""arrestare"", ""cache"", ""cancellare"", ""ferrosync"", ""servizio""]",completo,,,0,False,37a245caf424799074bc9637c723182fc9318ebc9eef87fd15434f7a95301a14,,R265,C_extra,True,True,False,False,True
Confronto,confronto_rtx_2026-09-21,run_016.json,confronto,ticket,procedura_e42,fixed_20,1,8,0.01,15.0,20,True,10.469717487998423,2.4778534659999423,7.9709767080057645,0.0005120080022606999,0.019933899005991407,9.368130333726487,12.090958624117775,1.101587154271936,-1.6212411361193517,0,False,True,"[""arrestare"", ""cache"", ""cancellare"", ""ferrosync"", ""locale"", ""riavviare"", ""ricorrere"", ""servizio"", ""tecnico""]",completo,,,0,False,d5fb9132d3ce5c1b27095a248d3f520ba15068cf1b89aa72d7a37cda196f40fa,,R266,P,False,False,False,False,False
Confronto,confronto_rtx_2026-09-21,run_017.json,confronto,ticket,procedura_e42,fixed_20,2,8,0.01,30.0,20,True,9.776963452997734,2.649152633995982,7.11633994600561,0.0005555079987971112,0.01064936000329908,9.368130333726487,12.090958624117775,0.40883311927124666,-2.313995171120041,0,False,True,"[""arrestare"", ""cache"", ""cancellare"", ""ferrosync"", ""locale"", ""riavviare"", ""ricorrere"", ""servizio"", ""tecnico""]",completo,,,0,False,f740813be02f3c7d1d51daac5fe09fb66ee9cd8ab1fdbaa7114dff2de35da8d4,,R267,C_extra,True,True,False,False,True
Confronto,confronto_rtx_2026-09-21,run_018.json,confronto,ticket,procedura_e42,direct_static,2,8,0.01,15.0,31,True,13.122912143997382,3.867126114986604,9.247474506002618,0.0006503100012196228,0.007416010994347744,11.770683622426683,14.855651225181646,1.3522285215706997,-1.7327390811842633,0,False,False,[],insufficienti,,,0,False,a5d08fb5e48c20c203c53d48beeda6808e7c646e3da81873e2a5b4cd9e8c122a,,R268,A,False,False,False,False,False
Confronto,confronto_rtx_2026-09-21,run_019.json,confronto,ticket,procedura_e42,fixed_20,2,8,0.01,15.0,20,True,15.196464124004706,2.6181578620016808,12.567346899988479,0.0005408079887274653,0.00999854899419006,9.368130333726487,12.090958624117775,5.828333790278219,3.105505499886931,0.1964641240047058,True,False,[],insufficienti,,,0,False,76c0024aff11c8414c6ec532d19d4346ef56e4b7466d31f81eb9d004b1f67850,,R269,A,False,False,False,False,False
Confronto,confronto_rtx_2026-09-21,run_020.json,confronto,ticket,procedura_e42,legacy,2,8,0.01,30.0,40,True,9.079055750000407,5.031837003989494,4.039120026005548,0.0007957110065035522,0.007070505002047867,10.191142457174715,10.191142457174715,-1.1120867071743081,-1.1120867071743081,0,False,True,"[""arrestare"", ""cache"", ""cancellare"", ""ferrosync"", ""riavviare"", ""servizio""]",completo,,,0,False,16d5030b9b1a96fa357d151493cac83c48bd89949a3d6830cf6331c44f720513,,R270,C,True,True,True,True,True
Confronto,confronto_rtx_2026-09-21,run_021.json,confronto,ticket,procedura_e42,direct_static,2,8,0.01,30.0,40,True,11.915194973989855,5.072359354002401,6.8348610020038905,0.0007934109889902174,0.006916703001479618,13.736409040454115,17.117672444233904,-1.8212140664642593,-5.202477470244048,0,False,True,"[""arrestare"", ""cache"", ""cancellare"", ""ferrosync"", ""locale"", ""riavviare"", ""ricorrere"", ""servizio"", ""tecnico""]",completo,,,0,False,41b98af29296b639e474baba2b05b4907941fdd7b72d619f3f31baaa6761b37e,,R271,P,False,False,False,False,False
Confronto,confronto_rtx_2026-09-21,run_022.json,confronto,ticket,procedura_e42,legacy,2,8,0.01,15.0,40,True,11.738734223006759,5.314503230998525,6.415448161002132,0.0009199139894917607,0.007628212988493033,10.191142457174715,10.191142457174715,1.5475917658320437,1.5475917658320437,0,False,True,"[""arrestare"", ""cache"", ""cancellare"", ""ferrosync"", ""servizio""]",completo,,,0,False,90fa556ed87df416740f765a881c83a7393bf3bf46fc7673c2f8e0ad4609c97f,,R272,C_extra,True,True,False,False,True
Confronto,confronto_rtx_2026-09-21,run_023.json,confronto,ticket,procedura_e42,direct_refresh,2,8,0.01,30.0,40,True,15.042216618006933,5.124918546993285,9.909086350002326,0.0008119120029732585,0.007171304998337291,13.736409040454115,17.117672444233904,1.3058075775528177,-2.075455826226971,0,False,True,"[""arrestare"", ""cache"", ""cancellare"", ""ferrosync"", ""locale"", ""riavviare"", ""ricorrere"", ""servizio"", ""tecnico""]",completo,,,0.0,False,1000589ff06a7b5300efe61eefa3d3df4aee6207fa82b3f6caab02b3e2fa09e1,,R273,C_generic,True,True,False,True,True
Confronto,confronto_rtx_2026-09-21,run_024.json,confronto,ticket,procedura_e42,direct_refresh,2,8,0.01,15.0,29,True,9.168256675999146,3.735747024999,5.423677323007723,0.0007007100066402927,0.007850214999052696,11.778654764513096,14.907233062796877,-2.61039808851395,-5.738976386797731,0,False,True,"[""arrestare"", ""cache"", ""cancellare"", ""ferrosync"", ""locale"", ""riavviare"", ""ricorrere"", ""servizio"", ""tecnico""]",completo,,,702.744617999997,True,2a0b24871473ab45091f53424657803371a7bbb5594cfa31989e9653188880d7,,R274,C_generic,True,True,False,True,True
Confronto,confronto_rtx_2026-09-21,run_025.json,confronto,ticket,procedura_e42,direct_refresh,3,8,0.01,30.0,40,True,12.076580353997997,5.147233187992242,6.909087869993527,0.0008477119990857318,0.01896437800314743,14.349924920121945,17.882159643719206,-2.2733445661239475,-5.805579289721209,0,False,True,"[""arrestare"", ""cache"", ""cancellare"", ""ferrosync"", ""locale"", ""riavviare"", ""ricorrere"", ""servizio"", ""tecnico""]",completo,,,0.0,False,ac593816940580eb12dbf204b77ee89e9fceab308d656cd4ccc1510c2321a6d9,,R275,C_extra,True,True,False,False,True
Confronto,confronto_rtx_2026-09-21,run_026.json,confronto,ticket,procedura_e42,direct_refresh,3,8,0.01,15.0,29,True,18.629667542001698,3.7477771670091897,14.87383465799212,0.0007865110092097893,0.007052102999296039,11.778654764513096,14.907233062796877,6.851012777488602,3.7224344792048214,3.629667542001698,True,False,[],insufficienti,,,0.0,False,1c1d1c6da9c3cb857ab0451e599f1c828f7d6aac2ada3daf1e057d3625f1311e,,R276,A,False,False,False,False,False
Confronto,confronto_rtx_2026-09-21,run_027.json,confronto,ticket,procedura_e42,legacy,3,8,0.01,15.0,40,True,11.599640368993278,5.069686406990513,6.521648242007359,0.000838613006635569,0.007228804999613203,10.191142457174715,10.191142457174715,1.4084979118185625,1.4084979118185625,0,False,True,"[""arrestare"", ""cache"", ""cancellare"", ""ferrosync"", ""servizio""]",completo,,,0,False,134acba4165f4f57d7c5594868bd7211c79e7cb737af9e8d7346aa72ef394899,,R277,C,True,True,True,True,True
Confronto,confronto_rtx_2026-09-21,run_028.json,confronto,ticket,procedura_e42,legacy,3,8,0.01,30.0,40,True,11.725872931987396,5.143674020000617,6.573934493004344,0.0009227130067301914,0.007110203005140647,10.191142457174715,10.191142457174715,1.5347304748126813,1.5347304748126813,0,False,True,"[""arrestare"", ""cache"", ""cancellare"", ""ferrosync"", ""locale"", ""riavviare"", ""ricorrere"", ""servizio"", ""tecnico""]",completo,,,0,False,45c8cf0db2244cb1999319964c0af2add0ee4ed5f186ff51ef4bc70f4833ce7e,,R278,P,False,False,False,False,False
Confronto,confronto_rtx_2026-09-21,run_029.json,confronto,ticket,procedura_e42,direct_static,3,8,0.01,30.0,40,True,10.427239370997995,5.303026966998004,5.115583278995473,0.0008556120010325685,0.007539609010564163,13.736409040454115,17.117672444233904,-3.3091696694561197,-6.6904330732359085,0,False,True,"[""arrestare"", ""cache"", ""cancellare"", ""ferrosync"", ""locale"", ""riavviare"", ""ricorrere"", ""servizio"", ""tecnico""]",completo,,,0,False,5ce2d2cd3db19132396f3efc84865bc5f58861bca9da5745deeabda0c33c03e0,,R279,C_extra,True,True,False,False,True
Confronto,confronto_rtx_2026-09-21,run_030.json,confronto,ticket,procedura_e42,direct_static,3,8,0.01,15.0,31,True,12.61584420100553,4.109086954005761,8.498479827001574,0.0008543129952158779,0.007204503999673761,11.770683622426683,14.855651225181646,0.845160578578847,-2.239807024176116,0,False,True,"[""arrestare"", ""cache"", ""cancellare"", ""ferrosync"", ""locale"", ""riavviare"", ""ricorrere"", ""servizio"", ""tecnico""]",completo,,,0,False,a84024379fb28f841d07300ad22fac45ea3948f27df40e0ee315fe3fee30455e,,R280,C_extra,True,True,False,False,True
Confronto,confronto_rtx_2026-09-21,run_031.json,confronto,ticket,procedura_e42,fixed_20,3,8,0.01,30.0,20,True,18.784889143993496,2.478402785010985,16.298469643996214,0.0005192079988773912,0.007295504998182878,9.368130333726487,12.090958624117775,9.416758810267009,6.693930519875721,0,False,False,[],insufficienti,,,0,False,8f7fd301a8e4a4d4fa41b474d65bfc0b5dabe8c955c02ae5d30078d1c9dca30e,,R281,A,False,False,False,False,False
Confronto,confronto_rtx_2026-09-21,run_032.json,confronto,ticket,procedura_e42,fixed_20,3,8,0.01,15.0,20,True,11.625404382008128,2.5383309310127515,9.079218336992199,0.0005470080068334937,0.007102001996827312,9.368130333726487,12.090958624117775,2.2572740482816407,-0.465554242109647,0,False,False,[],insufficienti,,,0,False,0b22217cc0e1e3e90948b8c5cb0676ecdb2e975413717141a8b06503787bf19c,,R282,G,False,False,False,False,False
Confronto,confronto_rtx_2026-09-21,run_033.json,confronto,ticket,procedura_e42,fixed_20,4,8,0.01,30.0,20,True,15.615329749998637,2.703999838005984,12.903345396000077,0.0005908089951844886,0.007179003005148843,9.368130333726487,12.090958624117775,6.247199416272149,3.5243711258808617,0,False,False,[],insufficienti,,,0,False,079177cd5e1f071acf671332a9afb711daef39468c01b2fe4e39c590419a6a82,,R283,A,False,False,False,False,False
Confronto,confronto_rtx_2026-09-21,run_034.json,confronto,ticket,procedura_e42,direct_refresh,4,8,0.01,30.0,40,True,12.204568315006327,5.405860229002428,6.780770329001825,0.0008651129901409149,0.01667273900238797,14.349924920121945,17.882159643719206,-2.1453566051156177,-5.677591328712879,0,False,True,"[""arrestare"", ""cache"", ""cancellare"", ""ferrosync"", ""locale"", ""riavviare"", ""ricorrere"", ""servizio"", ""tecnico""]",completo,,,0.0,False,51794bf0dbba66d744f52222d3abb78335743394c1c3ea68a543d60519ab0529,,R284,C_generic,True,True,False,True,True
Confronto,confronto_rtx_2026-09-21,run_035.json,confronto,ticket,procedura_e42,fixed_20,4,8,0.01,15.0,20,True,10.657936196002993,2.5384412959974725,8.109695560997352,0.0005874089983990416,0.0075044070108560845,9.368130333726487,12.090958624117775,1.2898058622765056,-1.433022428114782,0,False,False,[],insufficienti,,,0,False,66f445e45adb3809a175217b43ee280cda420871546247bc4b38cc76dfd8d246,,R285,A,False,False,False,False,False
Confronto,confronto_rtx_2026-09-21,run_036.json,confronto,ticket,procedura_e42,direct_static,4,8,0.01,30.0,40,True,13.469126005002181,5.173950742013403,8.287070247999509,0.0008342119981534779,0.007020899996859953,13.736409040454115,17.117672444233904,-0.26728303545193377,-3.6485464392317226,0,False,True,"[""arrestare"", ""cache"", ""cancellare"", ""ferrosync"", ""servizio""]",completo,,,0,False,2584768d46eba1bcac54c6276a58c9e5f6ae958643864681561770375d36c6af,,R286,C,True,True,True,True,True
Confronto,confronto_rtx_2026-09-21,run_037.json,confronto,ticket,procedura_e42,direct_refresh,4,8,0.01,15.0,29,True,19.677435747988056,3.668973460997222,16.00031917200249,0.0006989100074861199,0.0072281030006706715,11.778654764513096,14.907233062796877,7.8987809834749605,4.77020268519118,4.677435747988056,True,False,[],insufficienti,,,0.0,False,3b99224116a10eac54c9dd6db861ddc461fb37ae9616a00db6152a507d02f981,,R287,A,False,False,False,False,False
Confronto,confronto_rtx_2026-09-21,run_038.json,confronto,ticket,procedura_e42,legacy,4,8,0.01,30.0,40,True,12.232934125990141,5.267132995999418,6.957549712999025,0.0008478119998471811,0.0071379019937012345,10.191142457174715,10.191142457174715,2.041791668815426,2.041791668815426,0,False,True,"[""arrestare"", ""cache"", ""cancellare"", ""ferrosync"", ""servizio""]",completo,,,0,False,9234e78a2a7089409f81e2ca916ce5f65d20ddcb6b13b23c057f91f0b3cc3c92,,R288,C_extra,True,True,False,False,True
Confronto,confronto_rtx_2026-09-21,run_039.json,confronto,ticket,procedura_e42,direct_static,4,8,0.01,15.0,31,True,13.292001111985883,4.014738916011993,9.269025180008612,0.0008181120065273717,0.007140900997910649,11.770683622426683,14.855651225181646,1.5213174895592,-1.563650113195763,0,False,False,[],insufficienti,,,0,False,77dfd2fd8a9c31c2c7d559864fc5c1e653a4a715e3f20115fa8ef00607797b8b,,R289,A,False,False,False,False,False
Confronto,confronto_rtx_2026-09-21,run_040.json,confronto,ticket,procedura_e42,legacy,4,8,0.01,15.0,40,True,12.578654483004357,5.0369208679912845,7.531798074996914,0.0008240120077971369,0.008629121992271394,10.191142457174715,10.191142457174715,2.3875120258296416,2.3875120258296416,0,False,True,"[""servizio""]",completo,,,0,False,f03c7a8fd29529caa3c267749c071df6efec302bc5272cf67695fe27848258c6,,R290,G,False,False,False,False,False
