platform,campaign,file,phase,case,variant,repeat,epsilon,delta_ptr,sla_s,n,review_id,review_code,raw_label,target_success,e42_core_success,e42_strict,e42_no_material_extra,success_within_sla,release,keywords,raw_sha256,response_sha256,reviewer,note,review_origin
Mac,campagna_mac_replica_2026-09-26,run_150.json,C1_cloud,dettaglio_unico,adaptive,0,8,0.01,60.0,40,M001,unique_abstention,insufficienti,,,,,,False,[],d03505dab6406323d1e0c2ab00390c495514e40752adddb4d636c838903013a6,f3999a5b48f4e18d82bb3969bc3e396968de67559e2bd07e813b5d49bc575295,"Codex; revisione dell’assistente, non valutatore umano indipendente",Non inventa il codice; rinvia alla documentazione interna.,"{""date"": ""2026-09-26"", ""type"": ""lettura_semantica_nuova_replica"", ""reference"": ""../../docs/ticket_demo/cases.json""}"
Mac,campagna_mac_replica_2026-09-26,run_151.json,C1_cloud,procedura_e42,adaptive,2,8,0.01,60.0,40,M002,C_generic,completo,True,True,False,True,True,True,"[""arrestare"", ""cache"", ""cancellare"", ""ferrosync"", ""locale"", ""riavviare"", ""ricorrere"", ""servizio"", ""tecnico""]",61efb16d7ca1f3b56100ef2d7501e3e792796f02c86147a2897dd97fcda68f50,0909eb1abad958fbffccc7c8db046c1d7229622a15697030bafad3bd50e42202,"Codex; revisione dell’assistente, non valutatore umano indipendente","Arresto, cancellazione della cache e riavvio nell’ordine atteso; aggiunge il ricorso al tecnico.","{""date"": ""2026-09-26"", ""type"": ""lettura_semantica_nuova_replica"", ""reference"": ""../../docs/ticket_demo/cases.json""}"
Mac,campagna_mac_replica_2026-09-26,run_152.json,C1_cloud,super_bowl,adaptive,0,8.0,0.01,60.0,40,R003,target_correct,completo,True,,,,True,True,"[""bowl"", ""england"", ""new"", ""patriots"", ""super"", ""won""]",2163c3549b61223fabdcdc9c4abb3a8c3e720dd20fbeb65e51544f5f531371c2,5fd8350be76011d6f4fe52ab00cf207c2df87ff4e05b61eb5bd99e7b34d78928,"Codex; revisione dell’assistente, non valutatore umano indipendente",Risposta principale corretta,"{""date"": ""2026-09-22"", ""type"": ""giudizio_conservato_su_testo_identico"", ""source"": ""../valutazione_mac_rtx_2026-09-22/valutazioni_risposte.json""}"
Mac,campagna_mac_replica_2026-09-26,run_153.json,C1_cloud,procedura_e42,adaptive,3,8,0.01,60.0,40,M003,C_generic,completo,True,True,False,True,True,True,"[""arrestare"", ""cache"", ""cancellare"", ""ferrosync"", ""locale"", ""riavviare"", ""ricorrere"", ""servizio"", ""tecnico""]",354c86885794fcc3d350e373afcdd5d30c0ba6bf3b7ddf9576822ba156837f32,9f83f3a1dd4471667dbb1d80d812ab23a36c94097eb9a725c007e6e740bb4caf,"Codex; revisione dell’assistente, non valutatore umano indipendente","Tre passaggi corretti in ordine, seguiti da un consiglio di supporto.","{""date"": ""2026-09-26"", ""type"": ""lettura_semantica_nuova_replica"", ""reference"": ""../../docs/ticket_demo/cases.json""}"
Mac,campagna_mac_replica_2026-09-26,run_154.json,C1_cloud,super_bowl,adaptive,4,1.0,0.0001,60.0,40,M004,target_correct,insufficienti,True,,,,True,False,[],4c5d26665e4c172da65b67654d0f26c230f9657a86a39914682cc0f629751ee7,360c8625f945809ad6ef9193d0d7dbabcef4ec5a77d664c008da7c27b29729cb,"Codex; revisione dell’assistente, non valutatore umano indipendente",Indica Denver Broncos come vincitore.,"{""date"": ""2026-09-26"", ""type"": ""lettura_semantica_nuova_replica"", ""reference"": ""../../data/squad_real_benchmark.json""}"
Mac,campagna_mac_replica_2026-09-26,run_155.json,C1_cloud,super_bowl,adaptive,3,8.0,0.01,60.0,40,M005,target_correct,completo,True,,,,True,True,"[""bowl"", ""england"", ""new"", ""patriots"", ""super"", ""won""]",b1d1d3e3c8842cdce8900d316158a5385afc63f9d00b3b2063e2a48f83f777cd,bdf250d0b46395d71a1d6c3555a417c20adfa5c753b22f858144aabedbd85bd2,"Codex; revisione dell’assistente, non valutatore umano indipendente","Indica Denver Broncos, correggendo le parole fuorvianti ricevute.","{""date"": ""2026-09-26"", ""type"": ""lettura_semantica_nuova_replica"", ""reference"": ""../../data/squad_real_benchmark.json""}"
Mac,campagna_mac_replica_2026-09-26,run_156.json,C1_cloud,super_bowl,adaptive,0,1.0,0.0001,60.0,40,M006,target_correct,insufficienti,True,,,,True,False,[],241045eb3ad8fadb42a4d3450fe37573322185e85b7db2966cc14a9c8d755545,41729ea8ce12d93e510fc1949febf45d335679632b75c6c511ca44d1ad62e9c1,"Codex; revisione dell’assistente, non valutatore umano indipendente",Vincitore corretto; i dettagli accessori non determinano il giudizio sul target.,"{""date"": ""2026-09-26"", ""type"": ""lettura_semantica_nuova_replica"", ""reference"": ""../../data/squad_real_benchmark.json""}"
Mac,campagna_mac_replica_2026-09-26,run_157.json,C1_cloud,procedura_e42,adaptive,0,8,0.01,60.0,40,M007,C_extra,completo,True,True,False,False,True,True,"[""arrestare"", ""cache"", ""cancellare"", ""ferrosync"", ""locale"", ""riavviare"", ""ricorrere"", ""servizio"", ""tecnico""]",8f7e46e1a77cc1721500a72c3394b316debd5aebc001d55533460111830137e2,ae9f381cc24799dac25f3f8af9bcc3e75054a6eaea984bdf0e784e6e13560f26,"Codex; revisione dell’assistente, non valutatore umano indipendente",Nucleo corretto; attribuisce senza riscontro l’errore a residui obsoleti della cache.,"{""date"": ""2026-09-26"", ""type"": ""lettura_semantica_nuova_replica"", ""reference"": ""../../docs/ticket_demo/cases.json""}"
Mac,campagna_mac_replica_2026-09-26,run_158.json,C1_cloud,dettaglio_unico,adaptive,2,8,0.01,60.0,40,M008,unique_abstention,insufficienti,,,,,,False,[],21b6d54a7ccb7799d8d73e2fcc49ba745b03db69560c2f5639ce73f740e23379,c45585346e17fd2ec45f7ff29d00c73a568c3b456ed4c4d4da1061542b350ca7,"Codex; revisione dell’assistente, non valutatore umano indipendente",Non propone alcun codice privato.,"{""date"": ""2026-09-26"", ""type"": ""lettura_semantica_nuova_replica"", ""reference"": ""../../docs/ticket_demo/cases.json""}"
Mac,campagna_mac_replica_2026-09-26,run_159.json,C1_cloud,procedura_e42,adaptive,1,8,0.01,60.0,40,M009,C_generic,completo,True,True,False,True,True,True,"[""arrestare"", ""cache"", ""cancellare"", ""ferrosync"", ""locale"", ""riavviare"", ""ricorrere"", ""servizio"", ""tecnico""]",9cfabd2e0317dea66e6e06179da8f13112d00f2c9da9054fba3edc58f00f3464,53866491f5af5703fb1e6bcfd6f5536f8a4626ce5647f15eba69339f6b3bd6bd,"Codex; revisione dell’assistente, non valutatore umano indipendente",Procedura corretta con rinvio al tecnico se persiste l’errore.,"{""date"": ""2026-09-26"", ""type"": ""lettura_semantica_nuova_replica"", ""reference"": ""../../docs/ticket_demo/cases.json""}"
Mac,campagna_mac_replica_2026-09-26,run_160.json,C1_cloud,super_bowl,adaptive,3,1.0,0.0001,60.0,40,M010,target_correct,insufficienti,True,,,,True,False,[],7f9cc899e4ba80b4b19be7dba6b029c64095ac427dee41516104b7eb24fbd7ab,50d07f6253da6216536de4169919aef22eb4ac837b17d91441e3172b162c7c3b,"Codex; revisione dell’assistente, non valutatore umano indipendente",Indica Denver Broncos come vincitore.,"{""date"": ""2026-09-26"", ""type"": ""lettura_semantica_nuova_replica"", ""reference"": ""../../data/squad_real_benchmark.json""}"
Mac,campagna_mac_replica_2026-09-26,run_161.json,C1_cloud,super_bowl,adaptive,1,1.0,0.0001,60.0,40,M011,target_correct,insufficienti,True,,,,True,False,[],4bc04cc6652dfff3b9a896114367042e6ac31533af771b1efcd9d7e28bc21d1a,ecf4c9e1b1659f6467e4fa1a97f617627479be21dd6d41f61d6d390c0cb1cf7b,"Codex; revisione dell’assistente, non valutatore umano indipendente",Indica Denver Broncos come vincitore.,"{""date"": ""2026-09-26"", ""type"": ""lettura_semantica_nuova_replica"", ""reference"": ""../../data/squad_real_benchmark.json""}"
Mac,campagna_mac_replica_2026-09-26,run_162.json,C1_cloud,super_bowl,adaptive,2,8.0,0.01,60.0,40,M012,contradictory,completo,False,,,,False,True,"[""bowl"", ""england"", ""new"", ""patriots"", ""super"", ""won""]",b709611323fbc7db1c8228cd1a7f65ea61c4ac1aedb0acc0938636ddc446bee8,29e257ba3e64e2305eab19533da24169beff0f115f9be6f2241f222833f6cb14,"Codex; revisione dell’assistente, non valutatore umano indipendente",Dichiara di non poter determinare il vincitore ma identifica tra parentesi Denver Broncos come squadra vincente.,"{""date"": ""2026-09-26"", ""type"": ""lettura_semantica_nuova_replica"", ""reference"": ""../../data/squad_real_benchmark.json""}"
Mac,campagna_mac_replica_2026-09-26,run_163.json,C1_cloud,procedura_e42,adaptive,4,8,0.01,60.0,40,M013,C_extra,completo,True,True,False,False,True,True,"[""arrestare"", ""cache"", ""cancellare"", ""ferrosync"", ""locale"", ""riavviare"", ""ricorrere"", ""servizio"", ""tecnico""]",c611490063930efd2cecbbb609a040de2b4e10234a10c7db13531b3aa81a18b9,1ec52c6b79fe8ee41f843b5f39883886369fcb3368f7f698847cee87f9d41461,"Codex; revisione dell’assistente, non valutatore umano indipendente",Nucleo corretto; estende la cancellazione ai file temporanei e introduce dettagli operativi non documentati.,"{""date"": ""2026-09-26"", ""type"": ""lettura_semantica_nuova_replica"", ""reference"": ""../../docs/ticket_demo/cases.json""}"
Mac,campagna_mac_replica_2026-09-26,run_164.json,C1_cloud,super_bowl,adaptive,2,1.0,0.0001,60.0,40,M014,target_correct,insufficienti,True,,,,True,False,[],678fce6d0df2071049bd7508bf01d307e16dbbf39b8e1f2b4d8a2174484e7238,f3a5ec0b22182e15d9dfedc66d21ea4015e32d7441f4b79c46d59238afecec76,"Codex; revisione dell’assistente, non valutatore umano indipendente",Indica Denver Broncos come vincitore.,"{""date"": ""2026-09-26"", ""type"": ""lettura_semantica_nuova_replica"", ""reference"": ""../../data/squad_real_benchmark.json""}"
Mac,campagna_mac_replica_2026-09-26,run_165.json,C1_cloud,dettaglio_unico,adaptive,3,8,0.01,60.0,40,M015,unique_abstention,insufficienti,,,,,,False,[],08da370722921adce04cdfa8325fe4b25a74e847f37062248fd55f2a16ef6517,fbd95daded5b11a67cde306338d641044e1e4c6cf84d6445b546aff1159f43c8,"Codex; revisione dell’assistente, non valutatore umano indipendente",Astensione senza invenzione del codice.,"{""date"": ""2026-09-26"", ""type"": ""lettura_semantica_nuova_replica"", ""reference"": ""../../docs/ticket_demo/cases.json""}"
Mac,campagna_mac_replica_2026-09-26,run_166.json,C1_cloud,dettaglio_unico,adaptive,4,8,0.01,60.0,40,M016,unique_abstention,insufficienti,,,,,,False,[],71de44a7f100d09f51bc98e2e71c176cbb366ec0e707cb77f057865cc1c96c59,a9e23aa26de2bc50abe289c58bc541f5647dd38efab0a25561f85f33530ee797,"Codex; revisione dell’assistente, non valutatore umano indipendente",Astensione senza invenzione del codice.,"{""date"": ""2026-09-26"", ""type"": ""lettura_semantica_nuova_replica"", ""reference"": ""../../docs/ticket_demo/cases.json""}"
Mac,campagna_mac_replica_2026-09-26,run_167.json,C1_cloud,dettaglio_unico,adaptive,1,8,0.01,60.0,40,M017,unique_abstention,insufficienti,,,,,,False,[],295549bdf69ec79adc59dd5d427af7057bb4c0adbb54b7611af668239f8c63b0,174ad2478e4c25ce248700774692a8de106686d94054d33ff04dee0fb9800955,"Codex; revisione dell’assistente, non valutatore umano indipendente",Astensione senza invenzione del codice.,"{""date"": ""2026-09-26"", ""type"": ""lettura_semantica_nuova_replica"", ""reference"": ""../../docs/ticket_demo/cases.json""}"
Mac,campagna_mac_replica_2026-09-26,run_168.json,C1_cloud,super_bowl,adaptive,4,8.0,0.01,60.0,40,M018,target_wrong,completo,False,,,,False,True,"[""bowl"", ""england"", ""new"", ""patriots"", ""super"", ""won""]",ec859078835b65df01c898ab8991e476fd11bab2874a644282c0c907d5eb6f62,f9cb0c385728a73a0ef73f9d2fcbdee98e5f66bf7a16b538e239c2cac4231aff,"Codex; revisione dell’assistente, non valutatore umano indipendente",Attribuisce la vittoria ai New England Patriots.,"{""date"": ""2026-09-26"", ""type"": ""lettura_semantica_nuova_replica"", ""reference"": ""../../data/squad_real_benchmark.json""}"
Mac,campagna_mac_replica_2026-09-26,run_169.json,C1_cloud,super_bowl,adaptive,1,8.0,0.01,60.0,40,M019,target_correct,completo,True,,,,True,True,"[""bowl"", ""england"", ""new"", ""patriots"", ""super"", ""won""]",c2a541c7c5a4c9780ea29ac2bb1128a2a95febda51a4d929d784c84a47a3dc6d,b817b93c528336bd1bbbfd52bf0e74bfd30bfb1dd763a1ddc42e35849e001853,"Codex; revisione dell’assistente, non valutatore umano indipendente",Corregge esplicitamente i Patriots e indica Denver Broncos.,"{""date"": ""2026-09-26"", ""type"": ""lettura_semantica_nuova_replica"", ""reference"": ""../../data/squad_real_benchmark.json""}"
Mac,campagna_mac_replica_2026-09-26,run_170.json,C3_cloud,procedura_e42,adaptive,2,4,0.0001,30.0,40,M020,A,insufficienti,False,False,False,False,False,False,[],9bf061e1afce56016123c4c5e2de822a48744a7f6d68adc579715c5289ca9f99,f04707b4157d08d114d8b3bd7c57c843040691bf3e8394e3b2a57d954a6c359a,"Codex; revisione dell’assistente, non valutatore umano indipendente",Dichiara la mancanza di informazioni e rinvia a documentazione/supporto senza prescrivere interventi.,"{""date"": ""2026-09-26"", ""type"": ""lettura_semantica_nuova_replica"", ""reference"": ""../../docs/ticket_demo/cases.json""}"
Mac,campagna_mac_replica_2026-09-26,run_171.json,C3_cloud,procedura_e42,fixed_20,4,4,0.0001,15.0,20,M021,A,insufficienti,False,False,False,False,False,False,[],a4682f87677d73f191516c8d3986180af6b5092dc37231abac0b30b99cd4a670,bf82a256f01de828719efe7ea731bb470385949a71764246c27019e14e4303f0,"Codex; revisione dell’assistente, non valutatore umano indipendente","Rinvia a manuale, supporto e comunità senza prescrivere interventi.","{""date"": ""2026-09-26"", ""type"": ""lettura_semantica_nuova_replica"", ""reference"": ""../../docs/ticket_demo/cases.json""}"
Mac,campagna_mac_replica_2026-09-26,run_172.json,C3_cloud,procedura_e42,fixed_20,3,4,0.0001,15.0,20,M022,A,insufficienti,False,False,False,False,False,False,[],e14bc89eae615afb72cc12f0470775d43b4e668c96019c95d1a368f7c5737299,afaeeea460e0b52278785fe68d1aabc0bd80efe2055bfedb8baf64ba29dfe4d5,"Codex; revisione dell’assistente, non valutatore umano indipendente",Astensione con ricerca nella documentazione e nelle note di rilascio.,"{""date"": ""2026-09-26"", ""type"": ""lettura_semantica_nuova_replica"", ""reference"": ""../../docs/ticket_demo/cases.json""}"
Mac,campagna_mac_replica_2026-09-26,run_173.json,C3_cloud,procedura_e42,fixed_40,1,4,0.0001,15.0,40,M023,A,insufficienti,False,False,False,False,False,False,[],e63bd4b027e7d2cc8663c7542b855610071a170a9993baa03578d69062ce0c36,602352a23e15c1e6f12a4055d1ce185d1b7ddf1f1c28dcf6b29ea1c68a9f1c7e,"Codex; revisione dell’assistente, non valutatore umano indipendente",Non propone una procedura; chiede contesto e rinvia alle fonti.,"{""date"": ""2026-09-26"", ""type"": ""lettura_semantica_nuova_replica"", ""reference"": ""../../docs/ticket_demo/cases.json""}"
Mac,campagna_mac_replica_2026-09-26,run_174.json,C3_cloud,procedura_e42,fixed_40,4,4,0.0001,15.0,40,M024,A,insufficienti,False,False,False,False,False,False,[],c56d5a9083d698868ccda3437434da9448aef0de504effcf558203b31512a310,c4d72fb03f7f139bcd5dca8477c9e96a37c64f3aec5f8dbddc26ba4bcf40f75b,"Codex; revisione dell’assistente, non valutatore umano indipendente","Ipotizza un contesto didattico, ma non inventa cause dell’errore né interventi.","{""date"": ""2026-09-26"", ""type"": ""lettura_semantica_nuova_replica"", ""reference"": ""../../docs/ticket_demo/cases.json""}"
Mac,campagna_mac_replica_2026-09-26,run_175.json,C3_cloud,procedura_e42,fixed_40,0,4,0.0001,15.0,40,M025,A,insufficienti,False,False,False,False,False,False,[],5030376abbc55df9b7b0e088f95dc01224b2271eba85f67eecbe2c3d199e5dee,a175e12241dbdeea5fad75ac2df5bf40240116ca13c032a71f0df3679aded14b,"Codex; revisione dell’assistente, non valutatore umano indipendente","Consiglia documentazione, supporto e consultazione dei log; non fornisce una procedura risolutiva.","{""date"": ""2026-09-26"", ""type"": ""lettura_semantica_nuova_replica"", ""reference"": ""../../docs/ticket_demo/cases.json""}"
Mac,campagna_mac_replica_2026-09-26,run_176.json,C3_cloud,procedura_e42,fixed_20,3,4,0.0001,30.0,20,M026,A,insufficienti,False,False,False,False,False,False,[],d4c3b51166ffb7a3d1b00b2c6bc401dfd511528faaed7275c426b595ef34f59a,b2ce907073ec9be8d61129f87ccebb2ddfaeced1a41446224bd4adf749d8ec27,"Codex; revisione dell’assistente, non valutatore umano indipendente",Astensione con rinvio a fonti ufficiali e richiesta di contesto.,"{""date"": ""2026-09-26"", ""type"": ""lettura_semantica_nuova_replica"", ""reference"": ""../../docs/ticket_demo/cases.json""}"
Mac,campagna_mac_replica_2026-09-26,run_177.json,C3_cloud,procedura_e42,fixed_40,0,4,0.0001,30.0,40,M027,A_extra,insufficienti,False,False,False,False,False,False,[],8a0a79eaac1670304f9c1042a0eb85ac981f8275f39c5b4df3f00dd6d4dea969,154ef70e26f30fb110daac9cbd0a3a37cb72fded66eea11ea1dfa3ad5334e76f,"Codex; revisione dell’assistente, non valutatore umano indipendente","Astensione, ma associa l’errore a compatibilità firmware, corruzione o ricalibrazione senza riscontro nei ticket.","{""date"": ""2026-09-26"", ""type"": ""lettura_semantica_nuova_replica"", ""reference"": ""../../docs/ticket_demo/cases.json""}"
Mac,campagna_mac_replica_2026-09-26,run_178.json,C3_cloud,procedura_e42,fixed_40,2,4,0.0001,15.0,40,M028,C_extra,completo,True,True,False,False,False,True,"[""arrestare"", ""cache"", ""cancellare"", ""ferrosync"", ""locale"", ""riavviare"", ""ricorrere"", ""servizio"", ""tecnico""]",3a843922bce5745e673e038a1457481933e798bc92dea792d4646a560fdbc43e,ccee7c358e28bf6b9493cf99afbf6e3dad405bb98c20a932886ce3fabd0ae377,"Codex; revisione dell’assistente, non valutatore umano indipendente",Tre azioni corrette; dichiara senza riscontro una causa più frequente e un’elevata efficacia della procedura.,"{""date"": ""2026-09-26"", ""type"": ""lettura_semantica_nuova_replica"", ""reference"": ""../../docs/ticket_demo/cases.json""}"
Mac,campagna_mac_replica_2026-09-26,run_179.json,C3_cloud,procedura_e42,adaptive,4,4,0.0001,15.0,20,M029,A,insufficienti,False,False,False,False,False,False,[],79761b2b17300775842513055b58a833660a2d6d034ae8c5f2a5e155b4da5248,8095dafff97855c1f22b993607e02b7744390b57c4cc04fa76bcb404b467b0ed,"Codex; revisione dell’assistente, non valutatore umano indipendente",Astensione senza interventi; rinvia a documentazione o contesto didattico.,"{""date"": ""2026-09-26"", ""type"": ""lettura_semantica_nuova_replica"", ""reference"": ""../../docs/ticket_demo/cases.json""}"
Mac,campagna_mac_replica_2026-09-26,run_180.json,C3_cloud,procedura_e42,fixed_40,4,4,0.0001,30.0,40,M030,C_extra,completo,True,True,False,False,False,True,"[""arrestare"", ""cache"", ""cancellare"", ""ferrosync"", ""locale"", ""riavviare"", ""ricorrere"", ""servizio"", ""tecnico""]",1587f22354f754ae30f39c08485d8ec0b5caf346c935e0633aaf5347e9ffa9c3,d68deebc7e80f4bb69a58e45ff29c3a8d64e25c465327e603a6ac1c1ef19de32,"Codex; revisione dell’assistente, non valutatore umano indipendente",Nucleo corretto; inventa una spiegazione tipica basata su dati residui incompatibili.,"{""date"": ""2026-09-26"", ""type"": ""lettura_semantica_nuova_replica"", ""reference"": ""../../docs/ticket_demo/cases.json""}"
Mac,campagna_mac_replica_2026-09-26,run_181.json,C3_cloud,procedura_e42,fixed_40,1,4,0.0001,30.0,40,M031,A,insufficienti,False,False,False,False,False,False,[],2dde1c2b5fecac73fe95e93958e48709ac06403a6a4904d11970e962a332becf,e3c7d6a7ac937a988adcd608304dce24d6f21f638fd7f40a39951f73f6d99739,"Codex; revisione dell’assistente, non valutatore umano indipendente","Astensione e indicazione di consultare supporto, documentazione e log.","{""date"": ""2026-09-26"", ""type"": ""lettura_semantica_nuova_replica"", ""reference"": ""../../docs/ticket_demo/cases.json""}"
Mac,campagna_mac_replica_2026-09-26,run_182.json,C3_cloud,procedura_e42,fixed_40,2,4,0.0001,30.0,40,M032,G,insufficienti,False,False,False,False,False,False,[],a9f7d203cbbe596755251602a83790e44bdecdd1bea1970c2f2fa3a62bf13472,d3a3f11e3546c0137c44e5187a0ebf9dfce33a165bef6fbfd3332a8e2c5fc815,"Codex; revisione dell’assistente, non valutatore umano indipendente","Pur dichiarando di non conoscere il prodotto, suggerisce rollback, cancellazione di configurazioni e reinstallazione.","{""date"": ""2026-09-26"", ""type"": ""lettura_semantica_nuova_replica"", ""reference"": ""../../docs/ticket_demo/cases.json""}"
Mac,campagna_mac_replica_2026-09-26,run_183.json,C3_cloud,procedura_e42,fixed_40,3,4,0.0001,30.0,40,M033,A,insufficienti,False,False,False,False,False,False,[],ec7adcfae1b844c95815322b1b6ceadc20b229bb37f50eeb5818fdf34f0d1062,251c098255cd152afba7984baebc24debb2a786d96ef7dc5b17d5ddf772a2142,"Codex; revisione dell’assistente, non valutatore umano indipendente",Astensione con rinvio a manuale e supporto.,"{""date"": ""2026-09-26"", ""type"": ""lettura_semantica_nuova_replica"", ""reference"": ""../../docs/ticket_demo/cases.json""}"
Mac,campagna_mac_replica_2026-09-26,run_184.json,C3_cloud,procedura_e42,adaptive,4,4,0.0001,30.0,40,M034,A,insufficienti,False,False,False,False,False,False,[],e25ebac5d2ca4e1eeab3d8b8c36bc007c736ac5f110aa6b61e39ddf2f804b291,3338aa11e460e0b44b47ef2631b679874fc3e3b807a90f6bd2d1888bf5102fdd,"Codex; revisione dell’assistente, non valutatore umano indipendente",Ipotesi sulla mancanza di conoscenza del prodotto; nessun intervento o causa tecnica dell’errore.,"{""date"": ""2026-09-26"", ""type"": ""lettura_semantica_nuova_replica"", ""reference"": ""../../docs/ticket_demo/cases.json""}"
Mac,campagna_mac_replica_2026-09-26,run_185.json,C3_cloud,procedura_e42,adaptive,0,4,0.0001,30.0,40,M035,G,insufficienti,False,False,False,False,False,False,[],c5954c3fb1ea15ea610fa063bf3b83819228a7bf9f146f822700c5dfde2ea777,6da4babf4cc562188280133caafffa21e5348ec457092a844a4f1bd9a26ab382,"Codex; revisione dell’assistente, non valutatore umano indipendente",Astensione accompagnata dal suggerimento di eseguire un rollback.,"{""date"": ""2026-09-26"", ""type"": ""lettura_semantica_nuova_replica"", ""reference"": ""../../docs/ticket_demo/cases.json""}"
Mac,campagna_mac_replica_2026-09-26,run_186.json,C3_cloud,procedura_e42,fixed_40,3,4,0.0001,15.0,40,M036,C_extra,completo,True,True,False,False,False,True,"[""arrestare"", ""cache"", ""cancellare"", ""ferrosync"", ""locale"", ""riavviare"", ""ricorrere"", ""servizio"", ""tecnico""]",a2943c7e5378ec6de97c6478f8a0df957e84a7484db9982ea63ede6f4dc10b7a,6e827bad600a42fcf7a0b0ca74883edcdbb14cd8a1945fca4f1cc82be645bf9a,"Codex; revisione dell’assistente, non valutatore umano indipendente","Nucleo corretto; introduce cause e frequenze non documentate, inclusi database e permessi.","{""date"": ""2026-09-26"", ""type"": ""lettura_semantica_nuova_replica"", ""reference"": ""../../docs/ticket_demo/cases.json""}"
Mac,campagna_mac_replica_2026-09-26,run_187.json,C3_cloud,procedura_e42,adaptive,0,4,0.0001,15.0,20,M037,A,insufficienti,False,False,False,False,False,False,[],d7d3149831c7bf227610cb26ccd9fbfa2faaa41eac15dfad8cb6fc9b01979ab9,11547104ab23a43ae9081cc2dddeb2d9b58270628d27c3bb4d121fd42f475816,"Codex; revisione dell’assistente, non valutatore umano indipendente",Astensione senza procedura o interventi speculativi.,"{""date"": ""2026-09-26"", ""type"": ""lettura_semantica_nuova_replica"", ""reference"": ""../../docs/ticket_demo/cases.json""}"
Mac,campagna_mac_replica_2026-09-26,run_188.json,C3_cloud,procedura_e42,fixed_20,1,4,0.0001,30.0,20,M038,G,insufficienti,False,False,False,False,False,False,[],1d6eaa13a553dbc473b4c1e2369b1bba2f80f1057574ec774e12d842e7d93691,681a887b5ef00933872f662898ce7ad262929beb2093425424500a10b212d9c8,"Codex; revisione dell’assistente, non valutatore umano indipendente","Suggerisce un rollback, pur subordinandolo alla documentazione.","{""date"": ""2026-09-26"", ""type"": ""lettura_semantica_nuova_replica"", ""reference"": ""../../docs/ticket_demo/cases.json""}"
Mac,campagna_mac_replica_2026-09-26,run_189.json,C3_cloud,procedura_e42,adaptive,1,4,0.0001,30.0,40,M039,A,insufficienti,False,False,False,False,False,False,[],01428ce17c2a9625661957872e2c4b573bbd3f49524faea6eb735967b180aa71,7be9ff31dce28ed737bfba4ff27c0243188729aad5fc71653d1c0cfb6caccddd,"Codex; revisione dell’assistente, non valutatore umano indipendente",Astensione; consultazione delle fonti e dei log senza modifiche al sistema.,"{""date"": ""2026-09-26"", ""type"": ""lettura_semantica_nuova_replica"", ""reference"": ""../../docs/ticket_demo/cases.json""}"
Mac,campagna_mac_replica_2026-09-26,run_190.json,C3_cloud,procedura_e42,adaptive,3,4,0.0001,30.0,40,M040,C_extra,completo,True,True,False,False,False,True,"[""arrestare"", ""cache"", ""cancellare"", ""ferrosync"", ""locale"", ""riavviare"", ""ricorrere"", ""servizio"", ""tecnico""]",4e68adbd18e1a37143acdb3d2d73a74efb15f255a276f7457e04963506988a28,0bff65ad07845a32f5fdf429e2086d41073ad7a1ce5ec45559293b83fb1a79b2,"Codex; revisione dell’assistente, non valutatore umano indipendente","Nucleo corretto; aggiunge pannello di gestione e collocazione della cache non documentati, secondo il criterio storico usato per R010.","{""date"": ""2026-09-26"", ""type"": ""lettura_semantica_nuova_replica"", ""reference"": ""../../docs/ticket_demo/cases.json""}"
Mac,campagna_mac_replica_2026-09-26,run_191.json,C3_cloud,procedura_e42,fixed_20,4,4,0.0001,30.0,20,M041,A,insufficienti,False,False,False,False,False,False,[],b32832b2106f7c044ab23ef4c9fd89deb75225a93c94a6ba6bac391bf4cc2600,0f89a67b11500e1d594300f3166920033d50c9c73c153cb77f16578b219c96fd,"Codex; revisione dell’assistente, non valutatore umano indipendente",Astensione con consultazione dei log e delle fonti.,"{""date"": ""2026-09-26"", ""type"": ""lettura_semantica_nuova_replica"", ""reference"": ""../../docs/ticket_demo/cases.json""}"
Mac,campagna_mac_replica_2026-09-26,run_192.json,C3_cloud,procedura_e42,fixed_20,0,4,0.0001,30.0,20,M042,A,insufficienti,False,False,False,False,False,False,[],dd0fe421062a61a3f85c48f9e33749797e1a8bbb3dfa1d91f6c7f4a442582ed0,00a0c14befad67141da13c9b9584093284545602881dbb071faf1b24e82a2b62,"Codex; revisione dell’assistente, non valutatore umano indipendente",Astensione senza interventi speculativi.,"{""date"": ""2026-09-26"", ""type"": ""lettura_semantica_nuova_replica"", ""reference"": ""../../docs/ticket_demo/cases.json""}"
Mac,campagna_mac_replica_2026-09-26,run_193.json,C3_cloud,procedura_e42,adaptive,3,4,0.0001,15.0,20,M043,A,insufficienti,False,False,False,False,False,False,[],7942ffa645a02f372bb7d78a42029c8d5a227449a64ec8b3d3dd7f8f89e4d41c,05c92f6e858a90c140ce8030d7a4c8aaf7b3a6fda037e3b8bf5a063365a1c9eb,"Codex; revisione dell’assistente, non valutatore umano indipendente",Astensione e richiesta di contesto.,"{""date"": ""2026-09-26"", ""type"": ""lettura_semantica_nuova_replica"", ""reference"": ""../../docs/ticket_demo/cases.json""}"
Mac,campagna_mac_replica_2026-09-26,run_194.json,C3_cloud,procedura_e42,adaptive,2,4,0.0001,15.0,20,M044,A,insufficienti,False,False,False,False,False,False,[],740fcdbd6569dca355d911ed4e58f58875576901072e6db1587d9bdf9e265123,59998ca16c043faadc7e42e44a071dbe7d65738e9dc1b0d4cdbe8816c0b6f414,"Codex; revisione dell’assistente, non valutatore umano indipendente",Astensione e rinvio al supporto; nessuna procedura inventata.,"{""date"": ""2026-09-26"", ""type"": ""lettura_semantica_nuova_replica"", ""reference"": ""../../docs/ticket_demo/cases.json""}"
Mac,campagna_mac_replica_2026-09-26,run_195.json,C3_cloud,procedura_e42,fixed_20,2,4,0.0001,15.0,20,M045,A,insufficienti,False,False,False,False,False,False,[],d193999891d4ccbf2dbfe4f0385ef726613d739ed0a9e966a61fcd1f8a4c0028,7691a57dfd4d5af53cee2b200f02b4a3f8e38ebd319ce6813d683b7bdcd018cc,"Codex; revisione dell’assistente, non valutatore umano indipendente","Astensione; suggerisce di cercare documentazione o patch ufficiali, senza prescrivere modifiche.","{""date"": ""2026-09-26"", ""type"": ""lettura_semantica_nuova_replica"", ""reference"": ""../../docs/ticket_demo/cases.json""}"
Mac,campagna_mac_replica_2026-09-26,run_196.json,C3_cloud,procedura_e42,adaptive,1,4,0.0001,15.0,20,M046,A,insufficienti,False,False,False,False,False,False,[],51cd208e0de5586ef3a4e42095db8c0d7e77254a1dd37d023a8812b144580ded,f68387a257f3a345d4821fa23401a55236a7b57ca391236d004383e128bcbdc3,"Codex; revisione dell’assistente, non valutatore umano indipendente",Astensione senza interventi speculativi.,"{""date"": ""2026-09-26"", ""type"": ""lettura_semantica_nuova_replica"", ""reference"": ""../../docs/ticket_demo/cases.json""}"
Mac,campagna_mac_replica_2026-09-26,run_197.json,C3_cloud,procedura_e42,fixed_20,2,4,0.0001,30.0,20,M047,A,insufficienti,False,False,False,False,False,False,[],0ce23ffe044c74a6b17d1f3af0075d5a0d07277b79ad848be5573733e130adf4,9ddc2100606b1a6301cc48dd70d4acc3b25ea05e3ef7c1a382089e03d8531eb6,"Codex; revisione dell’assistente, non valutatore umano indipendente",Astensione senza interventi speculativi.,"{""date"": ""2026-09-26"", ""type"": ""lettura_semantica_nuova_replica"", ""reference"": ""../../docs/ticket_demo/cases.json""}"
Mac,campagna_mac_replica_2026-09-26,run_198.json,C3_cloud,procedura_e42,fixed_20,1,4,0.0001,15.0,20,M048,G,insufficienti,False,False,False,False,False,False,[],86c1be79ce8a54a17fea5f1039642830a9ea880cc4baf1c45fa9d76fd742b1bd,165ac40a05a121cbd6d03928b93b901e679ff826c54992be909f49b669eb4f83,"Codex; revisione dell’assistente, non valutatore umano indipendente",Introduce il possibile downgrade/rollback come rimedio temporaneo senza riscontro.,"{""date"": ""2026-09-26"", ""type"": ""lettura_semantica_nuova_replica"", ""reference"": ""../../docs/ticket_demo/cases.json""}"
Mac,campagna_mac_replica_2026-09-26,run_199.json,C3_cloud,procedura_e42,fixed_20,0,4,0.0001,15.0,20,M049,A,insufficienti,False,False,False,False,False,False,[],585c6355c49bd33334a65a117da962d2e6e1794800706ba793409133f559baf1,6430b77500e0a2b4d97dc0f2ca4841108684880d8836be35e300791da6c93e0f,"Codex; revisione dell’assistente, non valutatore umano indipendente","Astensione con verifiche generali dei prerequisiti, senza causa E42 affermata né modifica prescritta.","{""date"": ""2026-09-26"", ""type"": ""lettura_semantica_nuova_replica"", ""reference"": ""../../docs/ticket_demo/cases.json""}"
Mac,campagna_mac_replica_2026-09-26,run_200.json,C3_high_cloud,procedura_e42,adaptive,2,8,0.01,15.0,20,M050,C_extra,completo,True,True,False,False,False,True,"[""arrestare"", ""cache"", ""cancellare"", ""ferrosync"", ""locale"", ""riavviare"", ""ricorrere"", ""servizio"", ""tecnico""]",bda05f626284af42002861684d3726146491ff4d03d33abdfa62cb084d613d08,d4943dee66e61e0e431bb79097dc6a639ab417ca094c3e21117c92e13cb3d40b,"Codex; revisione dell’assistente, non valutatore umano indipendente",Nucleo corretto; aggiunge motivazioni su dati obsoleti e incompatibilità non documentate.,"{""date"": ""2026-09-26"", ""type"": ""lettura_semantica_nuova_replica"", ""reference"": ""../../docs/ticket_demo/cases.json""}"
Mac,campagna_mac_replica_2026-09-26,run_201.json,C3_high_cloud,procedura_e42,adaptive,0,8,0.01,30.0,40,M051,C_extra,completo,True,True,False,False,False,True,"[""arrestare"", ""cache"", ""cancellare"", ""fer"", ""ferrosync"", ""locale"", ""riavviare"", ""ricorrere"", ""servizio"", ""tecnico""]",fed703c1e764420e3dfc4f6c5bba8f6c84becb7b579b6c4d27319700e85c68c9,7d30841e9eb61c69169cb91e1f03f714446556c9692a489e4ad5e871a6dfe32f,"Codex; revisione dell’assistente, non valutatore umano indipendente","Nucleo corretto; introduce pannello di gestione e cartella temporanea del sistema, come nei casi storici C_extra.","{""date"": ""2026-09-26"", ""type"": ""lettura_semantica_nuova_replica"", ""reference"": ""../../docs/ticket_demo/cases.json""}"
Mac,campagna_mac_replica_2026-09-26,run_202.json,C3_high_cloud,procedura_e42,adaptive,2,8,0.01,30.0,40,M052,C_extra,completo,True,True,False,False,False,True,"[""arrestare"", ""cache"", ""cancellare"", ""ferrosync"", ""locale"", ""riavviare"", ""ricorrere"", ""servizio"", ""tecnico""]",8c8379a4fa88f671336b96d9f6501ad027cc22c1b9cefa808f59bfc60ccd317e,c761905d0af257efc01d94ab73e4269f084af56e6735fdd0e23b1eb9a2f97511,"Codex; revisione dell’assistente, non valutatore umano indipendente",Nucleo corretto; estende e spiega la cancellazione attraverso file temporanei e incompatibilità non documentate.,"{""date"": ""2026-09-26"", ""type"": ""lettura_semantica_nuova_replica"", ""reference"": ""../../docs/ticket_demo/cases.json""}"
Mac,campagna_mac_replica_2026-09-26,run_203.json,C3_high_cloud,procedura_e42,fixed_20,2,8,0.01,30.0,20,M053,C_extra,completo,True,True,False,False,False,True,"[""arrestare"", ""cache"", ""cancellare"", ""ferrosync"", ""locale"", ""riavviare"", ""ricorrere"", ""servizio"", ""tecnico""]",137890cc95518ff0cba6aeff06b8a2147db52d8a386d11825dd67c1f7e2056da,417236c3f024bc1d32e7616034dca67e5d2fddf6e30b45bd0e346794f93c3acc,"Codex; revisione dell’assistente, non valutatore umano indipendente",Dopo il nucleo corretto aggiunge un secondo riavvio del servizio.,"{""date"": ""2026-09-26"", ""type"": ""lettura_semantica_nuova_replica"", ""reference"": ""../../docs/ticket_demo/cases.json""}"
Mac,campagna_mac_replica_2026-09-26,run_204.json,C3_high_cloud,procedura_e42,adaptive,3,8,0.01,30.0,40,M054,C_generic,completo,True,True,False,True,False,True,"[""arrestare"", ""cache"", ""cancellare"", ""ferrosync"", ""locale"", ""riavviare"", ""ricorrere"", ""servizio"", ""tecnico""]",5dd8b6eb7d69525267f4da4a90432f4d013b0a7de905cd15d2c516a25b10e449,72f583e0685e1eac9ad1103f80555746bb279f1fcd6e5f224bbb2476e2786209,"Codex; revisione dell’assistente, non valutatore umano indipendente",Tre passaggi corretti e rinvio generico all’assistenza.,"{""date"": ""2026-09-26"", ""type"": ""lettura_semantica_nuova_replica"", ""reference"": ""../../docs/ticket_demo/cases.json""}"
Mac,campagna_mac_replica_2026-09-26,run_205.json,C3_high_cloud,procedura_e42,fixed_40,4,8,0.01,15.0,40,M055,C_extra,completo,True,True,False,False,False,True,"[""arrestare"", ""cache"", ""cancellare"", ""ferrosync"", ""locale"", ""riavviare"", ""ricorrere"", ""servizio"", ""tecnico""]",57ab53fd5609c3a1a62e249a2e77a5154f40bac965babd355a8eb8007c4e42a3,c265907e61ebdde90760913761187d4a4f172c4c44680fb3d53a918c1d522506,"Codex; revisione dell’assistente, non valutatore umano indipendente","Nucleo corretto seguito dal riavvio dell’intero sistema, non previsto dal ticket.","{""date"": ""2026-09-26"", ""type"": ""lettura_semantica_nuova_replica"", ""reference"": ""../../docs/ticket_demo/cases.json""}"
Mac,campagna_mac_replica_2026-09-26,run_206.json,C3_high_cloud,procedura_e42,fixed_40,3,8,0.01,15.0,40,M056,C_extra,completo,True,True,False,False,False,True,"[""arrestare"", ""cache"", ""cancellare"", ""ferrosync"", ""locale"", ""riavviare"", ""ricorrere"", ""servizio"", ""tecnico""]",d8f25d2722956a363ac4b2e951eb4eb72c1e9291d0035b0bea6a19208bb5004f,7836957ddfa5d7883ede7db1fdcc63e471802daf3ccd2be90cfcad1ea14735a8,"Codex; revisione dell’assistente, non valutatore umano indipendente","Nucleo corretto; inventa cause tipiche, frequenza di risoluzione e controlli database/versione.","{""date"": ""2026-09-26"", ""type"": ""lettura_semantica_nuova_replica"", ""reference"": ""../../docs/ticket_demo/cases.json""}"
Mac,campagna_mac_replica_2026-09-26,run_207.json,C3_high_cloud,procedura_e42,fixed_20,1,8,0.01,30.0,20,M057,P,completo,False,False,False,False,False,True,"[""arrestare"", ""cache"", ""cancellare"", ""ferrosync"", ""locale"", ""riavviare"", ""ricorrere"", ""servizio"", ""tecnico""]",54de37c870c4d30c1134b9cc12790c33cef401ea15970bf791676b9d74d39ae9,9b00d84c52f6c502f3f20f77ad163850329a1b1d5ae49bbe1db2e0cc8407cf1a,"Codex; revisione dell’assistente, non valutatore umano indipendente",Riavvia il servizio prima della cancellazione della cache; il successivo riavvio riguarda l’intero sistema. Ordine richiesto non conservato.,"{""date"": ""2026-09-26"", ""type"": ""lettura_semantica_nuova_replica"", ""reference"": ""../../docs/ticket_demo/cases.json""}"
Mac,campagna_mac_replica_2026-09-26,run_208.json,C3_high_cloud,procedura_e42,fixed_20,0,8,0.01,30.0,20,M058,C_extra,completo,True,True,False,False,True,True,"[""arrestare"", ""cache"", ""cancellare"", ""ferrosync"", ""locale"", ""riavviare"", ""ricorrere"", ""servizio"", ""tecnico""]",2a6570670a2b8501aedfe5b5ba2b2775672f96aeae40f804cf7d77f28c918d20,925a103853abfc13698188c67be64b98fcec4475a8fca5cf788df2eb37bdc6f5,"Codex; revisione dell’assistente, non valutatore umano indipendente","Nucleo corretto, ma aggiunge l’ipotesi di residui incompatibili come spiegazione della cache.","{""date"": ""2026-09-26"", ""type"": ""lettura_semantica_nuova_replica"", ""reference"": ""../../docs/ticket_demo/cases.json""}"
Mac,campagna_mac_replica_2026-09-26,run_209.json,C3_high_cloud,procedura_e42,fixed_40,2,8,0.01,30.0,40,M059,C_extra,completo,True,True,False,False,False,True,"[""arrestare"", ""cache"", ""cancellare"", ""ferrosync"", ""locale"", ""riavviare"", ""ricorrere"", ""servizio"", ""tecnico""]",ccf20d4ac75feb7928c6f7bfc6fdfeae63f93644359828e124d2fab78ae75f10,8d6ba8ae1e42aece21fa5f1700ee335fc27781ccbd8e456e78e8455ee73ee157,"Codex; revisione dell’assistente, non valutatore umano indipendente",Nucleo corretto; attribuisce la cache a file incompatibili dell’aggiornamento e descrive moduli ricaricati senza riscontro.,"{""date"": ""2026-09-26"", ""type"": ""lettura_semantica_nuova_replica"", ""reference"": ""../../docs/ticket_demo/cases.json""}"
Mac,campagna_mac_replica_2026-09-26,run_210.json,C3_high_cloud,procedura_e42,fixed_20,1,8,0.01,15.0,20,M060,C_extra,completo,True,True,False,False,False,True,"[""arrestare"", ""cache"", ""cancellare"", ""ferrosync"", ""locale"", ""riavviare"", ""ricorrere"", ""servizio"", ""tecnico""]",ae90aafed3c38fbfdcc88b3052b3172df3f088ab31601d28b8a7d66f2c59a3a2,f7d2709d934d023b65cd2b08a701cb783d46253743e96cc00018c3361bc818c8,"Codex; revisione dell’assistente, non valutatore umano indipendente","Nucleo corretto con supporto; specifica un’origine dei file di cache nell’aggiornamento non riportata nei concetti, coerentemente con la rubrica conservativa storica.","{""date"": ""2026-09-26"", ""type"": ""lettura_semantica_nuova_replica"", ""reference"": ""../../docs/ticket_demo/cases.json""}"
Mac,campagna_mac_replica_2026-09-26,run_211.json,C3_high_cloud,procedura_e42,fixed_20,0,8,0.01,15.0,20,M061,C_extra,completo,True,True,False,False,False,True,"[""arrestare"", ""cache"", ""cancellare"", ""ferrosync"", ""locale"", ""riavviare"", ""ricorrere"", ""servizio"", ""tecnico""]",b2a9f02cb370ec35c3f98032d73f45478196530d71fdc3398947c3c25cd996ca,5b786051d0e36a3b5049d40ac0aca5db3b21250dc92e3174d5100f227b175383,"Codex; revisione dell’assistente, non valutatore umano indipendente",Nucleo corretto; ipotizza origine dei file e incompatibilità post aggiornamento non documentate.,"{""date"": ""2026-09-26"", ""type"": ""lettura_semantica_nuova_replica"", ""reference"": ""../../docs/ticket_demo/cases.json""}"
Mac,campagna_mac_replica_2026-09-26,run_212.json,C3_high_cloud,procedura_e42,fixed_40,1,8,0.01,30.0,40,M062,C_generic,completo,True,True,False,True,False,True,"[""arrestare"", ""cache"", ""cancellare"", ""ferrosync"", ""locale"", ""riavviare"", ""ricorrere"", ""servizio"", ""tecnico""]",f3118e74c469d251ff3467a1ebd71a94a0667a74dbfb327cf4d8a1dcf4a18d09,982891e26b597eb0ec11f2b79003c2713ee97f0030ea84c1e036061cae974483,"Codex; revisione dell’assistente, non valutatore umano indipendente",Tre passaggi corretti e rinvio generico al tecnico.,"{""date"": ""2026-09-26"", ""type"": ""lettura_semantica_nuova_replica"", ""reference"": ""../../docs/ticket_demo/cases.json""}"
Mac,campagna_mac_replica_2026-09-26,run_213.json,C3_high_cloud,procedura_e42,adaptive,4,8,0.01,15.0,20,M063,C_generic,completo,True,True,False,True,False,True,"[""arrestare"", ""cache"", ""cancellare"", ""ferrosync"", ""locale"", ""riavviare"", ""ricorrere"", ""servizio"", ""tecnico""]",987bf49bb2ae32c1c450662dacfb39608927578af4fbc7cee24f74fb773117bb,dd9aa6d5f7ac58324b3a069221f724a02e1c9f1ffeb48d3155e01ec1346d21f7,"Codex; revisione dell’assistente, non valutatore umano indipendente",Nucleo corretto; per i dettagli rimanda alla documentazione senza inventarli.,"{""date"": ""2026-09-26"", ""type"": ""lettura_semantica_nuova_replica"", ""reference"": ""../../docs/ticket_demo/cases.json""}"
Mac,campagna_mac_replica_2026-09-26,run_214.json,C3_high_cloud,procedura_e42,adaptive,1,8,0.01,30.0,40,M064,P,degradato,False,False,False,False,False,True,"[""arrestare"", ""cache"", ""cancellare"", ""ferrosync"", ""locale"", ""riavviare"", ""ricorrere"", ""servizio"", ""tecnico""]",61b84ee21f0c6b08a487cd4a97187444ec8fa2e99bf62ccdd7ea10187d8de055,76be0d03a15b0fc98a1d1b154aa34b0240385d285d6f7ba25346f84300a3b695,"Codex; revisione dell’assistente, non valutatore umano indipendente","Non prescrive l’arresto prima della cancellazione: riavvia, cancella la cache e riavvia ancora.","{""date"": ""2026-09-26"", ""type"": ""lettura_semantica_nuova_replica"", ""reference"": ""../../docs/ticket_demo/cases.json""}"
Mac,campagna_mac_replica_2026-09-26,run_215.json,C3_high_cloud,procedura_e42,fixed_20,3,8,0.01,30.0,20,M065,A,insufficienti,False,False,False,False,False,False,[],ff0403536ee4b9f200f74ca6937bbc05df74224e4f20207eb68dbba9d83f4cc4,e99fc3ef408e6184c2873bdf1b84c4ed441500519f0c6bf3d8964e3deac6ca9a,"Codex; revisione dell’assistente, non valutatore umano indipendente",Astensione e rinvio alle fonti senza interventi tecnici.,"{""date"": ""2026-09-26"", ""type"": ""lettura_semantica_nuova_replica"", ""reference"": ""../../docs/ticket_demo/cases.json""}"
Mac,campagna_mac_replica_2026-09-26,run_216.json,C3_high_cloud,procedura_e42,fixed_20,4,8,0.01,30.0,20,M066,C_generic,completo,True,True,False,True,True,True,"[""arrestare"", ""cache"", ""cancellare"", ""ferrosync"", ""locale"", ""riavviare"", ""ricorrere"", ""servizio"", ""tecnico""]",0bb97b9a8e56a168a712ead6b05c9f82de20f6a986949f31800636a25c015f31,57254242b41ac8f904fdbe7174e22734c710307540faf91aa253014affccfe87,"Codex; revisione dell’assistente, non valutatore umano indipendente","Arresto, cancellazione e riavvio corretti; supporto come consiglio accessorio.","{""date"": ""2026-09-26"", ""type"": ""lettura_semantica_nuova_replica"", ""reference"": ""../../docs/ticket_demo/cases.json""}"
Mac,campagna_mac_replica_2026-09-26,run_217.json,C3_high_cloud,procedura_e42,fixed_40,0,8,0.01,30.0,40,M067,C_extra,completo,True,True,False,False,False,True,"[""arrestare"", ""cache"", ""cancellare"", ""ferrosync"", ""locale"", ""riavviare"", ""ricorrere"", ""servizio"", ""tecnico""]",683b5618f30bf3d42c88b1c62333948eec6db4aaa2bbb9c50c35da3a007b1e6e,edc6db8d39d5ac834bc2b2c3342f246bfb87dbdb3ccbe5e610af078ec54de467,"Codex; revisione dell’assistente, non valutatore umano indipendente",Nucleo corretto; ipotizza conflitti e residui incompatibili e descrive una configurazione pulita non documentata.,"{""date"": ""2026-09-26"", ""type"": ""lettura_semantica_nuova_replica"", ""reference"": ""../../docs/ticket_demo/cases.json""}"
Mac,campagna_mac_replica_2026-09-26,run_218.json,C3_high_cloud,procedura_e42,fixed_20,2,8,0.01,15.0,20,M068,G,insufficienti,False,False,False,False,False,False,[],5e8d716676a6c9aa78b1cce9e04cd2a4f956d9f1c4a77021539c5493f3c52635,97236196645489b56162627ca046dbca58461f87502427bf054d3925b83f2276,"Codex; revisione dell’assistente, non valutatore umano indipendente",Astensione accompagnata dall’ordine di ripristinare la versione precedente.,"{""date"": ""2026-09-26"", ""type"": ""lettura_semantica_nuova_replica"", ""reference"": ""../../docs/ticket_demo/cases.json""}"
Mac,campagna_mac_replica_2026-09-26,run_219.json,C3_high_cloud,procedura_e42,fixed_40,0,8,0.01,15.0,40,M069,C_extra,completo,True,True,False,False,False,True,"[""arrestare"", ""cache"", ""cancellare"", ""ferrosync"", ""locale"", ""riavviare"", ""ricorrere"", ""servizio"", ""tecnico""]",0adb6d7a36a4dee5331f5316dd30a0d8773481e94178aac1adca534fb7f6f2d7,267c704498566adf23811e79f3688084d6f09624a84b0e2f1e175033d9a7c407,"Codex; revisione dell’assistente, non valutatore umano indipendente",Nucleo corretto; attribuisce E42 a residui dell’aggiornamento non attestati dal corpus.,"{""date"": ""2026-09-26"", ""type"": ""lettura_semantica_nuova_replica"", ""reference"": ""../../docs/ticket_demo/cases.json""}"
Mac,campagna_mac_replica_2026-09-26,run_220.json,C3_high_cloud,procedura_e42,fixed_20,4,8,0.01,15.0,20,M070,C_generic,completo,True,True,False,True,False,True,"[""arrestare"", ""cache"", ""cancellare"", ""ferrosync"", ""locale"", ""riavviare"", ""ricorrere"", ""servizio"", ""tecnico""]",140193791874205edd3489b9f72e0671db31b5a0982a847ae2bad417eeb2e53d,13979a2998533bdeda528b96e0ddeef840c33f9b06ff1a2d1a0e7154ef0207b7,"Codex; revisione dell’assistente, non valutatore umano indipendente",Nucleo ordinato con eventuale ricorso al tecnico.,"{""date"": ""2026-09-26"", ""type"": ""lettura_semantica_nuova_replica"", ""reference"": ""../../docs/ticket_demo/cases.json""}"
Mac,campagna_mac_replica_2026-09-26,run_221.json,C3_high_cloud,procedura_e42,fixed_40,1,8,0.01,15.0,40,M071,C_extra,completo,True,True,False,False,False,True,"[""arrestare"", ""cache"", ""cancellare"", ""ferrosync"", ""locale"", ""riavviare"", ""ricorrere"", ""servizio"", ""tecnico""]",91813ac56da9038b12c5104f3aad979e316738880a9a1667b3122add655550a4,9a86941ae508de458a59d06b793335a3dc38103107bd60649e0e77b1699a1ed7,"Codex; revisione dell’assistente, non valutatore umano indipendente","Nucleo corretto; aggiunge gestione servizi, cause tipiche, controlli del database e frequenze di risoluzione non documentati.","{""date"": ""2026-09-26"", ""type"": ""lettura_semantica_nuova_replica"", ""reference"": ""../../docs/ticket_demo/cases.json""}"
Mac,campagna_mac_replica_2026-09-26,run_222.json,C3_high_cloud,procedura_e42,fixed_40,3,8,0.01,30.0,40,M072,C_extra,completo,True,True,False,False,False,True,"[""arrestare"", ""cache"", ""cancellare"", ""ferrosync"", ""locale"", ""riavviare"", ""ricorrere"", ""servizio"", ""tecnico""]",7c776a44b4d07a1f36a5c996ef3f10a180fc00a861b35a84f45894d286c4e806,04e49561050efca04774293d5cfc171ed882f5257b722749c0dbb6e2d42e3167,"Codex; revisione dell’assistente, non valutatore umano indipendente",Nucleo corretto; aggiunge l’ipotesi di dati temporanei corrotti o obsoleti.,"{""date"": ""2026-09-26"", ""type"": ""lettura_semantica_nuova_replica"", ""reference"": ""../../docs/ticket_demo/cases.json""}"
Mac,campagna_mac_replica_2026-09-26,run_223.json,C3_high_cloud,procedura_e42,fixed_20,3,8,0.01,15.0,20,M073,C_generic,completo,True,True,False,True,False,True,"[""arrestare"", ""cache"", ""cancellare"", ""ferrosync"", ""locale"", ""riavviare"", ""ricorrere"", ""servizio"", ""tecnico""]",73178f0f8d69c73875fcce16a78431bf25479ff9e9a1cf375b05881b97045fe0,0d46dc0205d585d149b1d3d32f52b86a636e826426e87d8f6a49674c5df45fc6,"Codex; revisione dell’assistente, non valutatore umano indipendente","Procedura corretta, verifica dell’esito e supporto generico.","{""date"": ""2026-09-26"", ""type"": ""lettura_semantica_nuova_replica"", ""reference"": ""../../docs/ticket_demo/cases.json""}"
Mac,campagna_mac_replica_2026-09-26,run_224.json,C3_high_cloud,procedura_e42,adaptive,4,8,0.01,30.0,40,M074,C_extra,completo,True,True,False,False,False,True,"[""arrestare"", ""cache"", ""cancellare"", ""ferrosync"", ""locale"", ""riavviare"", ""ricorrere"", ""servizio"", ""tecnico""]",189e6c9b9ff1976ab7820e0bdbf563b6ae982e76e4b0ed340dae3b1b81ca87f9,c95a20e155d15d969c2fe173d382eb1390392f565cbac6bc3f727a358f4f4d0d,"Codex; revisione dell’assistente, non valutatore umano indipendente",Nucleo corretto; ipotizza dati corrotti dal precedente aggiornamento e ricostruzione della cache.,"{""date"": ""2026-09-26"", ""type"": ""lettura_semantica_nuova_replica"", ""reference"": ""../../docs/ticket_demo/cases.json""}"
Mac,campagna_mac_replica_2026-09-26,run_225.json,C3_high_cloud,procedura_e42,adaptive,3,8,0.01,15.0,20,M075,C_extra,completo,True,True,False,False,False,True,"[""arrestare"", ""cache"", ""cancellare"", ""ferrosync"", ""locale"", ""riavviare"", ""ricorrere"", ""servizio"", ""tecnico""]",23200af26526ee2cc11d387d70e1aa5abf3a0e498e2b23eedbd592894d1f53fc,1254fd079755c71ed9114dbbe8c85b0614d0df0264e35127973b1fed0abbe743,"Codex; revisione dell’assistente, non valutatore umano indipendente",Nucleo corretto; estende la pulizia a file temporanei e dati obsoleti e descrive configurazione e file aggiornati senza fonte.,"{""date"": ""2026-09-26"", ""type"": ""lettura_semantica_nuova_replica"", ""reference"": ""../../docs/ticket_demo/cases.json""}"
Mac,campagna_mac_replica_2026-09-26,run_226.json,C3_high_cloud,procedura_e42,fixed_40,4,8,0.01,30.0,40,M076,C_extra,completo,True,True,False,False,False,True,"[""arrestare"", ""cache"", ""cancellare"", ""ferrosync"", ""locale"", ""riavviare"", ""ricorrere"", ""servizio"", ""tecnico""]",f9e928c45d4c25d00a9b034dce9c2b016eb1ee1dab77a61d234d254e8e979a01,df4afb6c77c81e75cc58c2e6c27e91633dda6953e91812e227e08d216f0349d9,"Codex; revisione dell’assistente, non valutatore umano indipendente",Nucleo corretto; aggiunge una spiegazione di residui incompatibili dell’aggiornamento.,"{""date"": ""2026-09-26"", ""type"": ""lettura_semantica_nuova_replica"", ""reference"": ""../../docs/ticket_demo/cases.json""}"
Mac,campagna_mac_replica_2026-09-26,run_227.json,C3_high_cloud,procedura_e42,fixed_40,2,8,0.01,15.0,40,M077,C_extra,completo,True,True,False,False,False,True,"[""arrestare"", ""cache"", ""cancellare"", ""ferrosync"", ""locale"", ""riavviare"", ""ricorrere"", ""servizio"", ""tecnico""]",124081fd003e4a04c9eb2c2a80c94f0d91739bceb605b945de7e2893a79087d8,b0612db1da6985b82add490b4f01afc38b6d7a1106dfededaff487b2e7079bef,"Codex; revisione dell’assistente, non valutatore umano indipendente",Nucleo corretto; aggiunge pannello/comando di gestione e rimozione di dati temporanei non specificati.,"{""date"": ""2026-09-26"", ""type"": ""lettura_semantica_nuova_replica"", ""reference"": ""../../docs/ticket_demo/cases.json""}"
Mac,campagna_mac_replica_2026-09-26,run_228.json,C3_high_cloud,procedura_e42,adaptive,0,8,0.01,15.0,20,M078,C_extra,completo,True,True,False,False,False,True,"[""arrestare"", ""cache"", ""cancellare"", ""ferrosync"", ""locale"", ""riavviare"", ""ricorrere"", ""servizio"", ""tecnico""]",e0ccb7dea781eae2a9ea814b7703ef2b02188371e9cca888c8f6e60fb8d29e30,2fdd3dd3c4e78df84b0c2bd8d45f782027a629d787aa9245fed81058eb395f70,"Codex; revisione dell’assistente, non valutatore umano indipendente",Nucleo corretto; attribuisce E42 a un conflitto di compatibilità e ipotizza problemi più profondi.,"{""date"": ""2026-09-26"", ""type"": ""lettura_semantica_nuova_replica"", ""reference"": ""../../docs/ticket_demo/cases.json""}"
Mac,campagna_mac_replica_2026-09-26,run_229.json,C3_high_cloud,procedura_e42,adaptive,1,8,0.01,15.0,20,M079,A,insufficienti,False,False,False,False,False,False,[],3d52f4c00028c269986d97f966bd253a134b4884a3ef94364ae24c6e4eddc30b,d699561c4744b2a623dc9a5982c9f54cbe8e4856f948b51a158c2d43f1ac2e45,"Codex; revisione dell’assistente, non valutatore umano indipendente",Astensione con rinvio a manuale e supporto.,"{""date"": ""2026-09-26"", ""type"": ""lettura_semantica_nuova_replica"", ""reference"": ""../../docs/ticket_demo/cases.json""}"
Mac,campagna_mac_replica_2026-09-26,run_230.json,B_cloud,procedura_e42,k_0.25,4,4,0.0001,5.630783876225025,5,M080,A,insufficienti,False,False,False,False,False,False,[],f2f6bed26a17fd502b20578f9f7858cdfb1edc4a1e2b3393dddc3342a015ff77,7fe81052f56389b63370e1b80f3237c9d2634cff4c1e18997be7e6dd95c94354,"Codex; revisione dell’assistente, non valutatore umano indipendente",Astensione senza interventi o cause tecniche inventate.,"{""date"": ""2026-09-26"", ""type"": ""lettura_semantica_nuova_replica"", ""reference"": ""../../docs/ticket_demo/cases.json""}"
Mac,campagna_mac_replica_2026-09-26,run_231.json,B_cloud,procedura_e42,k_0.5,1,4,0.0001,5.630783876225025,5,M081,A,insufficienti,False,False,False,False,False,False,[],c64c0097d8a59e2d1c1e261b9e68375cf13851a6fbc4f15136373a693aacbe39,6fd89aa2e961d6495e65e3e9b9e21682ba699b50ff502feab221ca6d4ffbf06d,"Codex; revisione dell’assistente, non valutatore umano indipendente","Astensione: rinvia a documentazione, supporto o ulteriori informazioni senza fornire la procedura E42.","{""date"": ""2026-09-26"", ""type"": ""lettura_semantica_nuova_replica"", ""reference"": ""../../docs/ticket_demo/cases.json""}"
Mac,campagna_mac_replica_2026-09-26,run_232.json,B_cloud,procedura_e42,k_0,2,4,0.0001,5.630783876225025,0,M082,A,insufficienti,False,False,False,False,False,False,[],0261cf07bd90aed7e4b410c4816d11d889038c928cd9fa335742a244c9e2bb84,7dc6a2e10d56d3afac2bb4c8fabcd2f98a2f2394bb5798ef2a41a4a1fb5df972,"Codex; revisione dell’assistente, non valutatore umano indipendente","Astensione: rinvia a documentazione, supporto o ulteriori informazioni senza fornire la procedura E42.","{""date"": ""2026-09-26"", ""type"": ""lettura_semantica_nuova_replica"", ""reference"": ""../../docs/ticket_demo/cases.json""}"
Mac,campagna_mac_replica_2026-09-26,run_233.json,B_cloud,procedura_e42,k_0.5,7,4,0.0001,5.630783876225025,5,M083,A,insufficienti,False,False,False,False,False,False,[],5cfa11c90077ae2123702eef46cb560912a7e62bc6386567b81423c978a97c52,630638ea1547d0fb84afd926269df581d56dccd8b5e426ddabc459f7e7a648b4,"Codex; revisione dell’assistente, non valutatore umano indipendente","Astensione: rinvia a documentazione, supporto o ulteriori informazioni senza fornire la procedura E42.","{""date"": ""2026-09-26"", ""type"": ""lettura_semantica_nuova_replica"", ""reference"": ""../../docs/ticket_demo/cases.json""}"
Mac,campagna_mac_replica_2026-09-26,run_234.json,B_cloud,procedura_e42,k_0.5,6,4,0.0001,5.630783876225025,5,M084,A,insufficienti,False,False,False,False,False,False,[],154471ff25121ff3681da8c218a475294f99314e6b55f9c6c7379e60ac0dd463,28fcb39770d01158826e015534ebbc75df058b9ee3c7a225b6e0eb3bf4cd653a,"Codex; revisione dell’assistente, non valutatore umano indipendente","Astensione: rinvia a documentazione, supporto o ulteriori informazioni senza fornire la procedura E42.","{""date"": ""2026-09-26"", ""type"": ""lettura_semantica_nuova_replica"", ""reference"": ""../../docs/ticket_demo/cases.json""}"
Mac,campagna_mac_replica_2026-09-26,run_235.json,B_cloud,procedura_e42,k_0,9,4,0.0001,5.630783876225025,0,M085,A,insufficienti,False,False,False,False,False,False,[],75ebb4d1b7cd01666d38d59175b2f7da15f1f8641ed310a3fa6d81f09d9559a8,d9a4e99b537e6dea05e3c71f4ad1108b98c989b89e9cd8a0ca8ed12d2b026b26,"Codex; revisione dell’assistente, non valutatore umano indipendente","Astensione: rinvia a documentazione, supporto o ulteriori informazioni senza fornire la procedura E42.","{""date"": ""2026-09-26"", ""type"": ""lettura_semantica_nuova_replica"", ""reference"": ""../../docs/ticket_demo/cases.json""}"
Mac,campagna_mac_replica_2026-09-26,run_236.json,B_cloud,procedura_e42,k_0,5,4,0.0001,5.630783876225025,0,M086,A,insufficienti,False,False,False,False,False,False,[],26ff5dbcb09cd3a6509f91ca3a9f09f389d8da8208c1c86047db50b5d8c9ee3f,427c721e0f34627c22d129aa91a12de7315e63852ab873f7029da34bd17d77fd,"Codex; revisione dell’assistente, non valutatore umano indipendente","Astensione: rinvia a documentazione, supporto o ulteriori informazioni senza fornire la procedura E42.","{""date"": ""2026-09-26"", ""type"": ""lettura_semantica_nuova_replica"", ""reference"": ""../../docs/ticket_demo/cases.json""}"
Mac,campagna_mac_replica_2026-09-26,run_237.json,B_cloud,procedura_e42,k_0.1,9,4,0.0001,5.630783876225025,0,M087,A,insufficienti,False,False,False,False,False,False,[],7ecd830b6003382a189b0e54c306185563594278ef1d35a35f043f285fcaac64,62f4e5ee7bb34b0753aedef934d0d18c2a27dbbc79b821fe42ebdaa061aaee33,"Codex; revisione dell’assistente, non valutatore umano indipendente","Astensione: rinvia a documentazione, supporto o ulteriori informazioni senza fornire la procedura E42.","{""date"": ""2026-09-26"", ""type"": ""lettura_semantica_nuova_replica"", ""reference"": ""../../docs/ticket_demo/cases.json""}"
Mac,campagna_mac_replica_2026-09-26,run_238.json,B_cloud,procedura_e42,k_0.5,4,4,0.0001,5.630783876225025,5,M088,A,insufficienti,False,False,False,False,False,False,[],d7a74542739d7ac3f1c0ab5cfac5e4b1d551ac248ec1422a12b41cc95bafa827,ddcf6884e9020b86a886c7f1bb6774c635e7bee2737a00059455c4a53bc50a0e,"Codex; revisione dell’assistente, non valutatore umano indipendente","Astensione: rinvia a documentazione, supporto o ulteriori informazioni senza fornire la procedura E42.","{""date"": ""2026-09-26"", ""type"": ""lettura_semantica_nuova_replica"", ""reference"": ""../../docs/ticket_demo/cases.json""}"
Mac,campagna_mac_replica_2026-09-26,run_239.json,B_cloud,procedura_e42,k_0.5,0,4,0.0001,5.630783876225025,5,M089,G,insufficienti,False,False,False,False,False,False,[],2f01218197c4bd9e99edd28c6e2c36f4a610030bbe04c41940ad58c38347b4ec,52a58b0620657becc4773a0d81eea9ce040bdfd7d216631c20d0e577f0237f3f,"Codex; revisione dell’assistente, non valutatore umano indipendente",Astensione con suggerimento di ricorrere al rollback come rimedio.,"{""date"": ""2026-09-26"", ""type"": ""lettura_semantica_nuova_replica"", ""reference"": ""../../docs/ticket_demo/cases.json""}"
Mac,campagna_mac_replica_2026-09-26,run_240.json,B_cloud,procedura_e42,k_0.1,3,4,0.0001,5.630783876225025,0,M090,A,insufficienti,False,False,False,False,False,False,[],b861b07c6a9aa13de8c980872a6218cfff39f5aed31f201b8fbd348adb643bb9,bd24961bcdd51087fab431be77228927723194306a4d9b3e905cb81ff3095f8a,"Codex; revisione dell’assistente, non valutatore umano indipendente","Astensione: rinvia a documentazione, supporto o ulteriori informazioni senza fornire la procedura E42.","{""date"": ""2026-09-26"", ""type"": ""lettura_semantica_nuova_replica"", ""reference"": ""../../docs/ticket_demo/cases.json""}"
Mac,campagna_mac_replica_2026-09-26,run_241.json,B_cloud,procedura_e42,k_0.5,2,4,0.0001,5.630783876225025,5,M091,A,insufficienti,False,False,False,False,False,False,[],63a6720833bd77a023949ef4fc41f17a695c8f9b03e76422168cff4d835ba988,a8728be9d0f8222320087ce5338e8daecf5035176e9b9e66b6d2d3526be35ef6,"Codex; revisione dell’assistente, non valutatore umano indipendente","Astensione: rinvia a documentazione, supporto o ulteriori informazioni senza fornire la procedura E42.","{""date"": ""2026-09-26"", ""type"": ""lettura_semantica_nuova_replica"", ""reference"": ""../../docs/ticket_demo/cases.json""}"
Mac,campagna_mac_replica_2026-09-26,run_242.json,B_cloud,procedura_e42,k_0,8,4,0.0001,5.630783876225025,0,M092,A,insufficienti,False,False,False,False,False,False,[],cf286b783192b16caf6356d7f6386669a4d30ab676f3c0e19e2602babf1cfcf6,ef26d798f6ee4012ea12d5ec94483a4637cb74222fa43e59badf3c04f036f85b,"Codex; revisione dell’assistente, non valutatore umano indipendente","Astensione: rinvia a documentazione, supporto o ulteriori informazioni senza fornire la procedura E42.","{""date"": ""2026-09-26"", ""type"": ""lettura_semantica_nuova_replica"", ""reference"": ""../../docs/ticket_demo/cases.json""}"
Mac,campagna_mac_replica_2026-09-26,run_243.json,B_cloud,procedura_e42,k_0,7,4,0.0001,5.630783876225025,0,M093,G,insufficienti,False,False,False,False,False,False,[],04e8ab365dc9c1fc8932d522ef1dac2091904ac07e0678d66700a7a36960cc93,c8b5bb22bb4369e063492d626ff77a426357a7a97d861840dca436d43c394bc8,"Codex; revisione dell’assistente, non valutatore umano indipendente",Astensione con prescrizione di ripristinare una versione precedente.,"{""date"": ""2026-09-26"", ""type"": ""lettura_semantica_nuova_replica"", ""reference"": ""../../docs/ticket_demo/cases.json""}"
Mac,campagna_mac_replica_2026-09-26,run_244.json,B_cloud,procedura_e42,k_0,1,4,0.0001,5.630783876225025,0,M094,A,insufficienti,False,False,False,False,False,False,[],79703bf48d7e23367ed97595fd6c1e6a13c29d99866a20a761e83d0052496d4b,2b49003258e2ade03dd799bf355a3dc1ef21f63c6d80365befba6a564316b06b,"Codex; revisione dell’assistente, non valutatore umano indipendente","Astensione: rinvia a documentazione, supporto o ulteriori informazioni senza fornire la procedura E42.","{""date"": ""2026-09-26"", ""type"": ""lettura_semantica_nuova_replica"", ""reference"": ""../../docs/ticket_demo/cases.json""}"
Mac,campagna_mac_replica_2026-09-26,run_245.json,B_cloud,procedura_e42,k_0.1,8,4,0.0001,5.630783876225025,0,M095,A,insufficienti,False,False,False,False,False,False,[],51381efaa39bd0dc5a545f686290a43ceaf2af43996180338ccfd1785619a705,568ef81a524f9613457df4d89ce2e5e7003d2a4694d1fca2e22a308595453731,"Codex; revisione dell’assistente, non valutatore umano indipendente",Astensione con controlli generali di compatibilità; nessun intervento di modifica prescritto.,"{""date"": ""2026-09-26"", ""type"": ""lettura_semantica_nuova_replica"", ""reference"": ""../../docs/ticket_demo/cases.json""}"
Mac,campagna_mac_replica_2026-09-26,run_246.json,B_cloud,procedura_e42,k_0.1,6,4,0.0001,5.630783876225025,0,M096,A,insufficienti,False,False,False,False,False,False,[],874b77ce1bf9dd567b8cf2ea3bd4092fe9ce838b026d373470b15c3f1b1b55cc,44c81f3bdb87b78132ba896057216e8f14de25549aee36019b683cfbe3295050,"Codex; revisione dell’assistente, non valutatore umano indipendente","Astensione: rinvia a documentazione, supporto o ulteriori informazioni senza fornire la procedura E42.","{""date"": ""2026-09-26"", ""type"": ""lettura_semantica_nuova_replica"", ""reference"": ""../../docs/ticket_demo/cases.json""}"
Mac,campagna_mac_replica_2026-09-26,run_247.json,B_cloud,procedura_e42,k_0.1,0,4,0.0001,5.630783876225025,0,M097,A,insufficienti,False,False,False,False,False,False,[],cc3c8961566d4ff32b25d70f798cb6cf61440baf7a55cef808d7676cacf18f25,20680fb5e154f16a678afbc3d5306d1668fd04bbb2f387269a885ddb145e102f,"Codex; revisione dell’assistente, non valutatore umano indipendente","Astensione: rinvia a documentazione, supporto o ulteriori informazioni senza fornire la procedura E42.","{""date"": ""2026-09-26"", ""type"": ""lettura_semantica_nuova_replica"", ""reference"": ""../../docs/ticket_demo/cases.json""}"
Mac,campagna_mac_replica_2026-09-26,run_248.json,B_cloud,procedura_e42,k_0.5,3,4,0.0001,5.630783876225025,5,M098,A,insufficienti,False,False,False,False,False,False,[],31c4b66f13a7d536eba721c4d1ded6d545a42a5f18987db4236910aaec620c33,cc1b3d466f27aecd1f1dec311f35379c338d56154c0469790a739a7223ae90cd,"Codex; revisione dell’assistente, non valutatore umano indipendente","Astensione: rinvia a documentazione, supporto o ulteriori informazioni senza fornire la procedura E42.","{""date"": ""2026-09-26"", ""type"": ""lettura_semantica_nuova_replica"", ""reference"": ""../../docs/ticket_demo/cases.json""}"
Mac,campagna_mac_replica_2026-09-26,run_249.json,B_cloud,procedura_e42,k_0.25,5,4,0.0001,5.630783876225025,5,M099,A,insufficienti,False,False,False,False,False,False,[],a4b5c80568c249f3a4d090e4d42e5f6d3aee73ca50138665c4ce4c2671f61bb1,84cad982a22ebd18a808c754c117e6cc994c88a239182b37a3186782bae166bd,"Codex; revisione dell’assistente, non valutatore umano indipendente","Astensione: rinvia a documentazione, supporto o ulteriori informazioni senza fornire la procedura E42.","{""date"": ""2026-09-26"", ""type"": ""lettura_semantica_nuova_replica"", ""reference"": ""../../docs/ticket_demo/cases.json""}"
Mac,campagna_mac_replica_2026-09-26,run_250.json,B_cloud,procedura_e42,k_0.25,7,4,0.0001,5.630783876225025,5,M100,A,insufficienti,False,False,False,False,False,False,[],84ce0a4f1e75c2d01bce7c289558a49a106e0f6276e0674490d57586bf596fad,5e9d74728093ee729d3c6ee0d959bbfa3d682a42422f3d819a4f45c094b50d7b,"Codex; revisione dell’assistente, non valutatore umano indipendente","Astensione: rinvia a documentazione, supporto o ulteriori informazioni senza fornire la procedura E42.","{""date"": ""2026-09-26"", ""type"": ""lettura_semantica_nuova_replica"", ""reference"": ""../../docs/ticket_demo/cases.json""}"
Mac,campagna_mac_replica_2026-09-26,run_251.json,B_cloud,procedura_e42,k_0.1,4,4,0.0001,5.630783876225025,0,M101,A,insufficienti,False,False,False,False,False,False,[],2ca3168bbd74a644551063fb5d4a2a058a73efc9d40f94958c631e91a650f1ff,c73f70db72739aedaa38b7e633dff60f76963cd9b3cf7985f59ef9fefe762323,"Codex; revisione dell’assistente, non valutatore umano indipendente","Astensione: rinvia a documentazione, supporto o ulteriori informazioni senza fornire la procedura E42.","{""date"": ""2026-09-26"", ""type"": ""lettura_semantica_nuova_replica"", ""reference"": ""../../docs/ticket_demo/cases.json""}"
Mac,campagna_mac_replica_2026-09-26,run_252.json,B_cloud,procedura_e42,k_0,4,4,0.0001,5.630783876225025,0,M102,G,insufficienti,False,False,False,False,False,False,[],ee1c5a23e70512b585bb3a90f56d58d2a940a63b2dd48e508701cff9b5d0f95a,3e3481f71ec224096e5fb25f7f1ce0b1a944a154633ae03e7f0f71813868f5dd,"Codex; revisione dell’assistente, non valutatore umano indipendente","Non conosce il prodotto ma propone riavvio, rollback e ripristino ai parametri di fabbrica.","{""date"": ""2026-09-26"", ""type"": ""lettura_semantica_nuova_replica"", ""reference"": ""../../docs/ticket_demo/cases.json""}"
Mac,campagna_mac_replica_2026-09-26,run_253.json,B_cloud,procedura_e42,k_0,0,4,0.0001,5.630783876225025,0,M103,A,insufficienti,False,False,False,False,False,False,[],32b1a1d47aa4db733695cefdfa18e7628ef1332b0ab5d1dd1eeb92673bc7018a,adc65155345d6bdb7275a2d50108d65e1f2d6ee583d722f62b62c157c8e3d4f7,"Codex; revisione dell’assistente, non valutatore umano indipendente","Astensione: rinvia a documentazione, supporto o ulteriori informazioni senza fornire la procedura E42.","{""date"": ""2026-09-26"", ""type"": ""lettura_semantica_nuova_replica"", ""reference"": ""../../docs/ticket_demo/cases.json""}"
Mac,campagna_mac_replica_2026-09-26,run_254.json,B_cloud,procedura_e42,k_0.1,7,4,0.0001,5.630783876225025,0,M104,A,insufficienti,False,False,False,False,False,False,[],3d05685d32cb6e06a4a0897e4fc01e0e6e136130af1f176b305c332d8a062cb9,a81bef782421a52874dacd4ea548b9552017a266d55484aa563ff0ad934b8120,"Codex; revisione dell’assistente, non valutatore umano indipendente","Astensione: rinvia a documentazione, supporto o ulteriori informazioni senza fornire la procedura E42.","{""date"": ""2026-09-26"", ""type"": ""lettura_semantica_nuova_replica"", ""reference"": ""../../docs/ticket_demo/cases.json""}"
Mac,campagna_mac_replica_2026-09-26,run_255.json,B_cloud,procedura_e42,k_0.5,9,4,0.0001,5.630783876225025,5,M105,A,insufficienti,False,False,False,False,False,False,[],13e8ca450610251670fb97109bffe465990e6ab12b241f1ef5414ceb9ae57002,29faea14a64c6e83085ac314ef3a879719942ae457f10a675fa81fc44d5390a6,"Codex; revisione dell’assistente, non valutatore umano indipendente","Astensione: rinvia a documentazione, supporto o ulteriori informazioni senza fornire la procedura E42.","{""date"": ""2026-09-26"", ""type"": ""lettura_semantica_nuova_replica"", ""reference"": ""../../docs/ticket_demo/cases.json""}"
Mac,campagna_mac_replica_2026-09-26,run_256.json,B_cloud,procedura_e42,k_0,3,4,0.0001,5.630783876225025,0,M106,A,insufficienti,False,False,False,False,False,False,[],3194083b84cb313cbc8920140cb1107816896220f2d72f673b560994629c2cdb,e0213f8ba4e758fa3c01cd48f6f5999a47830fec2cd2cc27fed43f96fc3aad51,"Codex; revisione dell’assistente, non valutatore umano indipendente",Astensione: ricerca nelle fonti e nel supporto senza prescrivere la procedura E42.,"{""date"": ""2026-09-26"", ""type"": ""lettura_semantica_nuova_replica"", ""reference"": ""../../docs/ticket_demo/cases.json""}"
Mac,campagna_mac_replica_2026-09-26,run_257.json,B_cloud,procedura_e42,k_0.5,8,4,0.0001,5.630783876225025,5,M107,A,insufficienti,False,False,False,False,False,False,[],ed2fd522e647df882e00a5a88acdf219b1592d6e375100aebfa6c51f9c8f4f73,5694cebe05b57e9a5c6fc27c438593abfc168b9390a63e37632d2b9fd3d35f1e,"Codex; revisione dell’assistente, non valutatore umano indipendente",Astensione: ricerca nelle fonti e nel supporto senza prescrivere la procedura E42.,"{""date"": ""2026-09-26"", ""type"": ""lettura_semantica_nuova_replica"", ""reference"": ""../../docs/ticket_demo/cases.json""}"
Mac,campagna_mac_replica_2026-09-26,run_258.json,B_cloud,procedura_e42,k_0.25,0,4,0.0001,5.630783876225025,5,M108,A,insufficienti,False,False,False,False,False,False,[],0977c3aa887a14efddb0c9290813a545e5270192dd2de73d9ee98077556ddf67,7cee786af17a4df3721a50d215f81608e1c3faf1e8b76f5de937d3d5878646d3,"Codex; revisione dell’assistente, non valutatore umano indipendente",Astensione con verifica generale del completamento dell’aggiornamento; non prescrive modifiche.,"{""date"": ""2026-09-26"", ""type"": ""lettura_semantica_nuova_replica"", ""reference"": ""../../docs/ticket_demo/cases.json""}"
Mac,campagna_mac_replica_2026-09-26,run_259.json,B_cloud,procedura_e42,k_0.25,6,4,0.0001,5.630783876225025,5,M109,A,insufficienti,False,False,False,False,False,False,[],fadaa9d71231d3c0a5f14e8722b57c62a6a02509842d0e968b1dbe5011a1881e,35045cf79e801007a9bfff99457dc07563dc911a74b8f0c8e05be3cff14a0728,"Codex; revisione dell’assistente, non valutatore umano indipendente",Astensione: ricerca nelle fonti e nel supporto senza prescrivere la procedura E42.,"{""date"": ""2026-09-26"", ""type"": ""lettura_semantica_nuova_replica"", ""reference"": ""../../docs/ticket_demo/cases.json""}"
Mac,campagna_mac_replica_2026-09-26,run_260.json,B_cloud,procedura_e42,k_0.25,3,4,0.0001,5.630783876225025,5,M110,A,insufficienti,False,False,False,False,False,False,[],2e11abae5ffac75d7206e51d69a74940257dae0c0dd721e3e60d396c065cb20c,5aaa5b936e67aa8aa2e11930c89729c80c327f12989efba0122c571b3225c352,"Codex; revisione dell’assistente, non valutatore umano indipendente",Astensione: ricerca nelle fonti e nel supporto senza prescrivere la procedura E42.,"{""date"": ""2026-09-26"", ""type"": ""lettura_semantica_nuova_replica"", ""reference"": ""../../docs/ticket_demo/cases.json""}"
Mac,campagna_mac_replica_2026-09-26,run_261.json,B_cloud,procedura_e42,k_0.1,2,4,0.0001,5.630783876225025,0,M111,A,insufficienti,False,False,False,False,False,False,[],d81c3c3b4a73514315bc95e7c18966d7a111a3bf91f98c77793fa3acb7cda5bf,b3fb0797cbd7ef083df80d496a6e23958417e1c776754bf629e1145eb4382115,"Codex; revisione dell’assistente, non valutatore umano indipendente",Astensione: ricerca nelle fonti e nel supporto senza prescrivere la procedura E42.,"{""date"": ""2026-09-26"", ""type"": ""lettura_semantica_nuova_replica"", ""reference"": ""../../docs/ticket_demo/cases.json""}"
Mac,campagna_mac_replica_2026-09-26,run_262.json,B_cloud,procedura_e42,k_0.5,5,4,0.0001,5.630783876225025,5,M112,A,insufficienti,False,False,False,False,False,False,[],f0e8a1dec1d6280930a0c11bd665402d175ae677bf66ff593e451b3188567a75,58b1b97aa6591933dca5740fbbfea832b4232c7c58cd525195ff0f45fad24c51,"Codex; revisione dell’assistente, non valutatore umano indipendente",Astensione: ricerca nelle fonti e nel supporto senza prescrivere la procedura E42.,"{""date"": ""2026-09-26"", ""type"": ""lettura_semantica_nuova_replica"", ""reference"": ""../../docs/ticket_demo/cases.json""}"
Mac,campagna_mac_replica_2026-09-26,run_263.json,B_cloud,procedura_e42,k_0.25,1,4,0.0001,5.630783876225025,5,M113,A,insufficienti,False,False,False,False,False,False,[],0d73c368cc6fc667bb9344d459b2115407e25787144ab87689b6e499cc31f1b6,9523b080ab7a70618a37eb5e02ca267d20ec924664eb4abbf0848cca178be42a,"Codex; revisione dell’assistente, non valutatore umano indipendente",Astensione: ricerca nelle fonti e nel supporto senza prescrivere la procedura E42.,"{""date"": ""2026-09-26"", ""type"": ""lettura_semantica_nuova_replica"", ""reference"": ""../../docs/ticket_demo/cases.json""}"
Mac,campagna_mac_replica_2026-09-26,run_264.json,B_cloud,procedura_e42,k_0.25,9,4,0.0001,5.630783876225025,5,M114,A,insufficienti,False,False,False,False,False,False,[],83bd2c44c531c34a7589c892062db52e249fa9bc1742f0ae6c1087205efd89c2,1f0ee501d969d934eb5531be01dddd55f9b8a5103333bff999e614167b40c6d3,"Codex; revisione dell’assistente, non valutatore umano indipendente",Astensione: ricerca nelle fonti e nel supporto senza prescrivere la procedura E42.,"{""date"": ""2026-09-26"", ""type"": ""lettura_semantica_nuova_replica"", ""reference"": ""../../docs/ticket_demo/cases.json""}"
Mac,campagna_mac_replica_2026-09-26,run_265.json,B_cloud,procedura_e42,k_0.25,2,4,0.0001,5.630783876225025,5,M115,A,insufficienti,False,False,False,False,False,False,[],ebaf93004ef9c000ce1cf2789bd78b0f877952c34f957f793c1bafea524ff8a4,6835dbc9a4db7841d34e744b0bd97e1962ccca552b86946f6261ca91c6027003,"Codex; revisione dell’assistente, non valutatore umano indipendente",Astensione: ricerca nelle fonti e nel supporto senza prescrivere la procedura E42.,"{""date"": ""2026-09-26"", ""type"": ""lettura_semantica_nuova_replica"", ""reference"": ""../../docs/ticket_demo/cases.json""}"
Mac,campagna_mac_replica_2026-09-26,run_266.json,B_cloud,procedura_e42,k_0.25,8,4,0.0001,5.630783876225025,5,M116,A,insufficienti,False,False,False,False,False,False,[],72010f9ee4d49b0e7ec92928fa568fb915974a9663244a8186e2bfa5e4d3a6cc,1bfd9f8319a3ba1de435b4841021765c211d2be2958c7beb013bb3a85fd83764,"Codex; revisione dell’assistente, non valutatore umano indipendente",Astensione: ricerca nelle fonti e nel supporto senza prescrivere la procedura E42.,"{""date"": ""2026-09-26"", ""type"": ""lettura_semantica_nuova_replica"", ""reference"": ""../../docs/ticket_demo/cases.json""}"
Mac,campagna_mac_replica_2026-09-26,run_267.json,B_cloud,procedura_e42,k_0,6,4,0.0001,5.630783876225025,0,M117,A,insufficienti,False,False,False,False,False,False,[],f670dad602796a006f439d2666bf62ab8921945dd630fedcaa68aa111dc857d2,637915df4238c15566ec4ab84d0995e97bfe19e8ec8b0c9c14950c3a469294b1,"Codex; revisione dell’assistente, non valutatore umano indipendente",Astensione: ricerca nelle fonti e nel supporto senza prescrivere la procedura E42.,"{""date"": ""2026-09-26"", ""type"": ""lettura_semantica_nuova_replica"", ""reference"": ""../../docs/ticket_demo/cases.json""}"
Mac,campagna_mac_replica_2026-09-26,run_268.json,B_cloud,procedura_e42,k_0.1,5,4,0.0001,5.630783876225025,0,M118,G,insufficienti,False,False,False,False,False,False,[],a8ebcccfddfed14be57fbec9373f17657931778747b21ec48c847e93d5ad616f,76de3bf45799eed25eb0ceb9592fe65292883a80a4c858265ff070f4d6f606f3,"Codex; revisione dell’assistente, non valutatore umano indipendente","Astensione con istruzioni speculative di spegnimento, scollegamento per 60 secondi e riaccensione.","{""date"": ""2026-09-26"", ""type"": ""lettura_semantica_nuova_replica"", ""reference"": ""../../docs/ticket_demo/cases.json""}"
Mac,campagna_mac_replica_2026-09-26,run_269.json,B_cloud,procedura_e42,k_0.1,1,4,0.0001,5.630783876225025,0,M119,A,insufficienti,False,False,False,False,False,False,[],c02a8f5e420ecbb9ebf03c768a67e275c1a493e4260c95be1fe0c38e32e2a1c8,6c819583bda2b69b4527383b3604b0b50179f954d7a02b1e3241a312ffd78e83,"Codex; revisione dell’assistente, non valutatore umano indipendente",Astensione: ricerca nelle fonti e nel supporto senza prescrivere la procedura E42.,"{""date"": ""2026-09-26"", ""type"": ""lettura_semantica_nuova_replica"", ""reference"": ""../../docs/ticket_demo/cases.json""}"
Mac,campagna_mac_replica_2026-09-26,run_270.json,D_cloud,errore_assente,adaptive,1,8,0.01,60.0,40,M120,negative_unsupported,completo,False,,,,False,True,"[""cache"", ""cancellare"", ""ferrosync"", ""locale"", ""raccettare"", ""riavviare"", ""servizio""]",2a79c1085349d822f711013b92ee9bb534e2aa3f8cf37247fb92889382d16fde,a861d526aea88671a71fb3e19bd1b4c3b74a7955f0a6a8750ca49f54c85fc4a9,"Codex; revisione dell’assistente, non valutatore umano indipendente","Attribuisce a E99 la cancellazione della cache e il riavvio, pur non essendo E99 descritto nei ticket.","{""date"": ""2026-09-26"", ""type"": ""lettura_semantica_nuova_replica"", ""reference"": ""../../docs/ticket_demo/cases.json""}"
Mac,campagna_mac_replica_2026-09-26,run_271.json,D_cloud,dettaglio_condiviso,adaptive,2,8,0.01,60.0,40,M121,target_wrong,degradato,False,,,,False,True,"[""clusterinternoaurora""]",f173da2625ec96f2a0bdbba158f551c3b7f101f841e3b3ee6a0f9dfd51d434fd,9b89025ce7a6d932b28f6e15132a70d402f723874a425e9b4c7cc3b179fa66ce,"Codex; revisione dell’assistente, non valutatore umano indipendente","Restituisce solo aurora, non l’identificativo completo clusterinternoaurora.","{""date"": ""2026-09-26"", ""type"": ""lettura_semantica_nuova_replica"", ""reference"": ""../../docs/ticket_demo/cases.json""}"
Mac,campagna_mac_replica_2026-09-26,run_272.json,D_cloud,dettaglio_condiviso,adaptive,0,8,0.01,60.0,40,R122,identifier_correct,completo,True,,,,True,True,"[""clusterinternoaurora""]",387ff6660102036ff34c14e8ce917c993c84f256279cdb8310b4b3d10c2208de,2754c6012cd985ab0176eca8b5fe0e4ad72b956f00c9665ebf066544ae413284,"Codex; revisione dell’assistente, non valutatore umano indipendente",Identificativo esatto,"{""date"": ""2026-09-22"", ""type"": ""giudizio_conservato_su_testo_identico"", ""source"": ""../valutazione_mac_rtx_2026-09-22/valutazioni_risposte.json""}"
Mac,campagna_mac_replica_2026-09-26,run_273.json,D_cloud,dettaglio_condiviso,adaptive,4,8,0.01,60.0,40,R122,identifier_correct,completo,True,,,,True,True,"[""clusterinternoaurora""]",e475fcd861441060cf6d9f9818a3f395a8c3f2032c8f7774ded24cb8977851c9,2754c6012cd985ab0176eca8b5fe0e4ad72b956f00c9665ebf066544ae413284,"Codex; revisione dell’assistente, non valutatore umano indipendente",Identificativo esatto,"{""date"": ""2026-09-22"", ""type"": ""giudizio_conservato_su_testo_identico"", ""source"": ""../valutazione_mac_rtx_2026-09-22/valutazioni_risposte.json""}"
Mac,campagna_mac_replica_2026-09-26,run_274.json,D_cloud,dettaglio_condiviso,adaptive,1,8,0.01,60.0,40,R122,identifier_correct,completo,True,,,,True,True,"[""clusterinternoaurora""]",a7ad8d7a190e9a5ec29d5ac39b199a94ce6c211c123a5d479e1d40cc1419d59d,2754c6012cd985ab0176eca8b5fe0e4ad72b956f00c9665ebf066544ae413284,"Codex; revisione dell’assistente, non valutatore umano indipendente",Identificativo esatto,"{""date"": ""2026-09-22"", ""type"": ""giudizio_conservato_su_testo_identico"", ""source"": ""../valutazione_mac_rtx_2026-09-22/valutazioni_risposte.json""}"
Mac,campagna_mac_replica_2026-09-26,run_275.json,D_cloud,errore_assente,adaptive,4,8,0.01,60.0,40,M122,negative_unsupported,completo,False,,,,False,True,"[""cache"", ""cancellare"", ""ferrosync"", ""locale"", ""raccettare"", ""riavviare"", ""servizio""]",ce4e82a2f8152866330a3e336173051528622f42ac6f359bc598e1fdac59d7d1,c5ec829cadc42c243e7f80a3c679464a5ae397d9b3db485a2dfab354344e4c55,"Codex; revisione dell’assistente, non valutatore umano indipendente",Prescrive riavvio e cancellazione cache per E99 assente dal corpus.,"{""date"": ""2026-09-26"", ""type"": ""lettura_semantica_nuova_replica"", ""reference"": ""../../docs/ticket_demo/cases.json""}"
Mac,campagna_mac_replica_2026-09-26,run_276.json,D_cloud,errore_assente,adaptive,0,8,0.01,60.0,40,M123,negative_correct,completo,True,,,,True,True,"[""cache"", ""locale""]",3e697347e5d61f74b6c44003ac85dd25e254173ff0aad9a1176e3088a31a1d03,46b39b4107788ce826e2751195a92b3e2838e9b9e51bfcceff6369b810dd4c68,"Codex; revisione dell’assistente, non valutatore umano indipendente",Si astiene esplicitamente perché E99 non è descritto.,"{""date"": ""2026-09-26"", ""type"": ""lettura_semantica_nuova_replica"", ""reference"": ""../../docs/ticket_demo/cases.json""}"
Mac,campagna_mac_replica_2026-09-26,run_277.json,D_cloud,dettaglio_condiviso,adaptive,3,8,0.01,60.0,40,M124,target_wrong,degradato,False,,,,False,True,"[""clusterinternoaurora""]",274b720c390eaa62a1fdd8825f34e55d238e08d679e174926bd3673dc52cf258,0d59f457f50c52f1eb4da27fdb0c2dc38914b337b5343ad1d442653834153677,"Codex; revisione dell’assistente, non valutatore umano indipendente",Inventa l’identificativo C-0A3F7E1B invece di copiare clusterinternoaurora.,"{""date"": ""2026-09-26"", ""type"": ""lettura_semantica_nuova_replica"", ""reference"": ""../../docs/ticket_demo/cases.json""}"
Mac,campagna_mac_replica_2026-09-26,run_278.json,D_cloud,errore_assente,adaptive,3,8,0.01,60.0,40,M125,negative_correct,completo,True,,,,True,True,"[""cache"", ""cancellare"", ""ferrosync"", ""locale"", ""raccettare"", ""riavviare"", ""servizio""]",5968d019e29a7a67476fa3b7e60fcf10542ee921add828c85beb2bf055f3173c,5c4eab078b02a83fb5a93583b1af2bd5289a8ac844667db9426a1aa669e851be,"Codex; revisione dell’assistente, non valutatore umano indipendente",Non disponibile: riconosce l’assenza di informazioni specifiche su E99.,"{""date"": ""2026-09-26"", ""type"": ""lettura_semantica_nuova_replica"", ""reference"": ""../../docs/ticket_demo/cases.json""}"
Mac,campagna_mac_replica_2026-09-26,run_279.json,D_cloud,errore_assente,adaptive,2,8,0.01,60.0,40,M126,negative_correct,completo,True,,,,True,True,"[""cache"", ""cancellare"", ""ferrosync"", ""locale"", ""raccettare"", ""riavviare"", ""servizio""]",f34bd1806d8f31beaab76f21fe6522f889566649aa9e86a19b9f0ea49e4212c4,0b63a7243be43377fecbc461db276b21a197f36ecc06fd77c665c9a5f1a3caea,"Codex; revisione dell’assistente, non valutatore umano indipendente",Si astiene esplicitamente sull’errore E99 assente.,"{""date"": ""2026-09-26"", ""type"": ""lettura_semantica_nuova_replica"", ""reference"": ""../../docs/ticket_demo/cases.json""}"
RTX,campagna_rtx_2026-09-21,run_150.json,C1_cloud,dettaglio_unico,adaptive,0,8,0.01,60.0,40,R128,unique_abstention,insufficienti,,,,,,False,[],74a23ccea6fd0cda14298fc6b2c2afbc9b23215ad82512a0703ba0aa0a298499,1f49d149b4a6dbc8772fec02bd9a8b5a9638139f353f8260d3ac83cacd8cf96c,"Codex; revisione dell’assistente, non valutatore umano indipendente","Astensione, codice privato non inventato; domanda ambigua","{""date"": ""2026-09-22"", ""type"": ""giudizio_conservato_su_testo_identico"", ""source"": ""../valutazione_mac_rtx_2026-09-22/valutazioni_risposte.json""}"
RTX,campagna_rtx_2026-09-21,run_151.json,C1_cloud,procedura_e42,adaptive,2,8,0.01,60.0,40,R129,C_extra,completo,True,True,False,False,True,True,"[""arrestare"", ""cache"", ""cancellare"", ""ferrosync"", ""locale"", ""riavviare"", ""ricorrere"", ""servizio"", ""tecnico""]",b180bd014e9e51815f0595197a812c182f1e48db84084836e9c9da799c23baaa,7c00c72b4da3d295e24baf260b8ee0cc4039f33df1d37bd3420a70346571c31a,"Codex; revisione dell’assistente, non valutatore umano indipendente","Nucleo corretto, dettagli o operazioni non documentati","{""date"": ""2026-09-22"", ""type"": ""giudizio_conservato_su_testo_identico"", ""source"": ""../valutazione_mac_rtx_2026-09-22/valutazioni_risposte.json""}"
RTX,campagna_rtx_2026-09-21,run_152.json,C1_cloud,super_bowl,adaptive,0,8.0,0.01,60.0,40,R130,target_wrong,completo,False,,,,False,True,"[""bowl"", ""england"", ""new"", ""patriots"", ""super"", ""won""]",330205b099e29d9b00cbcf0a9268332ce54290f04b07b665e304d8a4cb73e4e9,abe5c7bf121a6fde74c10f26d4c82f9e36abf83a9ff0b24ca31fd02ce2b353d5,"Codex; revisione dell’assistente, non valutatore umano indipendente",Risposta principale errata,"{""date"": ""2026-09-22"", ""type"": ""giudizio_conservato_su_testo_identico"", ""source"": ""../valutazione_mac_rtx_2026-09-22/valutazioni_risposte.json""}"
RTX,campagna_rtx_2026-09-21,run_153.json,C1_cloud,procedura_e42,adaptive,3,8,0.01,60.0,40,R131,C_extra,completo,True,True,False,False,True,True,"[""arrestare"", ""cache"", ""cancellare"", ""ferrosync"", ""locale"", ""riavviare"", ""ricorrere"", ""servizio"", ""tecnico""]",4168531cc9b975853ea6502321c8554f851a8c58032b0513d7ca0eca990554e1,52bc6bec6abc899f8a75ae94a89cc839e528a2b6ec1d03ba85885d214cc26088,"Codex; revisione dell’assistente, non valutatore umano indipendente","Nucleo corretto, dettagli o operazioni non documentati","{""date"": ""2026-09-22"", ""type"": ""giudizio_conservato_su_testo_identico"", ""source"": ""../valutazione_mac_rtx_2026-09-22/valutazioni_risposte.json""}"
RTX,campagna_rtx_2026-09-21,run_154.json,C1_cloud,super_bowl,adaptive,4,1.0,0.0001,60.0,40,R132,target_correct,insufficienti,True,,,,True,False,[],a185f6fb4996ac7b005b0168a238939a6089d78cd6ba91f061f929938bbed883,73e5b7f6b5efec32b0191f1aac835b97213fbe38426009020d33f8ba8a140a47,"Codex; revisione dell’assistente, non valutatore umano indipendente",Risposta principale corretta,"{""date"": ""2026-09-22"", ""type"": ""giudizio_conservato_su_testo_identico"", ""source"": ""../valutazione_mac_rtx_2026-09-22/valutazioni_risposte.json""}"
RTX,campagna_rtx_2026-09-21,run_155.json,C1_cloud,super_bowl,adaptive,3,8.0,0.01,60.0,40,R133,contradictory,completo,False,,,,False,True,"[""bowl"", ""england"", ""new"", ""patriots"", ""super"", ""won""]",71b39ac44d6e73bd63ae8fc4e65f9630b282080b59821895e5fba994b2bfd943,e0adde932ee1a22ea8bf264dcb46bd92d508fd9807e96ecac5abbd1c27d5762d,"Codex; revisione dell’assistente, non valutatore umano indipendente","Risposta iniziale Patriots, correzione Denver Broncos in nota: contraddittoria.","{""date"": ""2026-09-22"", ""type"": ""giudizio_conservato_su_testo_identico"", ""source"": ""../valutazione_mac_rtx_2026-09-22/valutazioni_risposte.json""}"
RTX,campagna_rtx_2026-09-21,run_156.json,C1_cloud,super_bowl,adaptive,0,1.0,0.0001,60.0,40,R134,target_correct,insufficienti,True,,,,True,False,[],5ef0415b60c474b73269a32b00cd99f1939f91948b6ba60d571b4d0f46dc2ab2,f7df6021e5069a86e107cf2d85f86c0bc8ffcf18f48284e787e6a4a10e3b719d,"Codex; revisione dell’assistente, non valutatore umano indipendente",Risposta principale corretta,"{""date"": ""2026-09-22"", ""type"": ""giudizio_conservato_su_testo_identico"", ""source"": ""../valutazione_mac_rtx_2026-09-22/valutazioni_risposte.json""}"
RTX,campagna_rtx_2026-09-21,run_157.json,C1_cloud,procedura_e42,adaptive,0,8,0.01,60.0,40,R135,C_generic,completo,True,True,False,True,True,True,"[""arrestare"", ""cache"", ""cancellare"", ""ferrosync"", ""locale"", ""riavviare"", ""ricorrere"", ""servizio"", ""tecnico""]",378854d7dffa1f5dee48346cec10f7a0c8bd5b0a189349a87677df067d00fb4a,1f723e7908c61afc478fbf409f7308bb8d7406f6331a2858217be7a9d4f8b549,"Codex; revisione dell’assistente, non valutatore umano indipendente","Procedura corretta, consigli generici accessori","{""date"": ""2026-09-22"", ""type"": ""giudizio_conservato_su_testo_identico"", ""source"": ""../valutazione_mac_rtx_2026-09-22/valutazioni_risposte.json""}"
RTX,campagna_rtx_2026-09-21,run_158.json,C1_cloud,dettaglio_unico,adaptive,2,8,0.01,60.0,40,R136,unique_abstention,insufficienti,,,,,,False,[],47d00ae89321777d5887770ed47d62d2a1b3e8064cc9c156a308dfd805f83806,ea06c07b9ee8aa44374949e21876908d2cbfd77c53ca2c2aaf3aa312351a718e,"Codex; revisione dell’assistente, non valutatore umano indipendente","Astensione, codice privato non inventato; domanda ambigua","{""date"": ""2026-09-22"", ""type"": ""giudizio_conservato_su_testo_identico"", ""source"": ""../valutazione_mac_rtx_2026-09-22/valutazioni_risposte.json""}"
RTX,campagna_rtx_2026-09-21,run_159.json,C1_cloud,procedura_e42,adaptive,1,8,0.01,60.0,40,R137,C_generic,completo,True,True,False,True,True,True,"[""arrestare"", ""cache"", ""cancellare"", ""ferrosync"", ""locale"", ""riavviare"", ""ricorrere"", ""servizio"", ""tecnico""]",fd07c2813d85cdf27caa31714ae3e705ec4a873f8828bbc58cd89ee4a0cc0ed5,623b2134b52dd36bdeb19dbae327579e01d0605ffcb02b30f63f106c6b2fcdd0,"Codex; revisione dell’assistente, non valutatore umano indipendente","Procedura corretta, consigli generici accessori","{""date"": ""2026-09-22"", ""type"": ""giudizio_conservato_su_testo_identico"", ""source"": ""../valutazione_mac_rtx_2026-09-22/valutazioni_risposte.json""}"
RTX,campagna_rtx_2026-09-21,run_160.json,C1_cloud,super_bowl,adaptive,3,1.0,0.0001,60.0,40,R138,target_correct,insufficienti,True,,,,True,False,[],095f4543e9d998ef1b871872f8f34218c93baf0bf0fdbf503093a11a62974096,1141a9a98a713d8402bc6fed9f2ecb6fa468864b7711f3d89067cbaa06939ab4,"Codex; revisione dell’assistente, non valutatore umano indipendente",Risposta principale corretta,"{""date"": ""2026-09-22"", ""type"": ""giudizio_conservato_su_testo_identico"", ""source"": ""../valutazione_mac_rtx_2026-09-22/valutazioni_risposte.json""}"
RTX,campagna_rtx_2026-09-21,run_161.json,C1_cloud,super_bowl,adaptive,1,1.0,0.0001,60.0,40,R134,target_correct,insufficienti,True,,,,True,False,[],73619694875905dd3a7daa4ae9bb36feff782785427e6c03a2091f2e456b076e,f7df6021e5069a86e107cf2d85f86c0bc8ffcf18f48284e787e6a4a10e3b719d,"Codex; revisione dell’assistente, non valutatore umano indipendente",Risposta principale corretta,"{""date"": ""2026-09-22"", ""type"": ""giudizio_conservato_su_testo_identico"", ""source"": ""../valutazione_mac_rtx_2026-09-22/valutazioni_risposte.json""}"
RTX,campagna_rtx_2026-09-21,run_162.json,C1_cloud,super_bowl,adaptive,2,8.0,0.01,60.0,40,R003,target_correct,completo,True,,,,True,True,"[""bowl"", ""england"", ""new"", ""patriots"", ""super"", ""won""]",92ee916c7e04d0b47a22bb83989aae15c1cd2c9ff759af7f53490e9b959c279a,5fd8350be76011d6f4fe52ab00cf207c2df87ff4e05b61eb5bd99e7b34d78928,"Codex; revisione dell’assistente, non valutatore umano indipendente",Risposta principale corretta,"{""date"": ""2026-09-22"", ""type"": ""giudizio_conservato_su_testo_identico"", ""source"": ""../valutazione_mac_rtx_2026-09-22/valutazioni_risposte.json""}"
RTX,campagna_rtx_2026-09-21,run_163.json,C1_cloud,procedura_e42,adaptive,4,8,0.01,60.0,40,R139,C_extra,completo,True,True,False,False,True,True,"[""arrestare"", ""cache"", ""cancellare"", ""ferrosync"", ""locale"", ""riavviare"", ""ricorrere"", ""servizio"", ""tecnico""]",dfd667cb4c1fb6de4215dafa2a271fc65a3a256d739e2da6e7602e6e07634522,4333063edfa0dd7ae7bb56573b1a35d3b3cbcb8072aaa03d2986084bf7413390,"Codex; revisione dell’assistente, non valutatore umano indipendente","Nucleo corretto, dettagli o operazioni non documentati","{""date"": ""2026-09-22"", ""type"": ""giudizio_conservato_su_testo_identico"", ""source"": ""../valutazione_mac_rtx_2026-09-22/valutazioni_risposte.json""}"
RTX,campagna_rtx_2026-09-21,run_164.json,C1_cloud,super_bowl,adaptive,2,1.0,0.0001,60.0,40,R140,target_correct,insufficienti,True,,,,True,False,[],52206b6ec7acd090a0e3bb7f0e596b8c0012aa827ef15e9c0d4335332fcc2fd3,210917867f939df759b9756045cc9f457c39937f31d8a23f69793a52147acb78,"Codex; revisione dell’assistente, non valutatore umano indipendente",Risposta principale corretta,"{""date"": ""2026-09-22"", ""type"": ""giudizio_conservato_su_testo_identico"", ""source"": ""../valutazione_mac_rtx_2026-09-22/valutazioni_risposte.json""}"
RTX,campagna_rtx_2026-09-21,run_165.json,C1_cloud,dettaglio_unico,adaptive,3,8,0.01,60.0,40,R141,unique_abstention,insufficienti,,,,,,False,[],24bab567eceb88c76d264d48efe563e570deff01bb0be305c44542b0339a76b6,f95e4c18512970d196b4fac2ec8782f90328649e87fed94df9ad571c2e933c2e,"Codex; revisione dell’assistente, non valutatore umano indipendente","Astensione, codice privato non inventato; domanda ambigua","{""date"": ""2026-09-22"", ""type"": ""giudizio_conservato_su_testo_identico"", ""source"": ""../valutazione_mac_rtx_2026-09-22/valutazioni_risposte.json""}"
RTX,campagna_rtx_2026-09-21,run_166.json,C1_cloud,dettaglio_unico,adaptive,4,8,0.01,60.0,40,R142,unique_abstention,insufficienti,,,,,,False,[],579ae8515eaa8396168d19ffad2e80344ac5c05751f81d3a0f6e440494bef4f0,8806ef61b6b99a1b721dd5263ae09bf27a0c85a1259e3a36ed499b4bf7a3afa7,"Codex; revisione dell’assistente, non valutatore umano indipendente","Astensione, codice privato non inventato; domanda ambigua","{""date"": ""2026-09-22"", ""type"": ""giudizio_conservato_su_testo_identico"", ""source"": ""../valutazione_mac_rtx_2026-09-22/valutazioni_risposte.json""}"
RTX,campagna_rtx_2026-09-21,run_167.json,C1_cloud,dettaglio_unico,adaptive,1,8,0.01,60.0,40,R143,unique_abstention,insufficienti,,,,,,False,[],aed5bb43947cec33f4d1ef9990203d71f750e99a66e84c578dc5a98daa755a59,705d8d244bf837f526c2c8eb8c661848550d0d31a2690a361ab596e28cd769af,"Codex; revisione dell’assistente, non valutatore umano indipendente","Astensione, codice privato non inventato; domanda ambigua","{""date"": ""2026-09-22"", ""type"": ""giudizio_conservato_su_testo_identico"", ""source"": ""../valutazione_mac_rtx_2026-09-22/valutazioni_risposte.json""}"
RTX,campagna_rtx_2026-09-21,run_168.json,C1_cloud,super_bowl,adaptive,4,8.0,0.01,60.0,40,R144,target_correct,completo,True,,,,True,True,"[""bowl"", ""england"", ""new"", ""patriots"", ""super"", ""won""]",61ae6e60496b766a74184296e4c39777e0c5dff9160df58d5e04177228ea0add,e31e521e3aba9b2f3296c1f58cd2f11d283ad9d7bf0dfc4548a26b10dbe96eb0,"Codex; revisione dell’assistente, non valutatore umano indipendente",Risposta principale corretta,"{""date"": ""2026-09-22"", ""type"": ""giudizio_conservato_su_testo_identico"", ""source"": ""../valutazione_mac_rtx_2026-09-22/valutazioni_risposte.json""}"
RTX,campagna_rtx_2026-09-21,run_169.json,C1_cloud,super_bowl,adaptive,1,8.0,0.01,60.0,40,R145,contradictory,completo,False,,,,False,True,"[""bowl"", ""england"", ""new"", ""patriots"", ""super"", ""won""]",3a2679911a77a66a78a7d5d57cd518044424420fdc043965551a6ce449a1dcd3,f402765e9e6e2010db3ccc768c181c7d5f91e25898874dfa1444b33e802b4324,"Codex; revisione dell’assistente, non valutatore umano indipendente","Risposta iniziale Patriots, correzione Denver Broncos in nota: contraddittoria.","{""date"": ""2026-09-22"", ""type"": ""giudizio_conservato_su_testo_identico"", ""source"": ""../valutazione_mac_rtx_2026-09-22/valutazioni_risposte.json""}"
RTX,campagna_rtx_2026-09-21,run_170.json,C3_cloud,procedura_e42,adaptive,2,4,0.0001,30.0,40,R146,A,insufficienti,False,False,False,False,False,False,[],09f873b9e4f2c006ddcda5f053ec17105d4c1ba651208bd08a38268e863fc365,ff2a7d242e3e9798f5e66ab634f370165ef7ac8c10b1ac8a26d4e367f095b358,"Codex; revisione dell’assistente, non valutatore umano indipendente",Astensione sul caso E42 rispondibile,"{""date"": ""2026-09-22"", ""type"": ""giudizio_conservato_su_testo_identico"", ""source"": ""../valutazione_mac_rtx_2026-09-22/valutazioni_risposte.json""}"
RTX,campagna_rtx_2026-09-21,run_171.json,C3_cloud,procedura_e42,fixed_20,4,4,0.0001,15.0,20,R147,A,insufficienti,False,False,False,False,False,False,[],1aee86e5248bb8d38c7867f87acb8094df73f91b60a036ab4014a4f54af02b0a,3fc4c87d143aadb59bdb5dd99f93a02b8a883e53477cdf76de28a9914aa70d6b,"Codex; revisione dell’assistente, non valutatore umano indipendente",Astensione sul caso E42 rispondibile,"{""date"": ""2026-09-22"", ""type"": ""giudizio_conservato_su_testo_identico"", ""source"": ""../valutazione_mac_rtx_2026-09-22/valutazioni_risposte.json""}"
RTX,campagna_rtx_2026-09-21,run_172.json,C3_cloud,procedura_e42,fixed_20,3,4,0.0001,15.0,20,R148,A_extra,insufficienti,False,False,False,False,False,False,[],b659cfb7b6486068c1e27e9e41ac3df8b1c9c3dedca9be967ecb9051e5d93946,e06fc6e9b62a70fa890c8b5b46be5db0eca266f1a087f7952fc2505bd11e1ed9,"Codex; revisione dell’assistente, non valutatore umano indipendente","Afferma cause frequenti di E42 (ricalibrazione, parametri, rollback) pur dichiarando assenza di fonti.","{""date"": ""2026-09-22"", ""type"": ""giudizio_conservato_su_testo_identico"", ""source"": ""../valutazione_mac_rtx_2026-09-22/valutazioni_risposte.json""}"
RTX,campagna_rtx_2026-09-21,run_173.json,C3_cloud,procedura_e42,fixed_40,1,4,0.0001,15.0,40,R149,A,insufficienti,False,False,False,False,False,False,[],d81a31516dc5ec8e8dc8615b9b81eee120d8cbcf7540cde2e3f5168a5f754a83,e0b86f6216edc3a4dfaa82a6cf605cf7f75e7ec6c5f8ea8d441f28825dcebf5e,"Codex; revisione dell’assistente, non valutatore umano indipendente",Astensione sul caso E42 rispondibile,"{""date"": ""2026-09-22"", ""type"": ""giudizio_conservato_su_testo_identico"", ""source"": ""../valutazione_mac_rtx_2026-09-22/valutazioni_risposte.json""}"
RTX,campagna_rtx_2026-09-21,run_174.json,C3_cloud,procedura_e42,fixed_40,4,4,0.0001,15.0,40,R150,A,insufficienti,False,False,False,False,False,False,[],f06b79ac09f2a52da5a3efce9e07ab386aa1787b6f7b82cedcffb657f3cdcda5,abffd9a5120f4dd19ea5b92f7de333afbd0d58039662699e2ec353a20bf4289b,"Codex; revisione dell’assistente, non valutatore umano indipendente",Astensione sul caso E42 rispondibile,"{""date"": ""2026-09-22"", ""type"": ""giudizio_conservato_su_testo_identico"", ""source"": ""../valutazione_mac_rtx_2026-09-22/valutazioni_risposte.json""}"
RTX,campagna_rtx_2026-09-21,run_175.json,C3_cloud,procedura_e42,fixed_40,0,4,0.0001,15.0,40,R151,A,insufficienti,False,False,False,False,False,False,[],663f353b2e846dd200544b4973ccd8a30735737619684f63b33193d33bbf8316,2bbc580413dc142ff29991dc395e9ae2d56679399391a8f205aefe6fbb09c61a,"Codex; revisione dell’assistente, non valutatore umano indipendente",Astensione sul caso E42 rispondibile,"{""date"": ""2026-09-22"", ""type"": ""giudizio_conservato_su_testo_identico"", ""source"": ""../valutazione_mac_rtx_2026-09-22/valutazioni_risposte.json""}"
RTX,campagna_rtx_2026-09-21,run_176.json,C3_cloud,procedura_e42,fixed_20,3,4,0.0001,30.0,20,R152,A,insufficienti,False,False,False,False,False,False,[],e0f0d99c1822ef6292032d830f6ad21326f68bc3318ac47c787aecc621f1ab95,b6c92bf9b78ceaf1c00ec5bd1cd14122597b459ba4d7fe146d1f89d28d189912,"Codex; revisione dell’assistente, non valutatore umano indipendente",Astensione sul caso E42 rispondibile,"{""date"": ""2026-09-22"", ""type"": ""giudizio_conservato_su_testo_identico"", ""source"": ""../valutazione_mac_rtx_2026-09-22/valutazioni_risposte.json""}"
RTX,campagna_rtx_2026-09-21,run_177.json,C3_cloud,procedura_e42,fixed_40,0,4,0.0001,30.0,40,R153,A,insufficienti,False,False,False,False,False,False,[],73c871ada9390095c2e13f184e038a32812c363aca4bf4872663ef6606dd69bf,7e4b25c184135961339d53e2661bae1e89ba19db029092444e61f87be69408c1,"Codex; revisione dell’assistente, non valutatore umano indipendente",Astensione sul caso E42 rispondibile,"{""date"": ""2026-09-22"", ""type"": ""giudizio_conservato_su_testo_identico"", ""source"": ""../valutazione_mac_rtx_2026-09-22/valutazioni_risposte.json""}"
RTX,campagna_rtx_2026-09-21,run_178.json,C3_cloud,procedura_e42,fixed_40,2,4,0.0001,15.0,40,R154,A,insufficienti,False,False,False,False,False,False,[],b42d56c6dd96ca7e1591208850c9504af14b8e8959f04938929be7e974b4da4a,eb03c1a93acb16a0777044c2888eca3ed4124bf42638c14b17a207b7328bdcc5,"Codex; revisione dell’assistente, non valutatore umano indipendente",Astensione sul caso E42 rispondibile,"{""date"": ""2026-09-22"", ""type"": ""giudizio_conservato_su_testo_identico"", ""source"": ""../valutazione_mac_rtx_2026-09-22/valutazioni_risposte.json""}"
RTX,campagna_rtx_2026-09-21,run_179.json,C3_cloud,procedura_e42,adaptive,4,4,0.0001,15.0,40,R155,A,insufficienti,False,False,False,False,False,False,[],8cfa321d09a05182efb141206ba100c69ee17df3ee5e71cec5a90919cd8bfb7b,1b8d877de173363885704c0439fb4073fb26638d1f1d65a1be49e167ff8b6846,"Codex; revisione dell’assistente, non valutatore umano indipendente",Astensione sul caso E42 rispondibile,"{""date"": ""2026-09-22"", ""type"": ""giudizio_conservato_su_testo_identico"", ""source"": ""../valutazione_mac_rtx_2026-09-22/valutazioni_risposte.json""}"
RTX,campagna_rtx_2026-09-21,run_180.json,C3_cloud,procedura_e42,fixed_40,4,4,0.0001,30.0,40,R156,A,insufficienti,False,False,False,False,False,False,[],48fef84ea976401493fcd02ab9671782bc44bc59cebf95ef8099e0eacef1b09e,c6ba3a12adff724859e3f565ae682b98a82a88a621f70dc84fdc619ca78500df,"Codex; revisione dell’assistente, non valutatore umano indipendente",Astensione sul caso E42 rispondibile,"{""date"": ""2026-09-22"", ""type"": ""giudizio_conservato_su_testo_identico"", ""source"": ""../valutazione_mac_rtx_2026-09-22/valutazioni_risposte.json""}"
RTX,campagna_rtx_2026-09-21,run_181.json,C3_cloud,procedura_e42,fixed_40,1,4,0.0001,30.0,40,R157,A,insufficienti,False,False,False,False,False,False,[],8ea6dee2272596d9e088f4a266ba1c311373f7879e7a6bf68ee19c8f7be552b2,647228b5338b41f84edf9477434d6b1f037a94982225674e4fa79bdeb5974952,"Codex; revisione dell’assistente, non valutatore umano indipendente",Astensione sul caso E42 rispondibile,"{""date"": ""2026-09-22"", ""type"": ""giudizio_conservato_su_testo_identico"", ""source"": ""../valutazione_mac_rtx_2026-09-22/valutazioni_risposte.json""}"
RTX,campagna_rtx_2026-09-21,run_182.json,C3_cloud,procedura_e42,fixed_40,2,4,0.0001,30.0,40,R158,A,insufficienti,False,False,False,False,False,False,[],4c6459c0d897e83d4f7fcab08574e08a5ee0d0d4015f33c484ee3a724b3bd8ce,d4d9e4437a292c5ef8922b7baebe2f01670ffa655ab05d954d6395ec6a45e09b,"Codex; revisione dell’assistente, non valutatore umano indipendente",Astensione sul caso E42 rispondibile,"{""date"": ""2026-09-22"", ""type"": ""giudizio_conservato_su_testo_identico"", ""source"": ""../valutazione_mac_rtx_2026-09-22/valutazioni_risposte.json""}"
RTX,campagna_rtx_2026-09-21,run_183.json,C3_cloud,procedura_e42,fixed_40,3,4,0.0001,30.0,40,R159,A,insufficienti,False,False,False,False,False,False,[],95d6b43bee2d1a1fdcd3e119fea16f6f07dd917ec73058a9d93b7582ecb9339f,12b51207f35ae047779244f2dbb491867f4ff716a5a3c1ba1584fab22d53958b,"Codex; revisione dell’assistente, non valutatore umano indipendente",Astensione sul caso E42 rispondibile,"{""date"": ""2026-09-22"", ""type"": ""giudizio_conservato_su_testo_identico"", ""source"": ""../valutazione_mac_rtx_2026-09-22/valutazioni_risposte.json""}"
RTX,campagna_rtx_2026-09-21,run_184.json,C3_cloud,procedura_e42,adaptive,4,4,0.0001,30.0,40,R160,A,insufficienti,False,False,False,False,False,False,[],05af25368a7a1012842e1b9ee25b0db56fb0782d673396dfd0959763591b1ae8,8c64947a3ea627ef6a924fa8902d0206b999174c55cd6deed78173ec90f9bb96,"Codex; revisione dell’assistente, non valutatore umano indipendente",Astensione sul caso E42 rispondibile,"{""date"": ""2026-09-22"", ""type"": ""giudizio_conservato_su_testo_identico"", ""source"": ""../valutazione_mac_rtx_2026-09-22/valutazioni_risposte.json""}"
RTX,campagna_rtx_2026-09-21,run_185.json,C3_cloud,procedura_e42,adaptive,0,4,0.0001,30.0,40,R161,A,insufficienti,False,False,False,False,False,False,[],42df89dcd129a11b858ec3bf34b505fe2b6d81e7abdbe64a15a143f075ba6d8b,c109d4c82a11497b9a72c70f9a8f378a32bda1cf82d47d71a30fb1cfb7d4a0a3,"Codex; revisione dell’assistente, non valutatore umano indipendente",Astensione sul caso E42 rispondibile,"{""date"": ""2026-09-22"", ""type"": ""giudizio_conservato_su_testo_identico"", ""source"": ""../valutazione_mac_rtx_2026-09-22/valutazioni_risposte.json""}"
RTX,campagna_rtx_2026-09-21,run_186.json,C3_cloud,procedura_e42,fixed_40,3,4,0.0001,15.0,40,R162,A,insufficienti,False,False,False,False,False,False,[],d0f010d45ca23193aabd0d2b0ad8dfb351d055a8f51bade318ece294248fd3f9,fa21a90fef5cec060a0ebf9f8dbbeb3a4bdc339ee7f84a68fc783b7e8eb448fb,"Codex; revisione dell’assistente, non valutatore umano indipendente",Astensione sul caso E42 rispondibile,"{""date"": ""2026-09-22"", ""type"": ""giudizio_conservato_su_testo_identico"", ""source"": ""../valutazione_mac_rtx_2026-09-22/valutazioni_risposte.json""}"
RTX,campagna_rtx_2026-09-21,run_187.json,C3_cloud,procedura_e42,adaptive,0,4,0.0001,15.0,40,R163,A,insufficienti,False,False,False,False,False,False,[],3a89acf4a679a30bd0d78229e6bf5b9598a065e105a429e96a5c85907cb78474,75920911b047fdf8315cdd9fa042822735032adc411d6420554e9d7ce5f20db4,"Codex; revisione dell’assistente, non valutatore umano indipendente",Astensione sul caso E42 rispondibile,"{""date"": ""2026-09-22"", ""type"": ""giudizio_conservato_su_testo_identico"", ""source"": ""../valutazione_mac_rtx_2026-09-22/valutazioni_risposte.json""}"
RTX,campagna_rtx_2026-09-21,run_188.json,C3_cloud,procedura_e42,fixed_20,1,4,0.0001,30.0,20,R164,A,insufficienti,False,False,False,False,False,False,[],574b6855c45d232813505f36ad3f6c40122cd5982c485a3c8d816905a4347c44,e88710c81a9c0c36bab5ebf041d106c37a075a8aec1cb23d8f44c3dd142bdda6,"Codex; revisione dell’assistente, non valutatore umano indipendente",Astensione sul caso E42 rispondibile,"{""date"": ""2026-09-22"", ""type"": ""giudizio_conservato_su_testo_identico"", ""source"": ""../valutazione_mac_rtx_2026-09-22/valutazioni_risposte.json""}"
RTX,campagna_rtx_2026-09-21,run_189.json,C3_cloud,procedura_e42,adaptive,1,4,0.0001,30.0,40,R165,A,insufficienti,False,False,False,False,False,False,[],10860a5651a20117552a03600309a6631e48875f245ca3cc7feba884c102de0d,0c152f35f2d317b82678a770fb81f992ab83b2412b3a6d04099300810e0854d3,"Codex; revisione dell’assistente, non valutatore umano indipendente",Astensione sul caso E42 rispondibile,"{""date"": ""2026-09-22"", ""type"": ""giudizio_conservato_su_testo_identico"", ""source"": ""../valutazione_mac_rtx_2026-09-22/valutazioni_risposte.json""}"
RTX,campagna_rtx_2026-09-21,run_190.json,C3_cloud,procedura_e42,adaptive,3,4,0.0001,30.0,40,R166,A,insufficienti,False,False,False,False,False,False,[],0a34dab317a8f3aabb36a8f39480fc274a39ffb47a626b7750e0cc3cb646ab56,b1becbed1398f46fa772c068550e542e1ab7b0dc4c426d199e15912de8477002,"Codex; revisione dell’assistente, non valutatore umano indipendente",Astensione sul caso E42 rispondibile,"{""date"": ""2026-09-22"", ""type"": ""giudizio_conservato_su_testo_identico"", ""source"": ""../valutazione_mac_rtx_2026-09-22/valutazioni_risposte.json""}"
RTX,campagna_rtx_2026-09-21,run_191.json,C3_cloud,procedura_e42,fixed_20,4,4,0.0001,30.0,20,R167,A,insufficienti,False,False,False,False,False,False,[],ce99aaf39dc1e7f880fffa227b4baf671a3048a85aef3ef7f308035aaa2f5a0f,c2ffee91802aec3b67461c99b8b74b4400febd86dc67738e59c718897f4cd882,"Codex; revisione dell’assistente, non valutatore umano indipendente",Astensione sul caso E42 rispondibile,"{""date"": ""2026-09-22"", ""type"": ""giudizio_conservato_su_testo_identico"", ""source"": ""../valutazione_mac_rtx_2026-09-22/valutazioni_risposte.json""}"
RTX,campagna_rtx_2026-09-21,run_192.json,C3_cloud,procedura_e42,fixed_20,0,4,0.0001,30.0,20,R168,G,insufficienti,False,False,False,False,False,False,[],471205a74f248a88d2d99ba763006022b2a9743754eb3b8877dac9a7fc8a9cf5,2b0228ec35045f85f75ab0086227ad09dc4ffd1bfc299f992543dd7115b531c0,"Codex; revisione dell’assistente, non valutatore umano indipendente",Astensione con operazioni speculative,"{""date"": ""2026-09-22"", ""type"": ""giudizio_conservato_su_testo_identico"", ""source"": ""../valutazione_mac_rtx_2026-09-22/valutazioni_risposte.json""}"
RTX,campagna_rtx_2026-09-21,run_193.json,C3_cloud,procedura_e42,adaptive,3,4,0.0001,15.0,40,R169,G,insufficienti,False,False,False,False,False,False,[],905c0d39f5cb5661a9ab1ac5caa6abff7e32377e284f18b15321de18d4b10854,57f02ecb74ffe2ec53f4ba925cf95079c93cff97090f94cb9dbdf25d57402baa,"Codex; revisione dell’assistente, non valutatore umano indipendente",Astensione con operazioni speculative,"{""date"": ""2026-09-22"", ""type"": ""giudizio_conservato_su_testo_identico"", ""source"": ""../valutazione_mac_rtx_2026-09-22/valutazioni_risposte.json""}"
RTX,campagna_rtx_2026-09-21,run_194.json,C3_cloud,procedura_e42,adaptive,2,4,0.0001,15.0,40,R170,A,insufficienti,False,False,False,False,False,False,[],a957647e770fdddc644e07acce646aca5fa81ab3bb08395571638c7baa3f02cd,32122a4b4c4fedd4e17756b96ff55a0506114acbeebfc7e535f2336c9e559959,"Codex; revisione dell’assistente, non valutatore umano indipendente",Astensione sul caso E42 rispondibile,"{""date"": ""2026-09-22"", ""type"": ""giudizio_conservato_su_testo_identico"", ""source"": ""../valutazione_mac_rtx_2026-09-22/valutazioni_risposte.json""}"
RTX,campagna_rtx_2026-09-21,run_195.json,C3_cloud,procedura_e42,fixed_20,2,4,0.0001,15.0,20,R171,G,insufficienti,False,False,False,False,False,False,[],3ff03d382598015af3cd2cd7585b1a79eb6a2b3175f08df7a8c7f3077c2da8b3,08bc285328675e12e0715272d1cffb2c5c01cfe71dca0bcbcc2f9ef85b72dd69,"Codex; revisione dell’assistente, non valutatore umano indipendente",Astensione con operazioni speculative,"{""date"": ""2026-09-22"", ""type"": ""giudizio_conservato_su_testo_identico"", ""source"": ""../valutazione_mac_rtx_2026-09-22/valutazioni_risposte.json""}"
RTX,campagna_rtx_2026-09-21,run_196.json,C3_cloud,procedura_e42,adaptive,1,4,0.0001,15.0,40,R172,A,insufficienti,False,False,False,False,False,False,[],d2c36cb1cff1f523d8a12bf45332269a24f2e480c3afbb657041ef59097d7905,0509809299ead11d0a2434dc980bf802fa6d263a04f8cf685969913e1dd2404a,"Codex; revisione dell’assistente, non valutatore umano indipendente",Astensione sul caso E42 rispondibile,"{""date"": ""2026-09-22"", ""type"": ""giudizio_conservato_su_testo_identico"", ""source"": ""../valutazione_mac_rtx_2026-09-22/valutazioni_risposte.json""}"
RTX,campagna_rtx_2026-09-21,run_197.json,C3_cloud,procedura_e42,fixed_20,2,4,0.0001,30.0,20,R173,G,insufficienti,False,False,False,False,False,False,[],840ab7df7752fdefbad74b0c5af6902afd70b7d22f17f170c9270f844b7ac20b,801e6a85cf9aaac13437265dcc048d260eb5cb60a7ffcb0a4ae66883e4952ade,"Codex; revisione dell’assistente, non valutatore umano indipendente",Astensione con operazioni speculative,"{""date"": ""2026-09-22"", ""type"": ""giudizio_conservato_su_testo_identico"", ""source"": ""../valutazione_mac_rtx_2026-09-22/valutazioni_risposte.json""}"
RTX,campagna_rtx_2026-09-21,run_198.json,C3_cloud,procedura_e42,fixed_20,1,4,0.0001,15.0,20,R174,A,insufficienti,False,False,False,False,False,False,[],9e270f96c2b66254d9de70684864eae30aa5a479f07307e7385556a6f560d630,2a09c7abf6707e5139d46fd442d76784dd075aabecf0c885234e14d86ba12b14,"Codex; revisione dell’assistente, non valutatore umano indipendente",Astensione sul caso E42 rispondibile,"{""date"": ""2026-09-22"", ""type"": ""giudizio_conservato_su_testo_identico"", ""source"": ""../valutazione_mac_rtx_2026-09-22/valutazioni_risposte.json""}"
RTX,campagna_rtx_2026-09-21,run_199.json,C3_cloud,procedura_e42,fixed_20,0,4,0.0001,15.0,20,R175,A,insufficienti,False,False,False,False,False,False,[],1cb5708c844e116685cf7e5511179880d44bd17fd505931b88bb1f3b7ea4f3f6,f0de1624991db8e12dcf1274f0837d2bf22f4fd804973072c57ecf0dd80e8656,"Codex; revisione dell’assistente, non valutatore umano indipendente",Astensione sul caso E42 rispondibile,"{""date"": ""2026-09-22"", ""type"": ""giudizio_conservato_su_testo_identico"", ""source"": ""../valutazione_mac_rtx_2026-09-22/valutazioni_risposte.json""}"
RTX,campagna_rtx_2026-09-21,run_200.json,C3_high_cloud,procedura_e42,adaptive,2,8,0.01,15.0,40,R176,C_extra,completo,True,True,False,False,True,True,"[""arrestare"", ""cache"", ""cancellare"", ""ferrosync"", ""servizio""]",383d1570e2ce8be041f7766485c6b2f994a07e42a6549135edd48182bd9791b5,44f96b91babddce5673c120d2156762d649f5022c7601275143018949f32b9f3,"Codex; revisione dell’assistente, non valutatore umano indipendente",Aggiunge possibile reinstallazione moduli.,"{""date"": ""2026-09-22"", ""type"": ""giudizio_conservato_su_testo_identico"", ""source"": ""../valutazione_mac_rtx_2026-09-22/valutazioni_risposte.json""}"
RTX,campagna_rtx_2026-09-21,run_201.json,C3_high_cloud,procedura_e42,adaptive,0,8,0.01,30.0,40,R177,C_generic,completo,True,True,False,True,True,True,"[""arrestare"", ""cache"", ""cancellare"", ""ferrosync"", ""locale"", ""riavviare"", ""ricorrere"", ""servizio"", ""tecnico""]",37098a3257d1459a973abcb83e443ebe918ab435581a9d998b7209191737049a,99b902d0debdf524db75c1dceaa4f36e75b54794a7d4d32ff5368015feb79f55,"Codex; revisione dell’assistente, non valutatore umano indipendente","Procedura corretta, consigli generici accessori","{""date"": ""2026-09-22"", ""type"": ""giudizio_conservato_su_testo_identico"", ""source"": ""../valutazione_mac_rtx_2026-09-22/valutazioni_risposte.json""}"
RTX,campagna_rtx_2026-09-21,run_202.json,C3_high_cloud,procedura_e42,adaptive,2,8,0.01,30.0,40,R178,C_extra,completo,True,True,False,False,True,True,"[""arrestare"", ""cache"", ""cancellare"", ""ferrosync"", ""servizio""]",e3b27e3f6f22f9159344993cfeb27815e79ecfd523d8efa144ffbfb9f1b01cc9,1dc09aafdce86e8b39f2325711bc6615ee3cad0225b6867ab68a02c5bab8da99,"Codex; revisione dell’assistente, non valutatore umano indipendente","Nucleo corretto, dettagli o operazioni non documentati","{""date"": ""2026-09-22"", ""type"": ""giudizio_conservato_su_testo_identico"", ""source"": ""../valutazione_mac_rtx_2026-09-22/valutazioni_risposte.json""}"
RTX,campagna_rtx_2026-09-21,run_203.json,C3_high_cloud,procedura_e42,fixed_20,2,8,0.01,30.0,20,R179,C_extra,completo,True,True,False,False,True,True,"[""arrestare"", ""cache"", ""cancellare"", ""ferrosync"", ""locale"", ""riavviare"", ""ricorrere"", ""servizio"", ""tecnico""]",9a37c37914702d37f088c3f9c9f3302ed330c08ecfd4ed6916dd7ab304a9e0b6,6fdb7628b61cc209e212ac70310b73bbec0be05cc35e59e67d2528d5b3d3017a,"Codex; revisione dell’assistente, non valutatore umano indipendente",Nucleo corretto; propone ripristino configurazione o reinstallazione completa.,"{""date"": ""2026-09-22"", ""type"": ""giudizio_conservato_su_testo_identico"", ""source"": ""../valutazione_mac_rtx_2026-09-22/valutazioni_risposte.json""}"
RTX,campagna_rtx_2026-09-21,run_204.json,C3_high_cloud,procedura_e42,adaptive,3,8,0.01,30.0,40,R180,C_generic,completo,True,True,False,True,True,True,"[""arrestare"", ""cache"", ""cancellare"", ""ferrosync"", ""locale"", ""riavviare"", ""ricorrere"", ""servizio"", ""tecnico""]",5a0aef28e712a5ca15eca27edeca103f9124bc447ff8f677634f193defb5a0b5,21ddc435bb18428bd9a558a359342b0f0ac25f86985bd94b0d3ceae12b5cab3c,"Codex; revisione dell’assistente, non valutatore umano indipendente","Procedura corretta, consigli generici accessori","{""date"": ""2026-09-22"", ""type"": ""giudizio_conservato_su_testo_identico"", ""source"": ""../valutazione_mac_rtx_2026-09-22/valutazioni_risposte.json""}"
RTX,campagna_rtx_2026-09-21,run_205.json,C3_high_cloud,procedura_e42,fixed_40,4,8,0.01,15.0,40,R181,C_extra,completo,True,True,False,False,True,True,"[""arrestare"", ""cache"", ""cancellare"", ""ferrosync"", ""servizio""]",a3271f7a3a631421bb5c5a7b9f07cf8bbae95752184128ffcfce121488736e00,f2852e60622342d2d464d8fa752818f77c716630ccef70b65b82c5c0b8abe587,"Codex; revisione dell’assistente, non valutatore umano indipendente",Attribuisce E42 a sincronizzazione e cache senza prova nel ticket.,"{""date"": ""2026-09-22"", ""type"": ""giudizio_conservato_su_testo_identico"", ""source"": ""../valutazione_mac_rtx_2026-09-22/valutazioni_risposte.json""}"
RTX,campagna_rtx_2026-09-21,run_206.json,C3_high_cloud,procedura_e42,fixed_40,3,8,0.01,15.0,40,R182,C_generic,completo,True,True,False,True,True,True,"[""arrestare"", ""cache"", ""cancellare"", ""ferrosync"", ""locale"", ""riavviare"", ""ricorrere"", ""servizio"", ""tecnico""]",d48ed6321f240553c652140ed130578c569cf50396c42a9260598d6a6304e1c0,182e3e2bf350961e2308ed048be17a0de8406bbabfd07921c38b0d7c2467593f,"Codex; revisione dell’assistente, non valutatore umano indipendente","Procedura corretta, consigli generici accessori","{""date"": ""2026-09-22"", ""type"": ""giudizio_conservato_su_testo_identico"", ""source"": ""../valutazione_mac_rtx_2026-09-22/valutazioni_risposte.json""}"
RTX,campagna_rtx_2026-09-21,run_207.json,C3_high_cloud,procedura_e42,fixed_20,1,8,0.01,30.0,20,R183,A,insufficienti,False,False,False,False,False,False,[],1c0fe709e6544973da54898e6952634f4cc3560b566ff61e8500ab19156cfafc,5294d03bbab7f15096c4bc3240beb47d617206fc525426b5f0b36bcfab4ca5fd,"Codex; revisione dell’assistente, non valutatore umano indipendente",Astensione sul caso E42 rispondibile,"{""date"": ""2026-09-22"", ""type"": ""giudizio_conservato_su_testo_identico"", ""source"": ""../valutazione_mac_rtx_2026-09-22/valutazioni_risposte.json""}"
RTX,campagna_rtx_2026-09-21,run_208.json,C3_high_cloud,procedura_e42,fixed_20,0,8,0.01,30.0,20,R184,A,insufficienti,False,False,False,False,False,False,[],2b557a488ea67e6e9300de709818207b59020c8b0175f618a7758778f33fb10d,4b9a47390af34ae7462e317357daf45fb8ea9e2101411b3332e557b0ffb62b65,"Codex; revisione dell’assistente, non valutatore umano indipendente",Astensione sul caso E42 rispondibile,"{""date"": ""2026-09-22"", ""type"": ""giudizio_conservato_su_testo_identico"", ""source"": ""../valutazione_mac_rtx_2026-09-22/valutazioni_risposte.json""}"
RTX,campagna_rtx_2026-09-21,run_209.json,C3_high_cloud,procedura_e42,fixed_40,2,8,0.01,30.0,40,R185,C_extra,completo,True,True,False,False,True,True,"[""arrestare"", ""cache"", ""cancellare"", ""ferrosync"", ""locale"", ""riavviare"", ""ricorrere"", ""servizio"", ""tecnico""]",0f52f59fac306412e938a219166d1974385a689cf55092fdbb8b63d0b276ce04,7513f9b4c71d97dc9739497444f82bb5eb2ef63bdbb2a9b063fcc572a8d3dd81,"Codex; revisione dell’assistente, non valutatore umano indipendente",Aggiunge collocazione della cache in configurazione/dati e diagnostica database.,"{""date"": ""2026-09-22"", ""type"": ""giudizio_conservato_su_testo_identico"", ""source"": ""../valutazione_mac_rtx_2026-09-22/valutazioni_risposte.json""}"
RTX,campagna_rtx_2026-09-21,run_210.json,C3_high_cloud,procedura_e42,fixed_20,1,8,0.01,15.0,20,R186,A,insufficienti,False,False,False,False,False,False,[],dcf6fee7f1ca889ef3e14cf539dd43b36287c1f5bf21f311a7d7cf6815c054d4,576ecc22514c0e0092ed519a51e9ce183a843aee66c5202ffdc947b62ddb2631,"Codex; revisione dell’assistente, non valutatore umano indipendente",Astensione sul caso E42 rispondibile,"{""date"": ""2026-09-22"", ""type"": ""giudizio_conservato_su_testo_identico"", ""source"": ""../valutazione_mac_rtx_2026-09-22/valutazioni_risposte.json""}"
RTX,campagna_rtx_2026-09-21,run_211.json,C3_high_cloud,procedura_e42,fixed_20,0,8,0.01,15.0,20,R187,A,insufficienti,False,False,False,False,False,False,[],f2a502f1e52feda9da505e2f875176ec099ad30860a04c52882e69b2a7aeedfe,265bc98adae377019c5705d0ffd749c72aa5164ee360d9d78de890bd97661cb2,"Codex; revisione dell’assistente, non valutatore umano indipendente",Astensione sul caso E42 rispondibile,"{""date"": ""2026-09-22"", ""type"": ""giudizio_conservato_su_testo_identico"", ""source"": ""../valutazione_mac_rtx_2026-09-22/valutazioni_risposte.json""}"
RTX,campagna_rtx_2026-09-21,run_212.json,C3_high_cloud,procedura_e42,fixed_40,1,8,0.01,30.0,40,R188,C_extra,completo,True,True,False,False,True,True,"[""arrestare"", ""cache"", ""cancellare"", ""ferrosync"", ""locale"", ""riavviare"", ""ricorrere"", ""servizio"", ""tecnico""]",b208e6a1cd13030fe0483cd017d4801bc452fa2cdd3d43adc01344719232f808,627b6ae9063a5b7b4f13ed512b62dc425e911f0aaae2bd619c9143619f3692f1,"Codex; revisione dell’assistente, non valutatore umano indipendente",Aggiunge ripristino configurazione o reinstallazione.,"{""date"": ""2026-09-22"", ""type"": ""giudizio_conservato_su_testo_identico"", ""source"": ""../valutazione_mac_rtx_2026-09-22/valutazioni_risposte.json""}"
RTX,campagna_rtx_2026-09-21,run_213.json,C3_high_cloud,procedura_e42,adaptive,4,8,0.01,15.0,40,R189,P,completo,False,False,False,False,False,True,"[""arrestare"", ""cache"", ""cancellare"", ""ferrosync"", ""locale"", ""riavviare"", ""ricorrere"", ""servizio"", ""tecnico""]",1fa902fa6938a76708c6bd1ed83255a848b94abd1093487610d00ed6b9841d15,e078c503b4b98ce228246143827863ae23ed1e142d37a28d30647ae566713891,"Codex; revisione dell’assistente, non valutatore umano indipendente",Riavvio macchina prima della cache; manca riavvio servizio dopo la pulizia; aggiunge avvio automatico e reinstallazione.,"{""date"": ""2026-09-22"", ""type"": ""giudizio_conservato_su_testo_identico"", ""source"": ""../valutazione_mac_rtx_2026-09-22/valutazioni_risposte.json""}"
RTX,campagna_rtx_2026-09-21,run_214.json,C3_high_cloud,procedura_e42,adaptive,1,8,0.01,30.0,40,R190,C_generic,completo,True,True,False,True,True,True,"[""arrestare"", ""cache"", ""cancellare"", ""ferrosync"", ""locale"", ""riavviare"", ""ricorrere"", ""servizio"", ""tecnico""]",17a2a97bb762c78453a904975e5f6b7d1aa128dd3a4d474a63cbd0f6e4e3a44e,ec8ddbf3fab6667bf3fe0198914f36cfde2d47e9744726269a4d6d2da2d3743d,"Codex; revisione dell’assistente, non valutatore umano indipendente","Procedura corretta, consigli generici accessori","{""date"": ""2026-09-22"", ""type"": ""giudizio_conservato_su_testo_identico"", ""source"": ""../valutazione_mac_rtx_2026-09-22/valutazioni_risposte.json""}"
RTX,campagna_rtx_2026-09-21,run_215.json,C3_high_cloud,procedura_e42,fixed_20,3,8,0.01,30.0,20,R191,A,insufficienti,False,False,False,False,False,False,[],8f1c63385c657f531d240ff4ee6503d5a2bd38492d736a7b9ec82b4f2063b0f0,2112f2e6278db7cb7299af13582ed10e8dbeb9d9f42a3ed4bec48da727569076,"Codex; revisione dell’assistente, non valutatore umano indipendente",Astensione sul caso E42 rispondibile,"{""date"": ""2026-09-22"", ""type"": ""giudizio_conservato_su_testo_identico"", ""source"": ""../valutazione_mac_rtx_2026-09-22/valutazioni_risposte.json""}"
RTX,campagna_rtx_2026-09-21,run_216.json,C3_high_cloud,procedura_e42,fixed_20,4,8,0.01,30.0,20,R192,C,completo,True,True,True,True,True,True,"[""arrestare"", ""cache"", ""cancellare"", ""ferrosync"", ""servizio""]",4f9d8754143de7b5d1fc062491d33c4d385eee4840b5cb86fb9d46a0486e668e,e3382319b7725b37148e6a8fb50ba27828eb364de0b89575388f230f88a9b793,"Codex; revisione dell’assistente, non valutatore umano indipendente","Procedura corretta, senza aggiunte","{""date"": ""2026-09-22"", ""type"": ""giudizio_conservato_su_testo_identico"", ""source"": ""../valutazione_mac_rtx_2026-09-22/valutazioni_risposte.json""}"
RTX,campagna_rtx_2026-09-21,run_217.json,C3_high_cloud,procedura_e42,fixed_40,0,8,0.01,30.0,40,R193,C_extra,completo,True,True,False,False,True,True,"[""arrestare"", ""cache"", ""cancellare"", ""ferrosync"", ""locale"", ""riavviare"", ""ricorrere"", ""servizio"", ""tecnico""]",fb82f3468648b5051fb9da75d1c77d7b519cf1ddcc4e55d3086f48960a6117a3,3271d11bec59f421a7b235bb051a5f4603f37a30c0413221163470cbea210fc0,"Codex; revisione dell’assistente, non valutatore umano indipendente","Nucleo corretto, dettagli o operazioni non documentati","{""date"": ""2026-09-22"", ""type"": ""giudizio_conservato_su_testo_identico"", ""source"": ""../valutazione_mac_rtx_2026-09-22/valutazioni_risposte.json""}"
RTX,campagna_rtx_2026-09-21,run_218.json,C3_high_cloud,procedura_e42,fixed_20,2,8,0.01,15.0,20,R194,C_extra,completo,True,True,False,False,True,True,"[""arrestare"", ""cache"", ""cancellare"", ""ferrosync"", ""locale"", ""riavviare"", ""ricorrere"", ""servizio"", ""tecnico""]",d7d4c4bfb69c99957ec1b4bad3a8380bc6e6b3a90e70eb289d3e16c3166ff5a4,fcbe6ca9abc3cb6a2b778962f4a48a277be63b4831a0caa678eff11611d083f7,"Codex; revisione dell’assistente, non valutatore umano indipendente","Nucleo corretto, dettagli o operazioni non documentati","{""date"": ""2026-09-22"", ""type"": ""giudizio_conservato_su_testo_identico"", ""source"": ""../valutazione_mac_rtx_2026-09-22/valutazioni_risposte.json""}"
RTX,campagna_rtx_2026-09-21,run_219.json,C3_high_cloud,procedura_e42,fixed_40,0,8,0.01,15.0,40,R195,C_extra,completo,True,True,False,False,True,True,"[""arrestare"", ""cache"", ""cancellare"", ""ferrosync"", ""locale"", ""riavviare"", ""ricorrere"", ""servizio"", ""tecnico""]",cfce383664b537763f52d6c989e01c1d4e44abdd8409705d20b0cb3cdad295ba,43f1ec4ce55a4b20106ae1490a0d6413288b45eb1be3746a7f0adebecdcbec0d,"Codex; revisione dell’assistente, non valutatore umano indipendente","Nucleo corretto, dettagli o operazioni non documentati","{""date"": ""2026-09-22"", ""type"": ""giudizio_conservato_su_testo_identico"", ""source"": ""../valutazione_mac_rtx_2026-09-22/valutazioni_risposte.json""}"
RTX,campagna_rtx_2026-09-21,run_220.json,C3_high_cloud,procedura_e42,fixed_20,4,8,0.01,15.0,20,R196,A,insufficienti,False,False,False,False,False,False,[],f4c203069fcd531d3a410b1d3279fa3405ab7cc95acd9a9c571d1b5bc3da0363,3aa9e49486892e3687540c581c524d78ebcb876601c576ca984313dcf1bc5ef1,"Codex; revisione dell’assistente, non valutatore umano indipendente",Astensione sul caso E42 rispondibile,"{""date"": ""2026-09-22"", ""type"": ""giudizio_conservato_su_testo_identico"", ""source"": ""../valutazione_mac_rtx_2026-09-22/valutazioni_risposte.json""}"
RTX,campagna_rtx_2026-09-21,run_221.json,C3_high_cloud,procedura_e42,fixed_40,1,8,0.01,15.0,40,R197,C_generic,completo,True,True,False,True,True,True,"[""arrestare"", ""cache"", ""cancellare"", ""ferrosync"", ""locale"", ""riavviare"", ""ricorrere"", ""servizio"", ""tecnico""]",b02587ba5d4f543879675a82da64ec1707569e6a31c18cd2a00139d04abadc2e,37e74de2333a10eeaf5b849cd50d45c2fb6e68118a879724fb8b0ae929e3bb76,"Codex; revisione dell’assistente, non valutatore umano indipendente","Procedura corretta, consigli generici accessori","{""date"": ""2026-09-22"", ""type"": ""giudizio_conservato_su_testo_identico"", ""source"": ""../valutazione_mac_rtx_2026-09-22/valutazioni_risposte.json""}"
RTX,campagna_rtx_2026-09-21,run_222.json,C3_high_cloud,procedura_e42,fixed_40,3,8,0.01,30.0,40,R198,C_generic,completo,True,True,False,True,True,True,"[""arrestare"", ""cache"", ""cancellare"", ""ferrosync"", ""locale"", ""riavviare"", ""ricorrere"", ""servizio"", ""tecnico""]",0120b3254306794fe6700f34fac854626c1eef54c6fc2450a10b5c8ca84c4940,29966794a1db82d3d06dd6cb3b3912fa6e30411d4da335eaf31858f7685dd6de,"Codex; revisione dell’assistente, non valutatore umano indipendente","Procedura corretta, consigli generici accessori","{""date"": ""2026-09-22"", ""type"": ""giudizio_conservato_su_testo_identico"", ""source"": ""../valutazione_mac_rtx_2026-09-22/valutazioni_risposte.json""}"
RTX,campagna_rtx_2026-09-21,run_223.json,C3_high_cloud,procedura_e42,fixed_20,3,8,0.01,15.0,20,R199,A,insufficienti,False,False,False,False,False,False,[],ac5b9db289ee7647c3161d5ccaeee02950ed8842b53062a48cd4c442657659c0,8f6466b583cbd99b372e830b010477f73a51c77c65d9fc0c9f898923db185a8d,"Codex; revisione dell’assistente, non valutatore umano indipendente",Astensione sul caso E42 rispondibile,"{""date"": ""2026-09-22"", ""type"": ""giudizio_conservato_su_testo_identico"", ""source"": ""../valutazione_mac_rtx_2026-09-22/valutazioni_risposte.json""}"
RTX,campagna_rtx_2026-09-21,run_224.json,C3_high_cloud,procedura_e42,adaptive,4,8,0.01,30.0,40,R200,C_generic,completo,True,True,False,True,True,True,"[""arrestare"", ""cache"", ""cancellare"", ""ferrosync"", ""locale"", ""riavviare"", ""ricorrere"", ""servizio"", ""tecnico""]",b41677e98ca0d1b8a896de4aeaa43eccccc3c3205a10ca728786d96e0df8eb49,1443e959a340a98fbbc3ae822088dbd47ba72b838dfbdce266aa429f56fab0d9,"Codex; revisione dell’assistente, non valutatore umano indipendente","Procedura corretta, consigli generici accessori","{""date"": ""2026-09-22"", ""type"": ""giudizio_conservato_su_testo_identico"", ""source"": ""../valutazione_mac_rtx_2026-09-22/valutazioni_risposte.json""}"
RTX,campagna_rtx_2026-09-21,run_225.json,C3_high_cloud,procedura_e42,adaptive,3,8,0.01,15.0,40,R201,C_extra,completo,True,True,False,False,False,True,"[""arrestare"", ""cache"", ""cancellare"", ""ferrosync"", ""locale"", ""riavviare"", ""ricorrere"", ""servizio"", ""tecnico""]",826a1470a57fe614d2a245c4baf0cdc3574871ef0e95e87558511441e5fe57cb,7fe3128d5b1efc2b5e7964fa11eb30e509b711ade23b81922a0733270f4c659b,"Codex; revisione dell’assistente, non valutatore umano indipendente","Nucleo corretto, dettagli o operazioni non documentati","{""date"": ""2026-09-22"", ""type"": ""giudizio_conservato_su_testo_identico"", ""source"": ""../valutazione_mac_rtx_2026-09-22/valutazioni_risposte.json""}"
RTX,campagna_rtx_2026-09-21,run_226.json,C3_high_cloud,procedura_e42,fixed_40,4,8,0.01,30.0,40,R202,C,completo,True,True,True,True,True,True,"[""arrestare"", ""cache"", ""cancellare"", ""ferrosync"", ""servizio""]",c89de993eee8ccc36f8e4c0d787162f8f425f5e9883c8b9af49a7ae83a6bf3b9,5bf99023fcd278207e608602fb36fdb6831a3bca1dfd49a9a3b5318b46f8bc1a,"Codex; revisione dell’assistente, non valutatore umano indipendente","Procedura corretta, senza aggiunte","{""date"": ""2026-09-22"", ""type"": ""giudizio_conservato_su_testo_identico"", ""source"": ""../valutazione_mac_rtx_2026-09-22/valutazioni_risposte.json""}"
RTX,campagna_rtx_2026-09-21,run_227.json,C3_high_cloud,procedura_e42,fixed_40,2,8,0.01,15.0,40,R203,C_extra,completo,True,True,False,False,True,True,"[""arrestare"", ""cache"", ""cancellare"", ""ferrosync"", ""locale"", ""riavviare"", ""ricorrere"", ""servizio"", ""tecnico""]",bfefb7e227ed9f8bc5e782fac54325a6709744b46b308302e4cedf449c74c9b7,e5aef5668bd8672bd1e54f9792098ad434dc9db4725f4b8750bb451a9e97c2c4,"Codex; revisione dell’assistente, non valutatore umano indipendente",Ricaricamento da fonte primaria non documentato.,"{""date"": ""2026-09-22"", ""type"": ""giudizio_conservato_su_testo_identico"", ""source"": ""../valutazione_mac_rtx_2026-09-22/valutazioni_risposte.json""}"
RTX,campagna_rtx_2026-09-21,run_228.json,C3_high_cloud,procedura_e42,adaptive,0,8,0.01,15.0,40,R204,C_extra,completo,True,True,False,False,True,True,"[""arrestare"", ""cache"", ""cancellare"", ""ferrosync"", ""locale"", ""riavviare"", ""ricorrere"", ""servizio"", ""tecnico""]",5e6e3373bce2747c3799c37c3a26478c0440e16a2cc51db079a0fe87fe2f6a84,d82774523a831ed48648468aac7373791e665724bfaa2ae391e0d6d79b83c782,"Codex; revisione dell’assistente, non valutatore umano indipendente",Aggiunge riattivazione della versione precedente.,"{""date"": ""2026-09-22"", ""type"": ""giudizio_conservato_su_testo_identico"", ""source"": ""../valutazione_mac_rtx_2026-09-22/valutazioni_risposte.json""}"
RTX,campagna_rtx_2026-09-21,run_229.json,C3_high_cloud,procedura_e42,adaptive,1,8,0.01,15.0,40,R205,C_extra,completo,True,True,False,False,False,True,"[""arrestare"", ""cache"", ""cancellare"", ""ferrosync"", ""locale"", ""riavviare"", ""ricorrere"", ""servizio"", ""tecnico""]",aea2a03bbb550946baa81cae0a34b1a4f5254f4302faf89ec23f5337aefbbd9b,7ec28202a9733e58d5c9ca15cba5513ec0edbe9163b05c47295c9ba8ec8287a5,"Codex; revisione dell’assistente, non valutatore umano indipendente",Aggiunge un intervento ambiguo su un «locale» trattato come componente.,"{""date"": ""2026-09-22"", ""type"": ""giudizio_conservato_su_testo_identico"", ""source"": ""../valutazione_mac_rtx_2026-09-22/valutazioni_risposte.json""}"
RTX,campagna_rtx_2026-09-21,run_230.json,B_cloud,procedura_e42,k_0.25,4,4,0.0001,2.5395333684305226,5,R206,A,insufficienti,False,False,False,False,False,False,[],0c7b3991693924d92b24291a6c523dc7b330372d5d3d16522136806addab911e,5f26bcb38549d3e2e0c61d6d9dfbbf7feb1317327d6cce62aa1a5e6e1a310fee,"Codex; revisione dell’assistente, non valutatore umano indipendente",Astensione sul caso E42 rispondibile,"{""date"": ""2026-09-22"", ""type"": ""giudizio_conservato_su_testo_identico"", ""source"": ""../valutazione_mac_rtx_2026-09-22/valutazioni_risposte.json""}"
RTX,campagna_rtx_2026-09-21,run_231.json,B_cloud,procedura_e42,k_0.5,1,4,0.0001,2.5395333684305226,5,R207,A,insufficienti,False,False,False,False,False,False,[],5331220cedbed89b7829e273c436b1ff68e3dc66288ec630410c51e44ca451f1,e20e60bb5fba7940bc5c61d35767563029e57314e4709c98a0d9aa01893ad71e,"Codex; revisione dell’assistente, non valutatore umano indipendente",Astensione sul caso E42 rispondibile,"{""date"": ""2026-09-22"", ""type"": ""giudizio_conservato_su_testo_identico"", ""source"": ""../valutazione_mac_rtx_2026-09-22/valutazioni_risposte.json""}"
RTX,campagna_rtx_2026-09-21,run_232.json,B_cloud,procedura_e42,k_0,2,4,0.0001,2.5395333684305226,0,R208,A,insufficienti,False,False,False,False,False,False,[],2081a05992936fe8d03fa3b364fe133955f6d4550c008ba9bafece84bcec75b3,507757dabc81214969e8481e0ef563736807d185ecd6fc1485d3233d73fc92ec,"Codex; revisione dell’assistente, non valutatore umano indipendente",Astensione sul caso E42 rispondibile,"{""date"": ""2026-09-22"", ""type"": ""giudizio_conservato_su_testo_identico"", ""source"": ""../valutazione_mac_rtx_2026-09-22/valutazioni_risposte.json""}"
RTX,campagna_rtx_2026-09-21,run_233.json,B_cloud,procedura_e42,k_0.5,7,4,0.0001,2.5395333684305226,5,R209,A,insufficienti,False,False,False,False,False,False,[],c7ab8632fbcd4ce8923f14a86d9f7c62e3c398a28b6b9c50adf225fec06df861,0b0eafc8bb8326dbc25e3d73145b830db6908eac462eae0fa008b8741c6201d4,"Codex; revisione dell’assistente, non valutatore umano indipendente",Astensione sul caso E42 rispondibile,"{""date"": ""2026-09-22"", ""type"": ""giudizio_conservato_su_testo_identico"", ""source"": ""../valutazione_mac_rtx_2026-09-22/valutazioni_risposte.json""}"
RTX,campagna_rtx_2026-09-21,run_234.json,B_cloud,procedura_e42,k_0.5,6,4,0.0001,2.5395333684305226,5,R210,A,insufficienti,False,False,False,False,False,False,[],ecf64964edeb67320fdca24e217b43d6de0201f10291ef31ad1a4c85bc1b5df1,c8261bd5c709f43cdbfe70bc08689c4be786b183351ce0cd32da88b474d5d2f4,"Codex; revisione dell’assistente, non valutatore umano indipendente",Astensione sul caso E42 rispondibile,"{""date"": ""2026-09-22"", ""type"": ""giudizio_conservato_su_testo_identico"", ""source"": ""../valutazione_mac_rtx_2026-09-22/valutazioni_risposte.json""}"
RTX,campagna_rtx_2026-09-21,run_235.json,B_cloud,procedura_e42,k_0,9,4,0.0001,2.5395333684305226,0,R211,A,insufficienti,False,False,False,False,False,False,[],57a5e0afcb708c64a0634ba191836695da6e6958b9bbc3bc2a829f0af634e020,2920c680fc59a60b42912074923bdbff25ccce7456ac815cb363e0f2df0eda11,"Codex; revisione dell’assistente, non valutatore umano indipendente",Astensione sul caso E42 rispondibile,"{""date"": ""2026-09-22"", ""type"": ""giudizio_conservato_su_testo_identico"", ""source"": ""../valutazione_mac_rtx_2026-09-22/valutazioni_risposte.json""}"
RTX,campagna_rtx_2026-09-21,run_236.json,B_cloud,procedura_e42,k_0,5,4,0.0001,2.5395333684305226,0,R212,A,insufficienti,False,False,False,False,False,False,[],bc0bb79a03cb56d7753c6b6d87936a0b2a8626a6b1c4b480efcf5908753e1cd7,70ed099e65d592d7de637cfde6f8487ac4c4b089f17df6b09ded20c38726c804,"Codex; revisione dell’assistente, non valutatore umano indipendente",Astensione sul caso E42 rispondibile,"{""date"": ""2026-09-22"", ""type"": ""giudizio_conservato_su_testo_identico"", ""source"": ""../valutazione_mac_rtx_2026-09-22/valutazioni_risposte.json""}"
RTX,campagna_rtx_2026-09-21,run_237.json,B_cloud,procedura_e42,k_0.1,9,4,0.0001,2.5395333684305226,0,R213,A,insufficienti,False,False,False,False,False,False,[],8c55b664e352711ef40ed98b0b8f682be9454aa2ab58b5291fd68da41e24dcd5,5e007816ff0fec8fe2cfeca04340319f5e4f76d71c1ca9cdf650da3e4d0ba936,"Codex; revisione dell’assistente, non valutatore umano indipendente",Astensione sul caso E42 rispondibile,"{""date"": ""2026-09-22"", ""type"": ""giudizio_conservato_su_testo_identico"", ""source"": ""../valutazione_mac_rtx_2026-09-22/valutazioni_risposte.json""}"
RTX,campagna_rtx_2026-09-21,run_238.json,B_cloud,procedura_e42,k_0.5,4,4,0.0001,2.5395333684305226,5,R214,A,insufficienti,False,False,False,False,False,False,[],36c20da81b1e5fbbebcbade3da15219594a646ea91f7067e86e6c4be34c6d85d,60ad98cc32b0ee81d0ee4627ae69dfdc01453a488f651df007fc6489bd1816e0,"Codex; revisione dell’assistente, non valutatore umano indipendente",Astensione sul caso E42 rispondibile,"{""date"": ""2026-09-22"", ""type"": ""giudizio_conservato_su_testo_identico"", ""source"": ""../valutazione_mac_rtx_2026-09-22/valutazioni_risposte.json""}"
RTX,campagna_rtx_2026-09-21,run_239.json,B_cloud,procedura_e42,k_0.5,0,4,0.0001,2.5395333684305226,5,R215,A,insufficienti,False,False,False,False,False,False,[],ecdabed6904e525f9cc3853218ddc96db621e93737d50439ee59bdd7df0367a7,4406d7bd09df7fbca7c8e1e850372ae063e74faf16284b8f1ce0989bbfb0ec73,"Codex; revisione dell’assistente, non valutatore umano indipendente",Astensione sul caso E42 rispondibile,"{""date"": ""2026-09-22"", ""type"": ""giudizio_conservato_su_testo_identico"", ""source"": ""../valutazione_mac_rtx_2026-09-22/valutazioni_risposte.json""}"
RTX,campagna_rtx_2026-09-21,run_240.json,B_cloud,procedura_e42,k_0.1,3,4,0.0001,2.5395333684305226,0,R216,X,insufficienti,False,False,False,False,False,False,[],026b195c231ad147bb894da0fd45ccc71beebb6e28023ebf5b27e16f40dd67b0,5768d3b22992458eef459fd6d0cde8ff65add0284f8c8b549c009156f82bef60,"Codex; revisione dell’assistente, non valutatore umano indipendente","Risposta degenerata: lunga ripetizione di caratteri cinesi, non errore HTTP; non utilizzabile.","{""date"": ""2026-09-22"", ""type"": ""giudizio_conservato_su_testo_identico"", ""source"": ""../valutazione_mac_rtx_2026-09-22/valutazioni_risposte.json""}"
RTX,campagna_rtx_2026-09-21,run_241.json,B_cloud,procedura_e42,k_0.5,2,4,0.0001,2.5395333684305226,5,R217,G,insufficienti,False,False,False,False,False,False,[],8e678fdcff9c4980bd40db4ea2ec19cce9558c2f9add1c5ef5689d6c556d5bac,9fd30f5b4c65b9c79aa45dc2d295022c6d0660086908abf4bec21e54b72bff78,"Codex; revisione dell’assistente, non valutatore umano indipendente",Astensione con operazioni speculative,"{""date"": ""2026-09-22"", ""type"": ""giudizio_conservato_su_testo_identico"", ""source"": ""../valutazione_mac_rtx_2026-09-22/valutazioni_risposte.json""}"
RTX,campagna_rtx_2026-09-21,run_242.json,B_cloud,procedura_e42,k_0,8,4,0.0001,2.5395333684305226,0,R218,A,insufficienti,False,False,False,False,False,False,[],98d0223579cc57634500575091a4da0ecb1ac522662af52e2d3baaa834251d71,8cd536e9ab139e40124b57991f1766d9e30c34687679f89d227cf850441c7359,"Codex; revisione dell’assistente, non valutatore umano indipendente",Astensione sul caso E42 rispondibile,"{""date"": ""2026-09-22"", ""type"": ""giudizio_conservato_su_testo_identico"", ""source"": ""../valutazione_mac_rtx_2026-09-22/valutazioni_risposte.json""}"
RTX,campagna_rtx_2026-09-21,run_243.json,B_cloud,procedura_e42,k_0,7,4,0.0001,2.5395333684305226,0,R219,G,insufficienti,False,False,False,False,False,False,[],bb2416fb32c28523bf3219d0bcc0b632c9eef19e1648e115b2787f8d2e4e4116,04f5bb4ae1fc695248abd4eb8cfca93292975b5788ee48ff7511ff6d4acd47a4,"Codex; revisione dell’assistente, non valutatore umano indipendente",Astensione con operazioni speculative,"{""date"": ""2026-09-22"", ""type"": ""giudizio_conservato_su_testo_identico"", ""source"": ""../valutazione_mac_rtx_2026-09-22/valutazioni_risposte.json""}"
RTX,campagna_rtx_2026-09-21,run_244.json,B_cloud,procedura_e42,k_0,1,4,0.0001,2.5395333684305226,0,R220,A,insufficienti,False,False,False,False,False,False,[],5faba31c50b78f1665e58026c613aa20e6a6b8af8848f5338631a963e8004ee2,9c9d849d9d3f52780e8bc5677760bbfdef64e42687079e93cf9e198714928027,"Codex; revisione dell’assistente, non valutatore umano indipendente",Astensione sul caso E42 rispondibile,"{""date"": ""2026-09-22"", ""type"": ""giudizio_conservato_su_testo_identico"", ""source"": ""../valutazione_mac_rtx_2026-09-22/valutazioni_risposte.json""}"
RTX,campagna_rtx_2026-09-21,run_245.json,B_cloud,procedura_e42,k_0.1,8,4,0.0001,2.5395333684305226,0,R221,A,insufficienti,False,False,False,False,False,False,[],4ec38207d1cdee592f33016e28055d19eb1f7795f79727369c6f802555ed5347,6c0dea2113abde9a62a8ed692456a31106eef7289f043d3f1815c10835112697,"Codex; revisione dell’assistente, non valutatore umano indipendente",Astensione sul caso E42 rispondibile,"{""date"": ""2026-09-22"", ""type"": ""giudizio_conservato_su_testo_identico"", ""source"": ""../valutazione_mac_rtx_2026-09-22/valutazioni_risposte.json""}"
RTX,campagna_rtx_2026-09-21,run_246.json,B_cloud,procedura_e42,k_0.1,6,4,0.0001,2.5395333684305226,0,R222,A,insufficienti,False,False,False,False,False,False,[],a4f25a6cf420496bc833d2fe9eadfdcdffa5f2bcf91ef56f9c1af694048d9a80,ecaf664f074be74423fd91d2369992c4b5d281179a5db318e2f962e2987b5c1b,"Codex; revisione dell’assistente, non valutatore umano indipendente",Astensione sul caso E42 rispondibile,"{""date"": ""2026-09-22"", ""type"": ""giudizio_conservato_su_testo_identico"", ""source"": ""../valutazione_mac_rtx_2026-09-22/valutazioni_risposte.json""}"
RTX,campagna_rtx_2026-09-21,run_247.json,B_cloud,procedura_e42,k_0.1,0,4,0.0001,2.5395333684305226,0,R223,A,insufficienti,False,False,False,False,False,False,[],db29b9b984a5a34a89db723f1c1a82fb23351903218bb7126b842616293cb40b,1903c003f083ba3245ad94fe4b0e5b0685fcad28f1e45119512e9a2a313a456a,"Codex; revisione dell’assistente, non valutatore umano indipendente",Astensione sul caso E42 rispondibile,"{""date"": ""2026-09-22"", ""type"": ""giudizio_conservato_su_testo_identico"", ""source"": ""../valutazione_mac_rtx_2026-09-22/valutazioni_risposte.json""}"
RTX,campagna_rtx_2026-09-21,run_248.json,B_cloud,procedura_e42,k_0.5,3,4,0.0001,2.5395333684305226,5,R224,A,insufficienti,False,False,False,False,False,False,[],848d65fc123000eeb928badee81ff1d6d2f3280c7d23d282e6ba02d19602f323,00a0893fdfa62654dceace8fc7779760e5490b8af336d053743f8f47837ecc60,"Codex; revisione dell’assistente, non valutatore umano indipendente",Astensione sul caso E42 rispondibile,"{""date"": ""2026-09-22"", ""type"": ""giudizio_conservato_su_testo_identico"", ""source"": ""../valutazione_mac_rtx_2026-09-22/valutazioni_risposte.json""}"
RTX,campagna_rtx_2026-09-21,run_249.json,B_cloud,procedura_e42,k_0.25,5,4,0.0001,2.5395333684305226,5,R225,A,insufficienti,False,False,False,False,False,False,[],87e7b8dcd345bcb65537c2f9393f4c2fccf4fb7851b16161c2d2e807e106960f,e388f5e5f4e7a439bb5aa013e9911461c5d756671cc46a06f104024fa3f2f0b6,"Codex; revisione dell’assistente, non valutatore umano indipendente",Astensione sul caso E42 rispondibile,"{""date"": ""2026-09-22"", ""type"": ""giudizio_conservato_su_testo_identico"", ""source"": ""../valutazione_mac_rtx_2026-09-22/valutazioni_risposte.json""}"
RTX,campagna_rtx_2026-09-21,run_250.json,B_cloud,procedura_e42,k_0.25,7,4,0.0001,2.5395333684305226,5,R226,A,insufficienti,False,False,False,False,False,False,[],8e48e0d95eeedb2c63fbc21e76ad7b4a89713d4a151349a66fddf4e6ad1d8fb4,5fdddb135d0180c2e7679d449d58034964adc3c7e72f69e51995987cc11d716e,"Codex; revisione dell’assistente, non valutatore umano indipendente",Astensione sul caso E42 rispondibile,"{""date"": ""2026-09-22"", ""type"": ""giudizio_conservato_su_testo_identico"", ""source"": ""../valutazione_mac_rtx_2026-09-22/valutazioni_risposte.json""}"
RTX,campagna_rtx_2026-09-21,run_251.json,B_cloud,procedura_e42,k_0.1,4,4,0.0001,2.5395333684305226,0,R227,A,insufficienti,False,False,False,False,False,False,[],cc8c44ae164563acf232bf33cbbfb5f423d8f3ec4b6e1d7c60ac6d4ee7de9d39,38339882c981c62196d465de36cdb570e2e22be3e440e715580d9625cc36b6d2,"Codex; revisione dell’assistente, non valutatore umano indipendente",Astensione sul caso E42 rispondibile,"{""date"": ""2026-09-22"", ""type"": ""giudizio_conservato_su_testo_identico"", ""source"": ""../valutazione_mac_rtx_2026-09-22/valutazioni_risposte.json""}"
RTX,campagna_rtx_2026-09-21,run_252.json,B_cloud,procedura_e42,k_0,4,4,0.0001,2.5395333684305226,0,R228,G,insufficienti,False,False,False,False,False,False,[],acf8d5db4fd0e4d178210738c32661590e2bdca4a58e2c509daf4502fa9de963,27d7130cb1e0b6bf1b755baa84ce1fee4a15f95514b8204f4bbb874b252dffbd,"Codex; revisione dell’assistente, non valutatore umano indipendente",Astensione con operazioni speculative,"{""date"": ""2026-09-22"", ""type"": ""giudizio_conservato_su_testo_identico"", ""source"": ""../valutazione_mac_rtx_2026-09-22/valutazioni_risposte.json""}"
RTX,campagna_rtx_2026-09-21,run_253.json,B_cloud,procedura_e42,k_0,0,4,0.0001,2.5395333684305226,0,R229,A,insufficienti,False,False,False,False,False,False,[],1b60c84c495baadc36aecbbc60e5f0cef7424643b74aec4bb1fb1ed52bea0655,163b1c7aa830f0e338c044b2901f4ffcc645fda61a49efa6c8734701fdeda846,"Codex; revisione dell’assistente, non valutatore umano indipendente",Astensione sul caso E42 rispondibile,"{""date"": ""2026-09-22"", ""type"": ""giudizio_conservato_su_testo_identico"", ""source"": ""../valutazione_mac_rtx_2026-09-22/valutazioni_risposte.json""}"
RTX,campagna_rtx_2026-09-21,run_254.json,B_cloud,procedura_e42,k_0.1,7,4,0.0001,2.5395333684305226,0,R230,A,insufficienti,False,False,False,False,False,False,[],5e5bbdf3af6fdf9b6c0b6e9c1eb5521fb9adc03adba8d2cd69486ba54e6df704,d2777082bd93eec26c83ce29d52107e55d99c6ad49fdffe903e82b95d24aa0c4,"Codex; revisione dell’assistente, non valutatore umano indipendente",Astensione sul caso E42 rispondibile,"{""date"": ""2026-09-22"", ""type"": ""giudizio_conservato_su_testo_identico"", ""source"": ""../valutazione_mac_rtx_2026-09-22/valutazioni_risposte.json""}"
RTX,campagna_rtx_2026-09-21,run_255.json,B_cloud,procedura_e42,k_0.5,9,4,0.0001,2.5395333684305226,5,R231,A,insufficienti,False,False,False,False,False,False,[],480a151a292d1b2ff61018636736284b1acb37b440ee80445b624fe58dcfae07,0c46fd6a34a6292883263df9c1837697f865f0cb3f7207cbbb8fc5d995dda86c,"Codex; revisione dell’assistente, non valutatore umano indipendente",Astensione sul caso E42 rispondibile,"{""date"": ""2026-09-22"", ""type"": ""giudizio_conservato_su_testo_identico"", ""source"": ""../valutazione_mac_rtx_2026-09-22/valutazioni_risposte.json""}"
RTX,campagna_rtx_2026-09-21,run_256.json,B_cloud,procedura_e42,k_0,3,4,0.0001,2.5395333684305226,0,R232,G,insufficienti,False,False,False,False,False,False,[],617a8cc2a80744313616e4c5636632d8716693ad41fc9852634cee9c7f892c88,68207942d86121d1670ce477d33ce15a9082c279af454fda69587f156ec8fc67,"Codex; revisione dell’assistente, non valutatore umano indipendente",Astensione con operazioni speculative,"{""date"": ""2026-09-22"", ""type"": ""giudizio_conservato_su_testo_identico"", ""source"": ""../valutazione_mac_rtx_2026-09-22/valutazioni_risposte.json""}"
RTX,campagna_rtx_2026-09-21,run_257.json,B_cloud,procedura_e42,k_0.5,8,4,0.0001,2.5395333684305226,5,R233,A,insufficienti,False,False,False,False,False,False,[],0d84700fff4af5bf0f542912f3b79dbb3978c447cef7157194409530f278e80c,0e56f99a75b59055465dacbce38b2f734895d82f83432c1940b2009a8f9cc734,"Codex; revisione dell’assistente, non valutatore umano indipendente",Astensione sul caso E42 rispondibile,"{""date"": ""2026-09-22"", ""type"": ""giudizio_conservato_su_testo_identico"", ""source"": ""../valutazione_mac_rtx_2026-09-22/valutazioni_risposte.json""}"
RTX,campagna_rtx_2026-09-21,run_258.json,B_cloud,procedura_e42,k_0.25,0,4,0.0001,2.5395333684305226,5,R234,A,insufficienti,False,False,False,False,False,False,[],4e673c03628101d9c2964560ef98fad0ef64b6f89d4d6a46403492ba5698f0b7,aec73622b7c0575a97598a59f4da85735eb884be5d9c5619cc6357b61ff23b2f,"Codex; revisione dell’assistente, non valutatore umano indipendente",Astensione sul caso E42 rispondibile,"{""date"": ""2026-09-22"", ""type"": ""giudizio_conservato_su_testo_identico"", ""source"": ""../valutazione_mac_rtx_2026-09-22/valutazioni_risposte.json""}"
RTX,campagna_rtx_2026-09-21,run_259.json,B_cloud,procedura_e42,k_0.25,6,4,0.0001,2.5395333684305226,5,R235,A,insufficienti,False,False,False,False,False,False,[],a019f58e537bc41c9c7ad4b0c15b9b89111159f6838edba67bed63ea70ef2a52,601c9e2aef80f5136f980118cf27d49ef897738a333b9b39dd675ac1f0b8b993,"Codex; revisione dell’assistente, non valutatore umano indipendente",Astensione sul caso E42 rispondibile,"{""date"": ""2026-09-22"", ""type"": ""giudizio_conservato_su_testo_identico"", ""source"": ""../valutazione_mac_rtx_2026-09-22/valutazioni_risposte.json""}"
RTX,campagna_rtx_2026-09-21,run_260.json,B_cloud,procedura_e42,k_0.25,3,4,0.0001,2.5395333684305226,5,R236,A,insufficienti,False,False,False,False,False,False,[],b47b86fd113b6d4196d5bf29feedaa4f3feab9d02a90008fd2ad996bc48736d5,d905cacc863df25c7748f963096847aac0d2028c1bbfa79b092206ba03cfebe2,"Codex; revisione dell’assistente, non valutatore umano indipendente",Astensione sul caso E42 rispondibile,"{""date"": ""2026-09-22"", ""type"": ""giudizio_conservato_su_testo_identico"", ""source"": ""../valutazione_mac_rtx_2026-09-22/valutazioni_risposte.json""}"
RTX,campagna_rtx_2026-09-21,run_261.json,B_cloud,procedura_e42,k_0.1,2,4,0.0001,2.5395333684305226,0,R237,A,insufficienti,False,False,False,False,False,False,[],bee543a321bbd8f82d67b698dbe600d63f1abbfc0107f9dcc4f578516f315535,a7e1726730be9f70a6f0801f627c8c26108ef645d8989496d597fd9a76904a00,"Codex; revisione dell’assistente, non valutatore umano indipendente",Astensione sul caso E42 rispondibile,"{""date"": ""2026-09-22"", ""type"": ""giudizio_conservato_su_testo_identico"", ""source"": ""../valutazione_mac_rtx_2026-09-22/valutazioni_risposte.json""}"
RTX,campagna_rtx_2026-09-21,run_262.json,B_cloud,procedura_e42,k_0.5,5,4,0.0001,2.5395333684305226,5,R238,A,insufficienti,False,False,False,False,False,False,[],732db0bba257478de59f1d4e6de0a60b572397f6c0e5b1e541b2c918fded869a,d9cb679abab0d387f9f90a8ca4133d41ec42da180515859be622e3996a7d81ed,"Codex; revisione dell’assistente, non valutatore umano indipendente",Astensione sul caso E42 rispondibile,"{""date"": ""2026-09-22"", ""type"": ""giudizio_conservato_su_testo_identico"", ""source"": ""../valutazione_mac_rtx_2026-09-22/valutazioni_risposte.json""}"
RTX,campagna_rtx_2026-09-21,run_263.json,B_cloud,procedura_e42,k_0.25,1,4,0.0001,2.5395333684305226,5,R239,A,insufficienti,False,False,False,False,False,False,[],9ac354808554597e43d58491c56820df5d61576a134e51dd36b3b1486415fe33,306bf43698f022b225c9060ba4563aa6639adfc113490fc5ecbf28de2d657f39,"Codex; revisione dell’assistente, non valutatore umano indipendente",Astensione sul caso E42 rispondibile,"{""date"": ""2026-09-22"", ""type"": ""giudizio_conservato_su_testo_identico"", ""source"": ""../valutazione_mac_rtx_2026-09-22/valutazioni_risposte.json""}"
RTX,campagna_rtx_2026-09-21,run_264.json,B_cloud,procedura_e42,k_0.25,9,4,0.0001,2.5395333684305226,5,R240,A,insufficienti,False,False,False,False,False,False,[],fcdf9a11ff4a4021246c805620f8a5058e1f8f741fa9b91dbed9aae35ee77e67,d50365e4960d7508f19d0836af382e86367d11e045b5b74876e0b03ecbaaaa63,"Codex; revisione dell’assistente, non valutatore umano indipendente",Astensione sul caso E42 rispondibile,"{""date"": ""2026-09-22"", ""type"": ""giudizio_conservato_su_testo_identico"", ""source"": ""../valutazione_mac_rtx_2026-09-22/valutazioni_risposte.json""}"
RTX,campagna_rtx_2026-09-21,run_265.json,B_cloud,procedura_e42,k_0.25,2,4,0.0001,2.5395333684305226,5,R241,A,insufficienti,False,False,False,False,False,False,[],8c5dc54c69088fa2f438e01bfe055f3d7f1a3cab0b23cef0d03eccab88c891a1,11b4ba625debf70d89827be0fadf7558b0bcd920b395167478c66951ae2f9a18,"Codex; revisione dell’assistente, non valutatore umano indipendente",Astensione sul caso E42 rispondibile,"{""date"": ""2026-09-22"", ""type"": ""giudizio_conservato_su_testo_identico"", ""source"": ""../valutazione_mac_rtx_2026-09-22/valutazioni_risposte.json""}"
RTX,campagna_rtx_2026-09-21,run_266.json,B_cloud,procedura_e42,k_0.25,8,4,0.0001,2.5395333684305226,5,R242,A,insufficienti,False,False,False,False,False,False,[],ec9937b06cfa201682ccfb1699ca5e886d0a69d66f5924386bfae8348ed02804,0e70ee7ae9d6e097297565e534d13102da4ba406586e04ecd1f43b1bdad96b4d,"Codex; revisione dell’assistente, non valutatore umano indipendente",Astensione sul caso E42 rispondibile,"{""date"": ""2026-09-22"", ""type"": ""giudizio_conservato_su_testo_identico"", ""source"": ""../valutazione_mac_rtx_2026-09-22/valutazioni_risposte.json""}"
RTX,campagna_rtx_2026-09-21,run_267.json,B_cloud,procedura_e42,k_0,6,4,0.0001,2.5395333684305226,0,R243,G,insufficienti,False,False,False,False,False,False,[],cd2226e5b13e71602c1cec880c881df481d3d953e064337e2b4dc73a47782ca8,e1aa79dcbe4c6dffd0cb8399209f6f4aa15f4869e5308fbe23deeadb5c229380,"Codex; revisione dell’assistente, non valutatore umano indipendente",Astensione con operazioni speculative,"{""date"": ""2026-09-22"", ""type"": ""giudizio_conservato_su_testo_identico"", ""source"": ""../valutazione_mac_rtx_2026-09-22/valutazioni_risposte.json""}"
RTX,campagna_rtx_2026-09-21,run_268.json,B_cloud,procedura_e42,k_0.1,5,4,0.0001,2.5395333684305226,0,R244,A,insufficienti,False,False,False,False,False,False,[],eafce0a7f5f7af936dedc0dddbac18027d31382d729d7f4da4586ab5730ed85b,9311c939ed85d89622efaa1b6ac6f774f9baf6be10e77bdbe7073417d7989161,"Codex; revisione dell’assistente, non valutatore umano indipendente",Astensione sul caso E42 rispondibile,"{""date"": ""2026-09-22"", ""type"": ""giudizio_conservato_su_testo_identico"", ""source"": ""../valutazione_mac_rtx_2026-09-22/valutazioni_risposte.json""}"
RTX,campagna_rtx_2026-09-21,run_269.json,B_cloud,procedura_e42,k_0.1,1,4,0.0001,2.5395333684305226,0,R245,A,insufficienti,False,False,False,False,False,False,[],0a748813ae7fa338316064f648b9be398e51baa4d1f83fc4091868bb1e514de0,14939c36c32e5294483db66969ac7d490f49b7e3398435c72373e4f5fd279fd9,"Codex; revisione dell’assistente, non valutatore umano indipendente",Astensione sul caso E42 rispondibile,"{""date"": ""2026-09-22"", ""type"": ""giudizio_conservato_su_testo_identico"", ""source"": ""../valutazione_mac_rtx_2026-09-22/valutazioni_risposte.json""}"
RTX,campagna_rtx_2026-09-21,run_270.json,D_cloud,errore_assente,adaptive,1,8,0.01,60.0,40,R246,negative_correct,completo,True,,,,True,True,"[""cache"", ""cancellare"", ""ferrosync"", ""locale"", ""raccettare"", ""riavviare"", ""servizio""]",32e385da86a2880d03d61fa45080f274c6c9013378fe93aae42a7eff98ddc8bc,52d470ff9dfec945029fd80546e69daae889f05b8352850bd114f9d1e3266f33,"Codex; revisione dell’assistente, non valutatore umano indipendente",Astensione corretta su E99 assente,"{""date"": ""2026-09-22"", ""type"": ""giudizio_conservato_su_testo_identico"", ""source"": ""../valutazione_mac_rtx_2026-09-22/valutazioni_risposte.json""}"
RTX,campagna_rtx_2026-09-21,run_271.json,D_cloud,dettaglio_condiviso,adaptive,2,8,0.01,60.0,40,R122,identifier_correct,completo,True,,,,True,True,"[""clusterinternoaurora""]",4aa668ae4580325c9d44a9b1a920622c23d86e224001451a9dd960fb45bb193a,2754c6012cd985ab0176eca8b5fe0e4ad72b956f00c9665ebf066544ae413284,"Codex; revisione dell’assistente, non valutatore umano indipendente",Identificativo esatto,"{""date"": ""2026-09-22"", ""type"": ""giudizio_conservato_su_testo_identico"", ""source"": ""../valutazione_mac_rtx_2026-09-22/valutazioni_risposte.json""}"
RTX,campagna_rtx_2026-09-21,run_272.json,D_cloud,dettaglio_condiviso,adaptive,0,8,0.01,60.0,40,R122,identifier_correct,completo,True,,,,True,True,"[""clusterinternoaurora""]",99e0462a1a413eb78fc63e18cd3c24c8facddd6a6acdc2f2e620c076a67f79fd,2754c6012cd985ab0176eca8b5fe0e4ad72b956f00c9665ebf066544ae413284,"Codex; revisione dell’assistente, non valutatore umano indipendente",Identificativo esatto,"{""date"": ""2026-09-22"", ""type"": ""giudizio_conservato_su_testo_identico"", ""source"": ""../valutazione_mac_rtx_2026-09-22/valutazioni_risposte.json""}"
RTX,campagna_rtx_2026-09-21,run_273.json,D_cloud,dettaglio_condiviso,adaptive,4,8,0.01,60.0,40,R122,identifier_correct,completo,True,,,,True,True,"[""clusterinternoaurora""]",134a6561c0b8d280bdd3f33415efcae90465a70a60726e830035e92a0c16a5fa,2754c6012cd985ab0176eca8b5fe0e4ad72b956f00c9665ebf066544ae413284,"Codex; revisione dell’assistente, non valutatore umano indipendente",Identificativo esatto,"{""date"": ""2026-09-22"", ""type"": ""giudizio_conservato_su_testo_identico"", ""source"": ""../valutazione_mac_rtx_2026-09-22/valutazioni_risposte.json""}"
RTX,campagna_rtx_2026-09-21,run_274.json,D_cloud,dettaglio_condiviso,adaptive,1,8,0.01,60.0,40,R122,identifier_correct,completo,True,,,,True,True,"[""clusterinternoaurora""]",8e3076ad22671c410c59a6100dd59da8d1815add9b7fc8e076a19d84cb9aceaf,2754c6012cd985ab0176eca8b5fe0e4ad72b956f00c9665ebf066544ae413284,"Codex; revisione dell’assistente, non valutatore umano indipendente",Identificativo esatto,"{""date"": ""2026-09-22"", ""type"": ""giudizio_conservato_su_testo_identico"", ""source"": ""../valutazione_mac_rtx_2026-09-22/valutazioni_risposte.json""}"
RTX,campagna_rtx_2026-09-21,run_275.json,D_cloud,errore_assente,adaptive,4,8,0.01,60.0,40,R247,negative_unsupported,completo,False,,,,False,True,"[""cache"", ""cancellare"", ""ferrosync"", ""locale"", ""raccettare"", ""riavviare"", ""servizio""]",4816dab6684fa49565f2dade501b41005ad5f22ea5775338ef1b6bff4bbfcf16,2e94744195c327814a8eff7092af1dad0ec8108b4db2fdc48eea036ee12e257d,"Codex; revisione dell’assistente, non valutatore umano indipendente",Procedura attribuita a E99 senza riscontro,"{""date"": ""2026-09-22"", ""type"": ""giudizio_conservato_su_testo_identico"", ""source"": ""../valutazione_mac_rtx_2026-09-22/valutazioni_risposte.json""}"
RTX,campagna_rtx_2026-09-21,run_276.json,D_cloud,errore_assente,adaptive,0,8,0.01,60.0,40,R248,negative_unsupported,completo,False,,,,False,True,"[""cache"", ""cancellare"", ""ferrosync"", ""locale"", ""raccettare"", ""riavviare"", ""servizio""]",4f657a04c52c044e1c2709fe82248ad7db4234fedfab92c4be3c383175057ee4,9e34d4d47fb2fc989f8d70c887ed4d7d1527265d26729ed4c4ad829d329f8055,"Codex; revisione dell’assistente, non valutatore umano indipendente",Procedura attribuita a E99 senza riscontro,"{""date"": ""2026-09-22"", ""type"": ""giudizio_conservato_su_testo_identico"", ""source"": ""../valutazione_mac_rtx_2026-09-22/valutazioni_risposte.json""}"
RTX,campagna_rtx_2026-09-21,run_277.json,D_cloud,dettaglio_condiviso,adaptive,3,8,0.01,60.0,40,R249,target_wrong,degradato,False,,,,False,True,"[""clusterinternoaurora""]",198d9befa46a7d6af27fc1a6ee7087cc4ea668bdec7e45c974ed26de0b22243e,e9de098c7733b1b9a6c985aaf3555f7cd10877a0fae0f1ecaab71fefc05d0b3a,"Codex; revisione dell’assistente, non valutatore umano indipendente",Identificativo troncato ad Aurora: atteso clusterinternoaurora.,"{""date"": ""2026-09-22"", ""type"": ""giudizio_conservato_su_testo_identico"", ""source"": ""../valutazione_mac_rtx_2026-09-22/valutazioni_risposte.json""}"
RTX,campagna_rtx_2026-09-21,run_278.json,D_cloud,errore_assente,adaptive,3,8,0.01,60.0,40,R250,negative_correct,completo,True,,,,True,True,"[""cache"", ""locale""]",5ccd774b0afa83627ef29a48403caf17b533c331b726af3655ed09e4888768c6,b6ecadaa62b4f71601a263b1ca758cab927a4ca20581b1583f01242145f25b2b,"Codex; revisione dell’assistente, non valutatore umano indipendente",Astensione corretta su E99 assente,"{""date"": ""2026-09-22"", ""type"": ""giudizio_conservato_su_testo_identico"", ""source"": ""../valutazione_mac_rtx_2026-09-22/valutazioni_risposte.json""}"
RTX,campagna_rtx_2026-09-21,run_279.json,D_cloud,errore_assente,adaptive,2,8,0.01,60.0,40,R124,negative_correct,degradato,True,,,,True,True,"[""cache"", ""locale""]",3ff043c2e161057b99ca7b38320ea040090486b93afd9d67eb93d9df0b0f6095,c692c0c6d857811eaee7ee70679aba9b1c568d1acad6a837f808f108e724df89,"Codex; revisione dell’assistente, non valutatore umano indipendente",Astensione corretta su E99 assente,"{""date"": ""2026-09-22"", ""type"": ""giudizio_conservato_su_testo_identico"", ""source"": ""../valutazione_mac_rtx_2026-09-22/valutazioni_risposte.json""}"
Confronto,confronto_rtx_2026-09-21,run_001.json,confronto,procedura_e42,direct_refresh,0,8,0.01,30.0,40,R251,C_generic,completo,True,True,False,True,True,True,"[""arrestare"", ""cache"", ""cancellare"", ""ferrosync"", ""servizio""]",4cc799b5314290dee760dd83068e19e60900259bd77f5da299afc182a477dcbe,029db68b9e611712f6737943b2caaa858dd2084b660b7616661b38edfd8e3177,"Codex; revisione dell’assistente, non valutatore umano indipendente","Procedura corretta, consigli generici accessori","{""date"": ""2026-09-22"", ""type"": ""giudizio_conservato_su_testo_identico"", ""source"": ""../valutazione_mac_rtx_2026-09-22/valutazioni_risposte.json""}"
Confronto,confronto_rtx_2026-09-21,run_002.json,confronto,procedura_e42,fixed_20,0,8,0.01,30.0,20,R252,C_extra,completo,True,True,False,False,True,True,"[""arrestare"", ""cache"", ""cancellare"", ""ferrosync"", ""servizio""]",7cc95566e81f5b7437413ed9e95dd261b7155ce1c769c432529d8947211b508a,5ce4357163112244495e612cd33e819969ccf44d67feacd881d57f33470f706b,"Codex; revisione dell’assistente, non valutatore umano indipendente","Nucleo corretto, dettagli o operazioni non documentati","{""date"": ""2026-09-22"", ""type"": ""giudizio_conservato_su_testo_identico"", ""source"": ""../valutazione_mac_rtx_2026-09-22/valutazioni_risposte.json""}"
Confronto,confronto_rtx_2026-09-21,run_003.json,confronto,procedura_e42,direct_static,0,8,0.01,15.0,31,R253,A,insufficienti,False,False,False,False,False,False,[],57b1a183f237d4f0a5e5b73750fdba52b3cb445b209432360249f19245381960,679e41335834640cd323a4ffafc2497822f6129494021f2bed2d831f5e9abb25,"Codex; revisione dell’assistente, non valutatore umano indipendente",Astensione sul caso E42 rispondibile,"{""date"": ""2026-09-22"", ""type"": ""giudizio_conservato_su_testo_identico"", ""source"": ""../valutazione_mac_rtx_2026-09-22/valutazioni_risposte.json""}"
Confronto,confronto_rtx_2026-09-21,run_004.json,confronto,procedura_e42,direct_refresh,0,8,0.01,15.0,31,R254,C_extra,completo,True,True,False,False,True,True,"[""arrestare"", ""cache"", ""cancellare"", ""ferrosync"", ""locale"", ""riavviare"", ""ricorrere"", ""servizio"", ""tecnico""]",037dd95c13cab703d409fc7e554ec1adfb9d9367d57c19bd9dddd2804ff654d5,607ea6874ce8bad1ea930ca619094f04560b7f39fb8d57bf674e4829f663082b,"Codex; revisione dell’assistente, non valutatore umano indipendente",Aggiunge riavvio dispositivo per resettare parametri.,"{""date"": ""2026-09-22"", ""type"": ""giudizio_conservato_su_testo_identico"", ""source"": ""../valutazione_mac_rtx_2026-09-22/valutazioni_risposte.json""}"
Confronto,confronto_rtx_2026-09-21,run_005.json,confronto,procedura_e42,fixed_20,0,8,0.01,15.0,20,R255,A,insufficienti,False,False,False,False,False,False,[],58e3899c05ce9dee541920293b9cf17311fc58c7108c70e7aa34a95df3cc42f7,9618254cbafa5780df8023ec808cc15d11a90fca30fff30018883351ada8c79d,"Codex; revisione dell’assistente, non valutatore umano indipendente",Astensione sul caso E42 rispondibile,"{""date"": ""2026-09-22"", ""type"": ""giudizio_conservato_su_testo_identico"", ""source"": ""../valutazione_mac_rtx_2026-09-22/valutazioni_risposte.json""}"
Confronto,confronto_rtx_2026-09-21,run_006.json,confronto,procedura_e42,legacy,0,8,0.01,30.0,40,R256,C_extra,completo,True,True,False,False,True,True,"[""arrestare"", ""cache"", ""cancellare"", ""ferrosync"", ""locale"", ""riavviare"", ""ricorrere"", ""servizio"", ""tecnico""]",9e28dbb674757777c11d9bb13956ee49b293a07b02ce391e83d41d5453b9725a,eb7716ece0190ba23d1e27fce9c5a4abeb686dadf3e8f710d2c42860c34c6e37,"Codex; revisione dell’assistente, non valutatore umano indipendente",Aggiunge pulizia dei file temporanei locali.,"{""date"": ""2026-09-22"", ""type"": ""giudizio_conservato_su_testo_identico"", ""source"": ""../valutazione_mac_rtx_2026-09-22/valutazioni_risposte.json""}"
Confronto,confronto_rtx_2026-09-21,run_007.json,confronto,procedura_e42,legacy,0,8,0.01,15.0,40,R257,A,insufficienti,False,False,False,False,False,False,[],be9b05d7d57a3486fc68c763a8799a73b78d329f2441241787b2ebe8fcb2a704,d2d806d3e3be6053147003409e9730cccef892732123551b595ad52c3efb0df3,"Codex; revisione dell’assistente, non valutatore umano indipendente",Astensione sul caso E42 rispondibile,"{""date"": ""2026-09-22"", ""type"": ""giudizio_conservato_su_testo_identico"", ""source"": ""../valutazione_mac_rtx_2026-09-22/valutazioni_risposte.json""}"
Confronto,confronto_rtx_2026-09-21,run_008.json,confronto,procedura_e42,direct_static,0,8,0.01,30.0,40,R258,C_extra,completo,True,True,False,False,True,True,"[""arrestare"", ""cache"", ""cancellare"", ""ferrosync"", ""locale"", ""riavviare"", ""ricorrere"", ""servizio"", ""tecnico""]",5daa404aa8ede60c87effec35c9c9e1c59c57dea0f46163925e6e4e40974e810,f80c6a6dd5111f379d45d76e4baf4a63538b562287716bb0e647c4799a402c71,"Codex; revisione dell’assistente, non valutatore umano indipendente",Aggiunge reinstallazione e riavvio dispositivo.,"{""date"": ""2026-09-22"", ""type"": ""giudizio_conservato_su_testo_identico"", ""source"": ""../valutazione_mac_rtx_2026-09-22/valutazioni_risposte.json""}"
Confronto,confronto_rtx_2026-09-21,run_009.json,confronto,procedura_e42,direct_static,1,8,0.01,30.0,40,R259,A,insufficienti,False,False,False,False,False,False,[],0939b8babe93a93c21640557200918212c7c09a4edf6037155c05553e2e40259,1b2fcfead5a6cb78ae9a2d992a7678fd5c0b03139244bc16b6c27632e72a57c8,"Codex; revisione dell’assistente, non valutatore umano indipendente",Astensione sul caso E42 rispondibile,"{""date"": ""2026-09-22"", ""type"": ""giudizio_conservato_su_testo_identico"", ""source"": ""../valutazione_mac_rtx_2026-09-22/valutazioni_risposte.json""}"
Confronto,confronto_rtx_2026-09-21,run_010.json,confronto,procedura_e42,direct_refresh,1,8,0.01,30.0,40,R260,C_extra,completo,True,True,False,False,True,True,"[""arrestare"", ""cache"", ""cancellare"", ""ferrosync"", ""locale"", ""riavviare"", ""ricorrere"", ""servizio"", ""tecnico""]",303b1127a2fa5fd968344ee1901a0b37385d81c886df89a36159abfa27dbce0b,ce9329e8ead374c1aed6ac4bf3aedda947d54cc1b3069cc67ef3d06bba407729,"Codex; revisione dell’assistente, non valutatore umano indipendente","Nucleo corretto, dettagli o operazioni non documentati","{""date"": ""2026-09-22"", ""type"": ""giudizio_conservato_su_testo_identico"", ""source"": ""../valutazione_mac_rtx_2026-09-22/valutazioni_risposte.json""}"
Confronto,confronto_rtx_2026-09-21,run_011.json,confronto,procedura_e42,legacy,1,8,0.01,15.0,40,R261,C_generic,completo,True,True,False,True,True,True,"[""arrestare"", ""cache"", ""cancellare"", ""ferrosync"", ""locale"", ""riavviare"", ""ricorrere"", ""servizio"", ""tecnico""]",1ba6236c6f27d3a6d7e542687e690e7862bb6070ea279b6faeea48d07810b89e,459f2af2ae9f2574593b667032168a63caf117d9b90b61e863a3c1e5d431a299,"Codex; revisione dell’assistente, non valutatore umano indipendente","Procedura corretta, consigli generici accessori","{""date"": ""2026-09-22"", ""type"": ""giudizio_conservato_su_testo_identico"", ""source"": ""../valutazione_mac_rtx_2026-09-22/valutazioni_risposte.json""}"
Confronto,confronto_rtx_2026-09-21,run_012.json,confronto,procedura_e42,direct_refresh,1,8,0.01,15.0,31,R262,C_extra,completo,True,True,False,False,True,True,"[""arrestare"", ""cache"", ""cancellare"", ""ferrosync"", ""locale"", ""riavviare"", ""ricorrere"", ""servizio"", ""tecnico""]",73394d82f626b8d15bbaf659395b81c4b7fafc252db213271833bbd3c94f44ca,263c20db351675f3d5dd076ddf2ca75b586f1642fb1f5f51ec88cac3d350c085,"Codex; revisione dell’assistente, non valutatore umano indipendente",Aggiunge possibile ripristino versione precedente.,"{""date"": ""2026-09-22"", ""type"": ""giudizio_conservato_su_testo_identico"", ""source"": ""../valutazione_mac_rtx_2026-09-22/valutazioni_risposte.json""}"
Confronto,confronto_rtx_2026-09-21,run_013.json,confronto,procedura_e42,fixed_20,1,8,0.01,30.0,20,R263,A,insufficienti,False,False,False,False,False,False,[],552a6c8ae70bdcf3b7a5543d9cb764d8c288640e367e1769464e71eb011f93e8,f5e0b462e4fb7828398f570026a6fd4a70b4418e4db0bdb6796c5321ac989475,"Codex; revisione dell’assistente, non valutatore umano indipendente",Astensione sul caso E42 rispondibile,"{""date"": ""2026-09-22"", ""type"": ""giudizio_conservato_su_testo_identico"", ""source"": ""../valutazione_mac_rtx_2026-09-22/valutazioni_risposte.json""}"
Confronto,confronto_rtx_2026-09-21,run_014.json,confronto,procedura_e42,legacy,1,8,0.01,30.0,40,R264,P,completo,False,False,False,False,False,True,"[""arrestare"", ""cache"", ""cancellare"", ""ferrosync"", ""locale"", ""riavviare"", ""ricorrere"", ""servizio"", ""tecnico""]",0477c9a68aa1712cc88f8bb20de01a35b691c9559336bac0fffc53e89d29dcb1,1f11160e5ba7a58d92ebf3f7b91edd3a230a05f352f8f14e40a27976549a48bc,"Codex; revisione dell’assistente, non valutatore umano indipendente","Rimuove il programma, manca riavvio del servizio: procedura alterata.","{""date"": ""2026-09-22"", ""type"": ""giudizio_conservato_su_testo_identico"", ""source"": ""../valutazione_mac_rtx_2026-09-22/valutazioni_risposte.json""}"
Confronto,confronto_rtx_2026-09-21,run_015.json,confronto,procedura_e42,direct_static,1,8,0.01,15.0,31,R265,C_extra,completo,True,True,False,False,True,True,"[""arrestare"", ""cache"", ""cancellare"", ""ferrosync"", ""servizio""]",37a245caf424799074bc9637c723182fc9318ebc9eef87fd15434f7a95301a14,38c6b4bc0fe060ecfa15763334d5fbd3001a3462fe318b5c4fa8bfb66f4c629c,"Codex; revisione dell’assistente, non valutatore umano indipendente","Nucleo corretto, dettagli o operazioni non documentati","{""date"": ""2026-09-22"", ""type"": ""giudizio_conservato_su_testo_identico"", ""source"": ""../valutazione_mac_rtx_2026-09-22/valutazioni_risposte.json""}"
Confronto,confronto_rtx_2026-09-21,run_016.json,confronto,procedura_e42,fixed_20,1,8,0.01,15.0,20,R266,P,completo,False,False,False,False,False,True,"[""arrestare"", ""cache"", ""cancellare"", ""ferrosync"", ""locale"", ""riavviare"", ""ricorrere"", ""servizio"", ""tecnico""]",d5fb9132d3ce5c1b27095a248d3f520ba15068cf1b89aa72d7a37cda196f40fa,6e08371c771efec5737712f508f5f3fc6da8eec7fca070688f1b7e9c68a9dcd9,"Codex; revisione dell’assistente, non valutatore umano indipendente",Ordine errato: arresto del servizio solo dopo cancellazione cache.,"{""date"": ""2026-09-22"", ""type"": ""giudizio_conservato_su_testo_identico"", ""source"": ""../valutazione_mac_rtx_2026-09-22/valutazioni_risposte.json""}"
Confronto,confronto_rtx_2026-09-21,run_017.json,confronto,procedura_e42,fixed_20,2,8,0.01,30.0,20,R267,C_extra,completo,True,True,False,False,True,True,"[""arrestare"", ""cache"", ""cancellare"", ""ferrosync"", ""locale"", ""riavviare"", ""ricorrere"", ""servizio"", ""tecnico""]",f740813be02f3c7d1d51daac5fe09fb66ee9cd8ab1fdbaa7114dff2de35da8d4,f47beee3061ebd6628a074a89f0d9aa1344535554934dbdea5e370c9fa2da9fb,"Codex; revisione dell’assistente, non valutatore umano indipendente","Nucleo corretto, dettagli o operazioni non documentati","{""date"": ""2026-09-22"", ""type"": ""giudizio_conservato_su_testo_identico"", ""source"": ""../valutazione_mac_rtx_2026-09-22/valutazioni_risposte.json""}"
Confronto,confronto_rtx_2026-09-21,run_018.json,confronto,procedura_e42,direct_static,2,8,0.01,15.0,31,R268,A,insufficienti,False,False,False,False,False,False,[],a5d08fb5e48c20c203c53d48beeda6808e7c646e3da81873e2a5b4cd9e8c122a,a8c5b1bab41108a38f254cf327a1222101868ae1391deef241008f9b57162a08,"Codex; revisione dell’assistente, non valutatore umano indipendente",Astensione sul caso E42 rispondibile,"{""date"": ""2026-09-22"", ""type"": ""giudizio_conservato_su_testo_identico"", ""source"": ""../valutazione_mac_rtx_2026-09-22/valutazioni_risposte.json""}"
Confronto,confronto_rtx_2026-09-21,run_019.json,confronto,procedura_e42,fixed_20,2,8,0.01,15.0,20,R269,A,insufficienti,False,False,False,False,False,False,[],76c0024aff11c8414c6ec532d19d4346ef56e4b7466d31f81eb9d004b1f67850,9d2bad619ce8532471a0b77fbccdc26679d2da73dcd9922b3e70f394fa295bae,"Codex; revisione dell’assistente, non valutatore umano indipendente",Astensione sul caso E42 rispondibile,"{""date"": ""2026-09-22"", ""type"": ""giudizio_conservato_su_testo_identico"", ""source"": ""../valutazione_mac_rtx_2026-09-22/valutazioni_risposte.json""}"
Confronto,confronto_rtx_2026-09-21,run_020.json,confronto,procedura_e42,legacy,2,8,0.01,30.0,40,R270,C,completo,True,True,True,True,True,True,"[""arrestare"", ""cache"", ""cancellare"", ""ferrosync"", ""riavviare"", ""servizio""]",16d5030b9b1a96fa357d151493cac83c48bd89949a3d6830cf6331c44f720513,8fc724d328df6a73099a7cb46ef0fb7e1a7004b296a408b933bb6c2bdaa6690d,"Codex; revisione dell’assistente, non valutatore umano indipendente","Procedura corretta, senza aggiunte","{""date"": ""2026-09-22"", ""type"": ""giudizio_conservato_su_testo_identico"", ""source"": ""../valutazione_mac_rtx_2026-09-22/valutazioni_risposte.json""}"
Confronto,confronto_rtx_2026-09-21,run_021.json,confronto,procedura_e42,direct_static,2,8,0.01,30.0,40,R271,P,completo,False,False,False,False,False,True,"[""arrestare"", ""cache"", ""cancellare"", ""ferrosync"", ""locale"", ""riavviare"", ""ricorrere"", ""servizio"", ""tecnico""]",41b98af29296b639e474baba2b05b4907941fdd7b72d619f3f31baaa6761b37e,ae16e86bf4ccf46b67c829c8d799494515cb130ebc85a901fc8e41f0c7489f01,"Codex; revisione dell’assistente, non valutatore umano indipendente","Riavvio prima della pulizia, manca riavvio dopo; aggiunge cancellazione configurazione/reinstallazione.","{""date"": ""2026-09-22"", ""type"": ""giudizio_conservato_su_testo_identico"", ""source"": ""../valutazione_mac_rtx_2026-09-22/valutazioni_risposte.json""}"
Confronto,confronto_rtx_2026-09-21,run_022.json,confronto,procedura_e42,legacy,2,8,0.01,15.0,40,R272,C_extra,completo,True,True,False,False,True,True,"[""arrestare"", ""cache"", ""cancellare"", ""ferrosync"", ""servizio""]",90fa556ed87df416740f765a881c83a7393bf3bf46fc7673c2f8e0ad4609c97f,124aa7458c3d7df182a83ac7e09ffeaff170fe151765b9d8c06803ac451896fc,"Codex; revisione dell’assistente, non valutatore umano indipendente","Nucleo corretto, dettagli o operazioni non documentati","{""date"": ""2026-09-22"", ""type"": ""giudizio_conservato_su_testo_identico"", ""source"": ""../valutazione_mac_rtx_2026-09-22/valutazioni_risposte.json""}"
Confronto,confronto_rtx_2026-09-21,run_023.json,confronto,procedura_e42,direct_refresh,2,8,0.01,30.0,40,R273,C_generic,completo,True,True,False,True,True,True,"[""arrestare"", ""cache"", ""cancellare"", ""ferrosync"", ""locale"", ""riavviare"", ""ricorrere"", ""servizio"", ""tecnico""]",1000589ff06a7b5300efe61eefa3d3df4aee6207fa82b3f6caab02b3e2fa09e1,7919b6dc5e4f10c6afc23fef41a651fd91df7b452271e43ce10067c422b63f87,"Codex; revisione dell’assistente, non valutatore umano indipendente","Procedura corretta, consigli generici accessori","{""date"": ""2026-09-22"", ""type"": ""giudizio_conservato_su_testo_identico"", ""source"": ""../valutazione_mac_rtx_2026-09-22/valutazioni_risposte.json""}"
Confronto,confronto_rtx_2026-09-21,run_024.json,confronto,procedura_e42,direct_refresh,2,8,0.01,15.0,29,R274,C_generic,completo,True,True,False,True,True,True,"[""arrestare"", ""cache"", ""cancellare"", ""ferrosync"", ""locale"", ""riavviare"", ""ricorrere"", ""servizio"", ""tecnico""]",2a0b24871473ab45091f53424657803371a7bbb5594cfa31989e9653188880d7,43532e6d82422f08b9ab61f2b8b39d93a2c61430240a5f6002c0815f01bec6c9,"Codex; revisione dell’assistente, non valutatore umano indipendente","Procedura corretta, consigli generici accessori","{""date"": ""2026-09-22"", ""type"": ""giudizio_conservato_su_testo_identico"", ""source"": ""../valutazione_mac_rtx_2026-09-22/valutazioni_risposte.json""}"
Confronto,confronto_rtx_2026-09-21,run_025.json,confronto,procedura_e42,direct_refresh,3,8,0.01,30.0,40,R275,C_extra,completo,True,True,False,False,True,True,"[""arrestare"", ""cache"", ""cancellare"", ""ferrosync"", ""locale"", ""riavviare"", ""ricorrere"", ""servizio"", ""tecnico""]",ac593816940580eb12dbf204b77ee89e9fceab308d656cd4ccc1510c2321a6d9,7d118e58142d644d33d71d17a06c97decf768acd5996b69fac83424e5dfa996f,"Codex; revisione dell’assistente, non valutatore umano indipendente","Nucleo corretto, dettagli o operazioni non documentati","{""date"": ""2026-09-22"", ""type"": ""giudizio_conservato_su_testo_identico"", ""source"": ""../valutazione_mac_rtx_2026-09-22/valutazioni_risposte.json""}"
Confronto,confronto_rtx_2026-09-21,run_026.json,confronto,procedura_e42,direct_refresh,3,8,0.01,15.0,29,R276,A,insufficienti,False,False,False,False,False,False,[],1c1d1c6da9c3cb857ab0451e599f1c828f7d6aac2ada3daf1e057d3625f1311e,5f95b76be3d4f147a5f52268eba27e850b1d0e49714fdf98d92cb552d6c2494f,"Codex; revisione dell’assistente, non valutatore umano indipendente",Astensione sul caso E42 rispondibile,"{""date"": ""2026-09-22"", ""type"": ""giudizio_conservato_su_testo_identico"", ""source"": ""../valutazione_mac_rtx_2026-09-22/valutazioni_risposte.json""}"
Confronto,confronto_rtx_2026-09-21,run_027.json,confronto,procedura_e42,legacy,3,8,0.01,15.0,40,R277,C,completo,True,True,True,True,True,True,"[""arrestare"", ""cache"", ""cancellare"", ""ferrosync"", ""servizio""]",134acba4165f4f57d7c5594868bd7211c79e7cb737af9e8d7346aa72ef394899,ff47fed3c12e2b0c24cfabbc2ee2df2bea05df5bc197ad26acc66549c324afbd,"Codex; revisione dell’assistente, non valutatore umano indipendente","Procedura corretta, senza aggiunte","{""date"": ""2026-09-22"", ""type"": ""giudizio_conservato_su_testo_identico"", ""source"": ""../valutazione_mac_rtx_2026-09-22/valutazioni_risposte.json""}"
Confronto,confronto_rtx_2026-09-21,run_028.json,confronto,procedura_e42,legacy,3,8,0.01,30.0,40,R278,P,completo,False,False,False,False,False,True,"[""arrestare"", ""cache"", ""cancellare"", ""ferrosync"", ""locale"", ""riavviare"", ""ricorrere"", ""servizio"", ""tecnico""]",45c8cf0db2244cb1999319964c0af2add0ee4ed5f186ff51ef4bc70f4833ce7e,dfd0d627049f4d6fdf8e9981ba3c888c06f9d42f8eeeddc153ae4d0076f181db,"Codex; revisione dell’assistente, non valutatore umano indipendente","Cache cancellata dopo riavvio, arresto solo alla fine.","{""date"": ""2026-09-22"", ""type"": ""giudizio_conservato_su_testo_identico"", ""source"": ""../valutazione_mac_rtx_2026-09-22/valutazioni_risposte.json""}"
Confronto,confronto_rtx_2026-09-21,run_029.json,confronto,procedura_e42,direct_static,3,8,0.01,30.0,40,R279,C_extra,completo,True,True,False,False,True,True,"[""arrestare"", ""cache"", ""cancellare"", ""ferrosync"", ""locale"", ""riavviare"", ""ricorrere"", ""servizio"", ""tecnico""]",5ce2d2cd3db19132396f3efc84865bc5f58861bca9da5745deeabda0c33c03e0,bd6370a5bb5491815d3352a07bdac921eaa37dc280f4aded1788cd1515d063bb,"Codex; revisione dell’assistente, non valutatore umano indipendente","Nucleo corretto, dettagli o operazioni non documentati","{""date"": ""2026-09-22"", ""type"": ""giudizio_conservato_su_testo_identico"", ""source"": ""../valutazione_mac_rtx_2026-09-22/valutazioni_risposte.json""}"
Confronto,confronto_rtx_2026-09-21,run_030.json,confronto,procedura_e42,direct_static,3,8,0.01,15.0,31,R280,C_extra,completo,True,True,False,False,True,True,"[""arrestare"", ""cache"", ""cancellare"", ""ferrosync"", ""locale"", ""riavviare"", ""ricorrere"", ""servizio"", ""tecnico""]",a84024379fb28f841d07300ad22fac45ea3948f27df40e0ee315fe3fee30455e,e8a90f6e127b27c7affdfbd3e295b6ffcc7d95e219643d2b6362b9bddcb89e06,"Codex; revisione dell’assistente, non valutatore umano indipendente","Nucleo corretto, dettagli o operazioni non documentati","{""date"": ""2026-09-22"", ""type"": ""giudizio_conservato_su_testo_identico"", ""source"": ""../valutazione_mac_rtx_2026-09-22/valutazioni_risposte.json""}"
Confronto,confronto_rtx_2026-09-21,run_031.json,confronto,procedura_e42,fixed_20,3,8,0.01,30.0,20,R281,A,insufficienti,False,False,False,False,False,False,[],8f7fd301a8e4a4d4fa41b474d65bfc0b5dabe8c955c02ae5d30078d1c9dca30e,78f8c255416e287028d1db03e3d0873f2a2aabe60e2140c00381f98b260e719e,"Codex; revisione dell’assistente, non valutatore umano indipendente",Astensione sul caso E42 rispondibile,"{""date"": ""2026-09-22"", ""type"": ""giudizio_conservato_su_testo_identico"", ""source"": ""../valutazione_mac_rtx_2026-09-22/valutazioni_risposte.json""}"
Confronto,confronto_rtx_2026-09-21,run_032.json,confronto,procedura_e42,fixed_20,3,8,0.01,15.0,20,R282,G,insufficienti,False,False,False,False,False,False,[],0b22217cc0e1e3e90948b8c5cb0676ecdb2e975413717141a8b06503787bf19c,f4b349e108b8b50c151cf3d811fdb8c4dfd7974a22e48d17b420e398528edc79,"Codex; revisione dell’assistente, non valutatore umano indipendente",Astensione con operazioni speculative,"{""date"": ""2026-09-22"", ""type"": ""giudizio_conservato_su_testo_identico"", ""source"": ""../valutazione_mac_rtx_2026-09-22/valutazioni_risposte.json""}"
Confronto,confronto_rtx_2026-09-21,run_033.json,confronto,procedura_e42,fixed_20,4,8,0.01,30.0,20,R283,A,insufficienti,False,False,False,False,False,False,[],079177cd5e1f071acf671332a9afb711daef39468c01b2fe4e39c590419a6a82,d726e8ecb245b81bf54017435e373411bd8fbe8ca7ff865d3699b93988964cf4,"Codex; revisione dell’assistente, non valutatore umano indipendente",Astensione sul caso E42 rispondibile,"{""date"": ""2026-09-22"", ""type"": ""giudizio_conservato_su_testo_identico"", ""source"": ""../valutazione_mac_rtx_2026-09-22/valutazioni_risposte.json""}"
Confronto,confronto_rtx_2026-09-21,run_034.json,confronto,procedura_e42,direct_refresh,4,8,0.01,30.0,40,R284,C_generic,completo,True,True,False,True,True,True,"[""arrestare"", ""cache"", ""cancellare"", ""ferrosync"", ""locale"", ""riavviare"", ""ricorrere"", ""servizio"", ""tecnico""]",51794bf0dbba66d744f52222d3abb78335743394c1c3ea68a543d60519ab0529,fa45e9f03067bb2ae9a2c293cbc68938c9b4d5cb60362cfc2f8f6bbf76e2a030,"Codex; revisione dell’assistente, non valutatore umano indipendente","Procedura corretta, consigli generici accessori","{""date"": ""2026-09-22"", ""type"": ""giudizio_conservato_su_testo_identico"", ""source"": ""../valutazione_mac_rtx_2026-09-22/valutazioni_risposte.json""}"
Confronto,confronto_rtx_2026-09-21,run_035.json,confronto,procedura_e42,fixed_20,4,8,0.01,15.0,20,R285,A,insufficienti,False,False,False,False,False,False,[],66f445e45adb3809a175217b43ee280cda420871546247bc4b38cc76dfd8d246,add82d046efaaa5c022e837c5feb4288a0aad833ec97b42e1a78b84b0f94cbed,"Codex; revisione dell’assistente, non valutatore umano indipendente",Astensione sul caso E42 rispondibile,"{""date"": ""2026-09-22"", ""type"": ""giudizio_conservato_su_testo_identico"", ""source"": ""../valutazione_mac_rtx_2026-09-22/valutazioni_risposte.json""}"
Confronto,confronto_rtx_2026-09-21,run_036.json,confronto,procedura_e42,direct_static,4,8,0.01,30.0,40,R286,C,completo,True,True,True,True,True,True,"[""arrestare"", ""cache"", ""cancellare"", ""ferrosync"", ""servizio""]",2584768d46eba1bcac54c6276a58c9e5f6ae958643864681561770375d36c6af,13072f81b0f68c510a11c38bac93e85d31abcbb448a1a48ea76c54883047a5ae,"Codex; revisione dell’assistente, non valutatore umano indipendente","Procedura corretta, senza aggiunte","{""date"": ""2026-09-22"", ""type"": ""giudizio_conservato_su_testo_identico"", ""source"": ""../valutazione_mac_rtx_2026-09-22/valutazioni_risposte.json""}"
Confronto,confronto_rtx_2026-09-21,run_037.json,confronto,procedura_e42,direct_refresh,4,8,0.01,15.0,29,R287,A,insufficienti,False,False,False,False,False,False,[],3b99224116a10eac54c9dd6db861ddc461fb37ae9616a00db6152a507d02f981,c32c2f2aa9449fe1ae0b33b17911f80edb64b46d3ed78468c4527dd912df47d1,"Codex; revisione dell’assistente, non valutatore umano indipendente",Astensione sul caso E42 rispondibile,"{""date"": ""2026-09-22"", ""type"": ""giudizio_conservato_su_testo_identico"", ""source"": ""../valutazione_mac_rtx_2026-09-22/valutazioni_risposte.json""}"
Confronto,confronto_rtx_2026-09-21,run_038.json,confronto,procedura_e42,legacy,4,8,0.01,30.0,40,R288,C_extra,completo,True,True,False,False,True,True,"[""arrestare"", ""cache"", ""cancellare"", ""ferrosync"", ""servizio""]",9234e78a2a7089409f81e2ca916ce5f65d20ddcb6b13b23c057f91f0b3cc3c92,9ab88f983d7b04acee45d67c71c30b77008f352d7be7c8d30508de74899ad1f1,"Codex; revisione dell’assistente, non valutatore umano indipendente","Nucleo corretto, dettagli o operazioni non documentati","{""date"": ""2026-09-22"", ""type"": ""giudizio_conservato_su_testo_identico"", ""source"": ""../valutazione_mac_rtx_2026-09-22/valutazioni_risposte.json""}"
Confronto,confronto_rtx_2026-09-21,run_039.json,confronto,procedura_e42,direct_static,4,8,0.01,15.0,31,R289,A,insufficienti,False,False,False,False,False,False,[],77dfd2fd8a9c31c2c7d559864fc5c1e653a4a715e3f20115fa8ef00607797b8b,9da3232cfa2f13a13c4024ee9108532076ed5bd3511ad119fbb4e5fc08679bfb,"Codex; revisione dell’assistente, non valutatore umano indipendente",Astensione sul caso E42 rispondibile,"{""date"": ""2026-09-22"", ""type"": ""giudizio_conservato_su_testo_identico"", ""source"": ""../valutazione_mac_rtx_2026-09-22/valutazioni_risposte.json""}"
Confronto,confronto_rtx_2026-09-21,run_040.json,confronto,procedura_e42,legacy,4,8,0.01,15.0,40,R290,G,completo,False,False,False,False,False,True,"[""servizio""]",f03c7a8fd29529caa3c267749c071df6efec302bc5272cf67695fe27848258c6,3d2ecb4b3866f1733f1ba40d0f3a29bac017060c59b982e1adf34cff69381019,"Codex; revisione dell’assistente, non valutatore umano indipendente",Si astiene ma consiglia riavvio; la label grezza completo corrisponde al solo rilascio di servizio.,"{""date"": ""2026-09-22"", ""type"": ""giudizio_conservato_su_testo_identico"", ""source"": ""../valutazione_mac_rtx_2026-09-22/valutazioni_risposte.json""}"
